timestamp,semana,dia,hora,generador,tecnologia,p_max_mw
2026-01-06 00:00,1,0,0,G01,hidro,55.36
2026-01-06 00:00,1,0,0,G02,hidro,60.074
2026-01-06 00:00,1,0,0,G03,hidro,141.939
2026-01-06 00:00,1,0,0,G04,hidro,150.897
2026-01-06 00:00,1,0,0,G05,hidro,142.062
2026-01-06 00:00,1,0,0,G06,termo,107.823
2026-01-06 00:00,1,0,0,G07,termo,102.454
2026-01-06 00:00,1,0,0,G08,solar,0.0
2026-01-06 00:00,1,0,0,G09,solar,0.0
2026-01-06 00:00,1,0,0,G10,eolica,63.137
2026-01-06 01:00,1,0,1,G01,hidro,53.25
2026-01-06 01:00,1,0,1,G02,hidro,53.045
2026-01-06 01:00,1,0,1,G03,hidro,132.345
2026-01-06 01:00,1,0,1,G04,hidro,148.232
2026-01-06 01:00,1,0,1,G05,hidro,175.97
2026-01-06 01:00,1,0,1,G06,termo,99.309
2026-01-06 01:00,1,0,1,G07,termo,103.038
2026-01-06 01:00,1,0,1,G08,solar,0.0
2026-01-06 01:00,1,0,1,G09,solar,0.0
2026-01-06 01:00,1,0,1,G10,eolica,66.539
2026-01-06 02:00,1,0,2,G01,hidro,51.452
2026-01-06 02:00,1,0,2,G02,hidro,56.225
2026-01-06 02:00,1,0,2,G03,hidro,133.555
2026-01-06 02:00,1,0,2,G04,hidro,181.614
2026-01-06 02:00,1,0,2,G05,hidro,163.693
2026-01-06 02:00,1,0,2,G06,termo,109.061
2026-01-06 02:00,1,0,2,G07,termo,108.121
2026-01-06 02:00,1,0,2,G08,solar,0.0
2026-01-06 02:00,1,0,2,G09,solar,0.0
2026-01-06 02:00,1,0,2,G10,eolica,70.381
2026-01-06 03:00,1,0,3,G01,hidro,52.591
2026-01-06 03:00,1,0,3,G02,hidro,60.537
2026-01-06 03:00,1,0,3,G03,hidro,140.432
2026-01-06 03:00,1,0,3,G04,hidro,162.781
2026-01-06 03:00,1,0,3,G05,hidro,158.228
2026-01-06 03:00,1,0,3,G06,termo,89.69
2026-01-06 03:00,1,0,3,G07,termo,92.174
2026-01-06 03:00,1,0,3,G08,solar,0.0
2026-01-06 03:00,1,0,3,G09,solar,0.0
2026-01-06 03:00,1,0,3,G10,eolica,76.563
2026-01-06 04:00,1,0,4,G01,hidro,56.37
2026-01-06 04:00,1,0,4,G02,hidro,55.207
2026-01-06 04:00,1,0,4,G03,hidro,131.738
2026-01-06 04:00,1,0,4,G04,hidro,172.783
2026-01-06 04:00,1,0,4,G05,hidro,149.91
2026-01-06 04:00,1,0,4,G06,termo,98.947
2026-01-06 04:00,1,0,4,G07,termo,105.68
2026-01-06 04:00,1,0,4,G08,solar,0.0
2026-01-06 04:00,1,0,4,G09,solar,0.0
2026-01-06 04:00,1,0,4,G10,eolica,75.591
2026-01-06 05:00,1,0,5,G01,hidro,53.218
2026-01-06 05:00,1,0,5,G02,hidro,60.246
2026-01-06 05:00,1,0,5,G03,hidro,119.051
2026-01-06 05:00,1,0,5,G04,hidro,155.515
2026-01-06 05:00,1,0,5,G05,hidro,153.522
2026-01-06 05:00,1,0,5,G06,termo,103.117
2026-01-06 05:00,1,0,5,G07,termo,99.501
2026-01-06 05:00,1,0,5,G08,solar,0.0
2026-01-06 05:00,1,0,5,G09,solar,0.0
2026-01-06 05:00,1,0,5,G10,eolica,89.714
2026-01-06 06:00,1,0,6,G01,hidro,64.669
2026-01-06 06:00,1,0,6,G02,hidro,63.039
2026-01-06 06:00,1,0,6,G03,hidro,112.167
2026-01-06 06:00,1,0,6,G04,hidro,170.694
2026-01-06 06:00,1,0,6,G05,hidro,165.585
2026-01-06 06:00,1,0,6,G06,termo,87.1
2026-01-06 06:00,1,0,6,G07,termo,88.148
2026-01-06 06:00,1,0,6,G08,solar,0.0
2026-01-06 06:00,1,0,6,G09,solar,0.0
2026-01-06 06:00,1,0,6,G10,eolica,87.921
2026-01-06 07:00,1,0,7,G01,hidro,90.456
2026-01-06 07:00,1,0,7,G02,hidro,83.276
2026-01-06 07:00,1,0,7,G03,hidro,190.601
2026-01-06 07:00,1,0,7,G04,hidro,279.198
2026-01-06 07:00,1,0,7,G05,hidro,233.404
2026-01-06 07:00,1,0,7,G06,termo,163.994
2026-01-06 07:00,1,0,7,G07,termo,164.321
2026-01-06 07:00,1,0,7,G08,solar,43.785
2026-01-06 07:00,1,0,7,G09,solar,40.098
2026-01-06 07:00,1,0,7,G10,eolica,84.82
2026-01-06 08:00,1,0,8,G01,hidro,97.417
2026-01-06 08:00,1,0,8,G02,hidro,90.519
2026-01-06 08:00,1,0,8,G03,hidro,228.154
2026-01-06 08:00,1,0,8,G04,hidro,231.984
2026-01-06 08:00,1,0,8,G05,hidro,253.994
2026-01-06 08:00,1,0,8,G06,termo,157.638
2026-01-06 08:00,1,0,8,G07,termo,157.757
2026-01-06 08:00,1,0,8,G08,solar,39.417
2026-01-06 08:00,1,0,8,G09,solar,44.314
2026-01-06 08:00,1,0,8,G10,eolica,84.432
2026-01-06 09:00,1,0,9,G01,hidro,90.123
2026-01-06 09:00,1,0,9,G02,hidro,92.305
2026-01-06 09:00,1,0,9,G03,hidro,218.809
2026-01-06 09:00,1,0,9,G04,hidro,267.234
2026-01-06 09:00,1,0,9,G05,hidro,284.856
2026-01-06 09:00,1,0,9,G06,termo,161.428
2026-01-06 09:00,1,0,9,G07,termo,169.546
2026-01-06 09:00,1,0,9,G08,solar,119.225
2026-01-06 09:00,1,0,9,G09,solar,127.317
2026-01-06 09:00,1,0,9,G10,eolica,74.594
2026-01-06 10:00,1,0,10,G01,hidro,86.659
2026-01-06 10:00,1,0,10,G02,hidro,82.146
2026-01-06 10:00,1,0,10,G03,hidro,215.362
2026-01-06 10:00,1,0,10,G04,hidro,252.298
2026-01-06 10:00,1,0,10,G05,hidro,266.393
2026-01-06 10:00,1,0,10,G06,termo,173.589
2026-01-06 10:00,1,0,10,G07,termo,149.223
2026-01-06 10:00,1,0,10,G08,solar,125.046
2026-01-06 10:00,1,0,10,G09,solar,121.991
2026-01-06 10:00,1,0,10,G10,eolica,66.538
2026-01-06 11:00,1,0,11,G01,hidro,91.102
2026-01-06 11:00,1,0,11,G02,hidro,103.723
2026-01-06 11:00,1,0,11,G03,hidro,229.686
2026-01-06 11:00,1,0,11,G04,hidro,281.196
2026-01-06 11:00,1,0,11,G05,hidro,229.811
2026-01-06 11:00,1,0,11,G06,termo,147.267
2026-01-06 11:00,1,0,11,G07,termo,148.891
2026-01-06 11:00,1,0,11,G08,solar,112.501
2026-01-06 11:00,1,0,11,G09,solar,119.245
2026-01-06 11:00,1,0,11,G10,eolica,67.035
2026-01-06 12:00,1,0,12,G01,hidro,89.591
2026-01-06 12:00,1,0,12,G02,hidro,102.116
2026-01-06 12:00,1,0,12,G03,hidro,205.063
2026-01-06 12:00,1,0,12,G04,hidro,230.712
2026-01-06 12:00,1,0,12,G05,hidro,278.627
2026-01-06 12:00,1,0,12,G06,termo,142.831
2026-01-06 12:00,1,0,12,G07,termo,165.69
2026-01-06 12:00,1,0,12,G08,solar,133.472
2026-01-06 12:00,1,0,12,G09,solar,149.897
2026-01-06 12:00,1,0,12,G10,eolica,63.482
2026-01-06 13:00,1,0,13,G01,hidro,94.87
2026-01-06 13:00,1,0,13,G02,hidro,90.823
2026-01-06 13:00,1,0,13,G03,hidro,183.804
2026-01-06 13:00,1,0,13,G04,hidro,250.215
2026-01-06 13:00,1,0,13,G05,hidro,289.04
2026-01-06 13:00,1,0,13,G06,termo,169.817
2026-01-06 13:00,1,0,13,G07,termo,154.101
2026-01-06 13:00,1,0,13,G08,solar,146.737
2026-01-06 13:00,1,0,13,G09,solar,143.214
2026-01-06 13:00,1,0,13,G10,eolica,54.979
2026-01-06 14:00,1,0,14,G01,hidro,86.038
2026-01-06 14:00,1,0,14,G02,hidro,82.429
2026-01-06 14:00,1,0,14,G03,hidro,228.114
2026-01-06 14:00,1,0,14,G04,hidro,229.506
2026-01-06 14:00,1,0,14,G05,hidro,233.192
2026-01-06 14:00,1,0,14,G06,termo,170.437
2026-01-06 14:00,1,0,14,G07,termo,171.524
2026-01-06 14:00,1,0,14,G08,solar,144.723
2026-01-06 14:00,1,0,14,G09,solar,127.689
2026-01-06 14:00,1,0,14,G10,eolica,41.116
2026-01-06 15:00,1,0,15,G01,hidro,96.932
2026-01-06 15:00,1,0,15,G02,hidro,102.475
2026-01-06 15:00,1,0,15,G03,hidro,228.186
2026-01-06 15:00,1,0,15,G04,hidro,288.571
2026-01-06 15:00,1,0,15,G05,hidro,244.411
2026-01-06 15:00,1,0,15,G06,termo,176.539
2026-01-06 15:00,1,0,15,G07,termo,155.316
2026-01-06 15:00,1,0,15,G08,solar,133.152
2026-01-06 15:00,1,0,15,G09,solar,147.664
2026-01-06 15:00,1,0,15,G10,eolica,43.475
2026-01-06 16:00,1,0,16,G01,hidro,87.792
2026-01-06 16:00,1,0,16,G02,hidro,89.863
2026-01-06 16:00,1,0,16,G03,hidro,200.765
2026-01-06 16:00,1,0,16,G04,hidro,286.473
2026-01-06 16:00,1,0,16,G05,hidro,251.836
2026-01-06 16:00,1,0,16,G06,termo,170.02
2026-01-06 16:00,1,0,16,G07,termo,150.989
2026-01-06 16:00,1,0,16,G08,solar,70.343
2026-01-06 16:00,1,0,16,G09,solar,71.775
2026-01-06 16:00,1,0,16,G10,eolica,34.74
2026-01-06 17:00,1,0,17,G01,hidro,83.942
2026-01-06 17:00,1,0,17,G02,hidro,101.078
2026-01-06 17:00,1,0,17,G03,hidro,186.443
2026-01-06 17:00,1,0,17,G04,hidro,283.421
2026-01-06 17:00,1,0,17,G05,hidro,249.804
2026-01-06 17:00,1,0,17,G06,termo,164.879
2026-01-06 17:00,1,0,17,G07,termo,177.025
2026-01-06 17:00,1,0,17,G08,solar,78.826
2026-01-06 17:00,1,0,17,G09,solar,72.578
2026-01-06 17:00,1,0,17,G10,eolica,30.142
2026-01-06 18:00,1,0,18,G01,hidro,88.477
2026-01-06 18:00,1,0,18,G02,hidro,88.097
2026-01-06 18:00,1,0,18,G03,hidro,230.086
2026-01-06 18:00,1,0,18,G04,hidro,266.871
2026-01-06 18:00,1,0,18,G05,hidro,265.465
2026-01-06 18:00,1,0,18,G06,termo,156.224
2026-01-06 18:00,1,0,18,G07,termo,155.355
2026-01-06 18:00,1,0,18,G08,solar,13.775
2026-01-06 18:00,1,0,18,G09,solar,13.007
2026-01-06 18:00,1,0,18,G10,eolica,30.066
2026-01-06 19:00,1,0,19,G01,hidro,90.826
2026-01-06 19:00,1,0,19,G02,hidro,86.11
2026-01-06 19:00,1,0,19,G03,hidro,197.64
2026-01-06 19:00,1,0,19,G04,hidro,257.493
2026-01-06 19:00,1,0,19,G05,hidro,229.838
2026-01-06 19:00,1,0,19,G06,termo,142.211
2026-01-06 19:00,1,0,19,G07,termo,129.927
2026-01-06 19:00,1,0,19,G08,solar,13.727
2026-01-06 19:00,1,0,19,G09,solar,13.333
2026-01-06 19:00,1,0,19,G10,eolica,36.089
2026-01-06 20:00,1,0,20,G01,hidro,85.01
2026-01-06 20:00,1,0,20,G02,hidro,79.667
2026-01-06 20:00,1,0,20,G03,hidro,182.72
2026-01-06 20:00,1,0,20,G04,hidro,230.929
2026-01-06 20:00,1,0,20,G05,hidro,242.002
2026-01-06 20:00,1,0,20,G06,termo,139.679
2026-01-06 20:00,1,0,20,G07,termo,158.316
2026-01-06 20:00,1,0,20,G08,solar,0.0
2026-01-06 20:00,1,0,20,G09,solar,0.0
2026-01-06 20:00,1,0,20,G10,eolica,36.89
2026-01-06 21:00,1,0,21,G01,hidro,86.097
2026-01-06 21:00,1,0,21,G02,hidro,91.432
2026-01-06 21:00,1,0,21,G03,hidro,199.626
2026-01-06 21:00,1,0,21,G04,hidro,232.562
2026-01-06 21:00,1,0,21,G05,hidro,222.435
2026-01-06 21:00,1,0,21,G06,termo,141.448
2026-01-06 21:00,1,0,21,G07,termo,144.159
2026-01-06 21:00,1,0,21,G08,solar,0.0
2026-01-06 21:00,1,0,21,G09,solar,0.0
2026-01-06 21:00,1,0,21,G10,eolica,37.264
2026-01-06 22:00,1,0,22,G01,hidro,93.878
2026-01-06 22:00,1,0,22,G02,hidro,79.39
2026-01-06 22:00,1,0,22,G03,hidro,166.259
2026-01-06 22:00,1,0,22,G04,hidro,208.76
2026-01-06 22:00,1,0,22,G05,hidro,218.021
2026-01-06 22:00,1,0,22,G06,termo,152.28
2026-01-06 22:00,1,0,22,G07,termo,145.917
2026-01-06 22:00,1,0,22,G08,solar,0.0
2026-01-06 22:00,1,0,22,G09,solar,0.0
2026-01-06 22:00,1,0,22,G10,eolica,43.562
2026-01-06 23:00,1,0,23,G01,hidro,66.37
2026-01-06 23:00,1,0,23,G02,hidro,55.179
2026-01-06 23:00,1,0,23,G03,hidro,126.475
2026-01-06 23:00,1,0,23,G04,hidro,186.419
2026-01-06 23:00,1,0,23,G05,hidro,159.936
2026-01-06 23:00,1,0,23,G06,termo,95.359
2026-01-06 23:00,1,0,23,G07,termo,117.527
2026-01-06 23:00,1,0,23,G08,solar,0.0
2026-01-06 23:00,1,0,23,G09,solar,0.0
2026-01-06 23:00,1,0,23,G10,eolica,50.122
2026-01-07 00:00,1,1,0,G01,hidro,55.788
2026-01-07 00:00,1,1,0,G02,hidro,57.21
2026-01-07 00:00,1,1,0,G03,hidro,114.856
2026-01-07 00:00,1,1,0,G04,hidro,149.016
2026-01-07 00:00,1,1,0,G05,hidro,149.926
2026-01-07 00:00,1,1,0,G06,termo,104.415
2026-01-07 00:00,1,1,0,G07,termo,109.123
2026-01-07 00:00,1,1,0,G08,solar,0.0
2026-01-07 00:00,1,1,0,G09,solar,0.0
2026-01-07 00:00,1,1,0,G10,eolica,61.908
2026-01-07 01:00,1,1,1,G01,hidro,64.616
2026-01-07 01:00,1,1,1,G02,hidro,55.584
2026-01-07 01:00,1,1,1,G03,hidro,135.334
2026-01-07 01:00,1,1,1,G04,hidro,151.455
2026-01-07 01:00,1,1,1,G05,hidro,154.657
2026-01-07 01:00,1,1,1,G06,termo,104.683
2026-01-07 01:00,1,1,1,G07,termo,90.939
2026-01-07 01:00,1,1,1,G08,solar,0.0
2026-01-07 01:00,1,1,1,G09,solar,0.0
2026-01-07 01:00,1,1,1,G10,eolica,67.412
2026-01-07 02:00,1,1,2,G01,hidro,62.378
2026-01-07 02:00,1,1,2,G02,hidro,64.954
2026-01-07 02:00,1,1,2,G03,hidro,131.583
2026-01-07 02:00,1,1,2,G04,hidro,178.483
2026-01-07 02:00,1,1,2,G05,hidro,146.67
2026-01-07 02:00,1,1,2,G06,termo,107.878
2026-01-07 02:00,1,1,2,G07,termo,86.425
2026-01-07 02:00,1,1,2,G08,solar,0.0
2026-01-07 02:00,1,1,2,G09,solar,0.0
2026-01-07 02:00,1,1,2,G10,eolica,74.943
2026-01-07 03:00,1,1,3,G01,hidro,57.977
2026-01-07 03:00,1,1,3,G02,hidro,55.447
2026-01-07 03:00,1,1,3,G03,hidro,115.008
2026-01-07 03:00,1,1,3,G04,hidro,176.199
2026-01-07 03:00,1,1,3,G05,hidro,157.106
2026-01-07 03:00,1,1,3,G06,termo,95.856
2026-01-07 03:00,1,1,3,G07,termo,92.041
2026-01-07 03:00,1,1,3,G08,solar,0.0
2026-01-07 03:00,1,1,3,G09,solar,0.0
2026-01-07 03:00,1,1,3,G10,eolica,77.088
2026-01-07 04:00,1,1,4,G01,hidro,62.727
2026-01-07 04:00,1,1,4,G02,hidro,57.753
2026-01-07 04:00,1,1,4,G03,hidro,139.841
2026-01-07 04:00,1,1,4,G04,hidro,175.942
2026-01-07 04:00,1,1,4,G05,hidro,173.767
2026-01-07 04:00,1,1,4,G06,termo,95.681
2026-01-07 04:00,1,1,4,G07,termo,87.467
2026-01-07 04:00,1,1,4,G08,solar,0.0
2026-01-07 04:00,1,1,4,G09,solar,0.0
2026-01-07 04:00,1,1,4,G10,eolica,82.678
2026-01-07 05:00,1,1,5,G01,hidro,53.51
2026-01-07 05:00,1,1,5,G02,hidro,60.158
2026-01-07 05:00,1,1,5,G03,hidro,135.522
2026-01-07 05:00,1,1,5,G04,hidro,164.276
2026-01-07 05:00,1,1,5,G05,hidro,150.792
2026-01-07 05:00,1,1,5,G06,termo,92.581
2026-01-07 05:00,1,1,5,G07,termo,96.141
2026-01-07 05:00,1,1,5,G08,solar,0.0
2026-01-07 05:00,1,1,5,G09,solar,0.0
2026-01-07 05:00,1,1,5,G10,eolica,87.506
2026-01-07 06:00,1,1,6,G01,hidro,63.818
2026-01-07 06:00,1,1,6,G02,hidro,59.141
2026-01-07 06:00,1,1,6,G03,hidro,129.842
2026-01-07 06:00,1,1,6,G04,hidro,160.637
2026-01-07 06:00,1,1,6,G05,hidro,178.639
2026-01-07 06:00,1,1,6,G06,termo,101.837
2026-01-07 06:00,1,1,6,G07,termo,103.116
2026-01-07 06:00,1,1,6,G08,solar,0.0
2026-01-07 06:00,1,1,6,G09,solar,0.0
2026-01-07 06:00,1,1,6,G10,eolica,86.356
2026-01-07 07:00,1,1,7,G01,hidro,97.121
2026-01-07 07:00,1,1,7,G02,hidro,87.538
2026-01-07 07:00,1,1,7,G03,hidro,223.768
2026-01-07 07:00,1,1,7,G04,hidro,288.641
2026-01-07 07:00,1,1,7,G05,hidro,238.608
2026-01-07 07:00,1,1,7,G06,termo,142.378
2026-01-07 07:00,1,1,7,G07,termo,147.853
2026-01-07 07:00,1,1,7,G08,solar,41.765
2026-01-07 07:00,1,1,7,G09,solar,38.391
2026-01-07 07:00,1,1,7,G10,eolica,82.587
2026-01-07 08:00,1,1,8,G01,hidro,92.929
2026-01-07 08:00,1,1,8,G02,hidro,82.819
2026-01-07 08:00,1,1,8,G03,hidro,183.329
2026-01-07 08:00,1,1,8,G04,hidro,281.285
2026-01-07 08:00,1,1,8,G05,hidro,231.701
2026-01-07 08:00,1,1,8,G06,termo,147.068
2026-01-07 08:00,1,1,8,G07,termo,175.188
2026-01-07 08:00,1,1,8,G08,solar,39.792
2026-01-07 08:00,1,1,8,G09,solar,40.916
2026-01-07 08:00,1,1,8,G10,eolica,74.574
2026-01-07 09:00,1,1,9,G01,hidro,93.437
2026-01-07 09:00,1,1,9,G02,hidro,104.083
2026-01-07 09:00,1,1,9,G03,hidro,218.793
2026-01-07 09:00,1,1,9,G04,hidro,293.274
2026-01-07 09:00,1,1,9,G05,hidro,292.955
2026-01-07 09:00,1,1,9,G06,termo,175.47
2026-01-07 09:00,1,1,9,G07,termo,167.397
2026-01-07 09:00,1,1,9,G08,solar,121.821
2026-01-07 09:00,1,1,9,G09,solar,122.654
2026-01-07 09:00,1,1,9,G10,eolica,70.147
2026-01-07 10:00,1,1,10,G01,hidro,92.666
2026-01-07 10:00,1,1,10,G02,hidro,104.327
2026-01-07 10:00,1,1,10,G03,hidro,196.778
2026-01-07 10:00,1,1,10,G04,hidro,291.742
2026-01-07 10:00,1,1,10,G05,hidro,229.604
2026-01-07 10:00,1,1,10,G06,termo,169.97
2026-01-07 10:00,1,1,10,G07,termo,151.276
2026-01-07 10:00,1,1,10,G08,solar,108.772
2026-01-07 10:00,1,1,10,G09,solar,125.861
2026-01-07 10:00,1,1,10,G10,eolica,66.027
2026-01-07 11:00,1,1,11,G01,hidro,85.05
2026-01-07 11:00,1,1,11,G02,hidro,83.251
2026-01-07 11:00,1,1,11,G03,hidro,212.904
2026-01-07 11:00,1,1,11,G04,hidro,245.367
2026-01-07 11:00,1,1,11,G05,hidro,242.837
2026-01-07 11:00,1,1,11,G06,termo,166.72
2026-01-07 11:00,1,1,11,G07,termo,140.81
2026-01-07 11:00,1,1,11,G08,solar,116.564
2026-01-07 11:00,1,1,11,G09,solar,111.609
2026-01-07 11:00,1,1,11,G10,eolica,61.272
2026-01-07 12:00,1,1,12,G01,hidro,87.966
2026-01-07 12:00,1,1,12,G02,hidro,99.662
2026-01-07 12:00,1,1,12,G03,hidro,206.154
2026-01-07 12:00,1,1,12,G04,hidro,277.281
2026-01-07 12:00,1,1,12,G05,hidro,247.379
2026-01-07 12:00,1,1,12,G06,termo,175.851
2026-01-07 12:00,1,1,12,G07,termo,166.441
2026-01-07 12:00,1,1,12,G08,solar,128.867
2026-01-07 12:00,1,1,12,G09,solar,136.63
2026-01-07 12:00,1,1,12,G10,eolica,58.624
2026-01-07 13:00,1,1,13,G01,hidro,100.899
2026-01-07 13:00,1,1,13,G02,hidro,87.393
2026-01-07 13:00,1,1,13,G03,hidro,214.903
2026-01-07 13:00,1,1,13,G04,hidro,283.61
2026-01-07 13:00,1,1,13,G05,hidro,249.031
2026-01-07 13:00,1,1,13,G06,termo,144.815
2026-01-07 13:00,1,1,13,G07,termo,164.871
2026-01-07 13:00,1,1,13,G08,solar,132.658
2026-01-07 13:00,1,1,13,G09,solar,149.754
2026-01-07 13:00,1,1,13,G10,eolica,57.568
2026-01-07 14:00,1,1,14,G01,hidro,92.92
2026-01-07 14:00,1,1,14,G02,hidro,85.055
2026-01-07 14:00,1,1,14,G03,hidro,226.191
2026-01-07 14:00,1,1,14,G04,hidro,252.746
2026-01-07 14:00,1,1,14,G05,hidro,243.214
2026-01-07 14:00,1,1,14,G06,termo,172.742
2026-01-07 14:00,1,1,14,G07,termo,163.321
2026-01-07 14:00,1,1,14,G08,solar,148.447
2026-01-07 14:00,1,1,14,G09,solar,140.793
2026-01-07 14:00,1,1,14,G10,eolica,46.437
2026-01-07 15:00,1,1,15,G01,hidro,83.276
2026-01-07 15:00,1,1,15,G02,hidro,85.117
2026-01-07 15:00,1,1,15,G03,hidro,184.731
2026-01-07 15:00,1,1,15,G04,hidro,254.588
2026-01-07 15:00,1,1,15,G05,hidro,263.622
2026-01-07 15:00,1,1,15,G06,termo,141.522
2026-01-07 15:00,1,1,15,G07,termo,164.25
2026-01-07 15:00,1,1,15,G08,solar,132.919
2026-01-07 15:00,1,1,15,G09,solar,149.882
2026-01-07 15:00,1,1,15,G10,eolica,38.424
2026-01-07 16:00,1,1,16,G01,hidro,93.079
2026-01-07 16:00,1,1,16,G02,hidro,90.169
2026-01-07 16:00,1,1,16,G03,hidro,212.045
2026-01-07 16:00,1,1,16,G04,hidro,243.626
2026-01-07 16:00,1,1,16,G05,hidro,265.566
2026-01-07 16:00,1,1,16,G06,termo,156.898
2026-01-07 16:00,1,1,16,G07,termo,140.661
2026-01-07 16:00,1,1,16,G08,solar,73.569
2026-01-07 16:00,1,1,16,G09,solar,73.723
2026-01-07 16:00,1,1,16,G10,eolica,33.252
2026-01-07 17:00,1,1,17,G01,hidro,95.433
2026-01-07 17:00,1,1,17,G02,hidro,100.623
2026-01-07 17:00,1,1,17,G03,hidro,227.011
2026-01-07 17:00,1,1,17,G04,hidro,239.862
2026-01-07 17:00,1,1,17,G05,hidro,285.979
2026-01-07 17:00,1,1,17,G06,termo,173.991
2026-01-07 17:00,1,1,17,G07,termo,174.2
2026-01-07 17:00,1,1,17,G08,solar,81.758
2026-01-07 17:00,1,1,17,G09,solar,77.68
2026-01-07 17:00,1,1,17,G10,eolica,32.479
2026-01-07 18:00,1,1,18,G01,hidro,89.945
2026-01-07 18:00,1,1,18,G02,hidro,87.513
2026-01-07 18:00,1,1,18,G03,hidro,185.867
2026-01-07 18:00,1,1,18,G04,hidro,250.644
2026-01-07 18:00,1,1,18,G05,hidro,290.876
2026-01-07 18:00,1,1,18,G06,termo,173.225
2026-01-07 18:00,1,1,18,G07,termo,160.358
2026-01-07 18:00,1,1,18,G08,solar,14.738
2026-01-07 18:00,1,1,18,G09,solar,12.758
2026-01-07 18:00,1,1,18,G10,eolica,31.037
2026-01-07 19:00,1,1,19,G01,hidro,92.821
2026-01-07 19:00,1,1,19,G02,hidro,75.051
2026-01-07 19:00,1,1,19,G03,hidro,200.516
2026-01-07 19:00,1,1,19,G04,hidro,225.943
2026-01-07 19:00,1,1,19,G05,hidro,261.511
2026-01-07 19:00,1,1,19,G06,termo,143.319
2026-01-07 19:00,1,1,19,G07,termo,160.826
2026-01-07 19:00,1,1,19,G08,solar,13.615
2026-01-07 19:00,1,1,19,G09,solar,13.65
2026-01-07 19:00,1,1,19,G10,eolica,32.163
2026-01-07 20:00,1,1,20,G01,hidro,86.545
2026-01-07 20:00,1,1,20,G02,hidro,82.395
2026-01-07 20:00,1,1,20,G03,hidro,174.846
2026-01-07 20:00,1,1,20,G04,hidro,239.76
2026-01-07 20:00,1,1,20,G05,hidro,225.002
2026-01-07 20:00,1,1,20,G06,termo,128.66
2026-01-07 20:00,1,1,20,G07,termo,127.862
2026-01-07 20:00,1,1,20,G08,solar,0.0
2026-01-07 20:00,1,1,20,G09,solar,0.0
2026-01-07 20:00,1,1,20,G10,eolica,32.2
2026-01-07 21:00,1,1,21,G01,hidro,80.776
2026-01-07 21:00,1,1,21,G02,hidro,74.507
2026-01-07 21:00,1,1,21,G03,hidro,165.735
2026-01-07 21:00,1,1,21,G04,hidro,253.225
2026-01-07 21:00,1,1,21,G05,hidro,245.601
2026-01-07 21:00,1,1,21,G06,termo,140.459
2026-01-07 21:00,1,1,21,G07,termo,152.242
2026-01-07 21:00,1,1,21,G08,solar,0.0
2026-01-07 21:00,1,1,21,G09,solar,0.0
2026-01-07 21:00,1,1,21,G10,eolica,41.446
2026-01-07 22:00,1,1,22,G01,hidro,84.801
2026-01-07 22:00,1,1,22,G02,hidro,90.469
2026-01-07 22:00,1,1,22,G03,hidro,199.473
2026-01-07 22:00,1,1,22,G04,hidro,253.523
2026-01-07 22:00,1,1,22,G05,hidro,228.451
2026-01-07 22:00,1,1,22,G06,termo,128.168
2026-01-07 22:00,1,1,22,G07,termo,143.319
2026-01-07 22:00,1,1,22,G08,solar,0.0
2026-01-07 22:00,1,1,22,G09,solar,0.0
2026-01-07 22:00,1,1,22,G10,eolica,42.298
2026-01-07 23:00,1,1,23,G01,hidro,67.914
2026-01-07 23:00,1,1,23,G02,hidro,64.955
2026-01-07 23:00,1,1,23,G03,hidro,136.639
2026-01-07 23:00,1,1,23,G04,hidro,192.831
2026-01-07 23:00,1,1,23,G05,hidro,166.911
2026-01-07 23:00,1,1,23,G06,termo,96.057
2026-01-07 23:00,1,1,23,G07,termo,100.367
2026-01-07 23:00,1,1,23,G08,solar,0.0
2026-01-07 23:00,1,1,23,G09,solar,0.0
2026-01-07 23:00,1,1,23,G10,eolica,54.321
2026-01-08 00:00,1,2,0,G01,hidro,56.469
2026-01-08 00:00,1,2,0,G02,hidro,58.536
2026-01-08 00:00,1,2,0,G03,hidro,114.85
2026-01-08 00:00,1,2,0,G04,hidro,151.932
2026-01-08 00:00,1,2,0,G05,hidro,152.589
2026-01-08 00:00,1,2,0,G06,termo,92.998
2026-01-08 00:00,1,2,0,G07,termo,95.233
2026-01-08 00:00,1,2,0,G08,solar,0.0
2026-01-08 00:00,1,2,0,G09,solar,0.0
2026-01-08 00:00,1,2,0,G10,eolica,61.735
2026-01-08 01:00,1,2,1,G01,hidro,53.916
2026-01-08 01:00,1,2,1,G02,hidro,52.658
2026-01-08 01:00,1,2,1,G03,hidro,128.547
2026-01-08 01:00,1,2,1,G04,hidro,179.213
2026-01-08 01:00,1,2,1,G05,hidro,180.554
2026-01-08 01:00,1,2,1,G06,termo,101.164
2026-01-08 01:00,1,2,1,G07,termo,93.047
2026-01-08 01:00,1,2,1,G08,solar,0.0
2026-01-08 01:00,1,2,1,G09,solar,0.0
2026-01-08 01:00,1,2,1,G10,eolica,68.762
2026-01-08 02:00,1,2,2,G01,hidro,51.853
2026-01-08 02:00,1,2,2,G02,hidro,62.015
2026-01-08 02:00,1,2,2,G03,hidro,129.745
2026-01-08 02:00,1,2,2,G04,hidro,174.574
2026-01-08 02:00,1,2,2,G05,hidro,164.519
2026-01-08 02:00,1,2,2,G06,termo,86.569
2026-01-08 02:00,1,2,2,G07,termo,92.451
2026-01-08 02:00,1,2,2,G08,solar,0.0
2026-01-08 02:00,1,2,2,G09,solar,0.0
2026-01-08 02:00,1,2,2,G10,eolica,72.303
2026-01-08 03:00,1,2,3,G01,hidro,61.353
2026-01-08 03:00,1,2,3,G02,hidro,52.783
2026-01-08 03:00,1,2,3,G03,hidro,136.855
2026-01-08 03:00,1,2,3,G04,hidro,178.604
2026-01-08 03:00,1,2,3,G05,hidro,162.228
2026-01-08 03:00,1,2,3,G06,termo,88.341
2026-01-08 03:00,1,2,3,G07,termo,108.606
2026-01-08 03:00,1,2,3,G08,solar,0.0
2026-01-08 03:00,1,2,3,G09,solar,0.0
2026-01-08 03:00,1,2,3,G10,eolica,70.762
2026-01-08 04:00,1,2,4,G01,hidro,58.522
2026-01-08 04:00,1,2,4,G02,hidro,58.829
2026-01-08 04:00,1,2,4,G03,hidro,134.545
2026-01-08 04:00,1,2,4,G04,hidro,176.613
2026-01-08 04:00,1,2,4,G05,hidro,151.17
2026-01-08 04:00,1,2,4,G06,termo,104.254
2026-01-08 04:00,1,2,4,G07,termo,90.399
2026-01-08 04:00,1,2,4,G08,solar,0.0
2026-01-08 04:00,1,2,4,G09,solar,0.0
2026-01-08 04:00,1,2,4,G10,eolica,80.48
2026-01-08 05:00,1,2,5,G01,hidro,62.783
2026-01-08 05:00,1,2,5,G02,hidro,56.143
2026-01-08 05:00,1,2,5,G03,hidro,113.498
2026-01-08 05:00,1,2,5,G04,hidro,160.617
2026-01-08 05:00,1,2,5,G05,hidro,159.731
2026-01-08 05:00,1,2,5,G06,termo,92.27
2026-01-08 05:00,1,2,5,G07,termo,102.905
2026-01-08 05:00,1,2,5,G08,solar,0.0
2026-01-08 05:00,1,2,5,G09,solar,0.0
2026-01-08 05:00,1,2,5,G10,eolica,90.08
2026-01-08 06:00,1,2,6,G01,hidro,56.774
2026-01-08 06:00,1,2,6,G02,hidro,63.146
2026-01-08 06:00,1,2,6,G03,hidro,118.336
2026-01-08 06:00,1,2,6,G04,hidro,160.546
2026-01-08 06:00,1,2,6,G05,hidro,157.301
2026-01-08 06:00,1,2,6,G06,termo,106.246
2026-01-08 06:00,1,2,6,G07,termo,106.806
2026-01-08 06:00,1,2,6,G08,solar,0.0
2026-01-08 06:00,1,2,6,G09,solar,0.0
2026-01-08 06:00,1,2,6,G10,eolica,80.979
2026-01-08 07:00,1,2,7,G01,hidro,96.367
2026-01-08 07:00,1,2,7,G02,hidro,95.623
2026-01-08 07:00,1,2,7,G03,hidro,201.409
2026-01-08 07:00,1,2,7,G04,hidro,293.859
2026-01-08 07:00,1,2,7,G05,hidro,239.905
2026-01-08 07:00,1,2,7,G06,termo,175.212
2026-01-08 07:00,1,2,7,G07,termo,162.656
2026-01-08 07:00,1,2,7,G08,solar,42.771
2026-01-08 07:00,1,2,7,G09,solar,44.02
2026-01-08 07:00,1,2,7,G10,eolica,92.01
2026-01-08 08:00,1,2,8,G01,hidro,87.265
2026-01-08 08:00,1,2,8,G02,hidro,95.636
2026-01-08 08:00,1,2,8,G03,hidro,202.873
2026-01-08 08:00,1,2,8,G04,hidro,233.646
2026-01-08 08:00,1,2,8,G05,hidro,251.564
2026-01-08 08:00,1,2,8,G06,termo,150.994
2026-01-08 08:00,1,2,8,G07,termo,149.526
2026-01-08 08:00,1,2,8,G08,solar,44.012
2026-01-08 08:00,1,2,8,G09,solar,41.062
2026-01-08 08:00,1,2,8,G10,eolica,88.495
2026-01-08 09:00,1,2,9,G01,hidro,90.981
2026-01-08 09:00,1,2,9,G02,hidro,104.903
2026-01-08 09:00,1,2,9,G03,hidro,196.444
2026-01-08 09:00,1,2,9,G04,hidro,281.951
2026-01-08 09:00,1,2,9,G05,hidro,258.25
2026-01-08 09:00,1,2,9,G06,termo,157.607
2026-01-08 09:00,1,2,9,G07,termo,144.766
2026-01-08 09:00,1,2,9,G08,solar,110.172
2026-01-08 09:00,1,2,9,G09,solar,115.137
2026-01-08 09:00,1,2,9,G10,eolica,74.518
2026-01-08 10:00,1,2,10,G01,hidro,97.321
2026-01-08 10:00,1,2,10,G02,hidro,102.278
2026-01-08 10:00,1,2,10,G03,hidro,183.286
2026-01-08 10:00,1,2,10,G04,hidro,280.437
2026-01-08 10:00,1,2,10,G05,hidro,274.269
2026-01-08 10:00,1,2,10,G06,termo,160.37
2026-01-08 10:00,1,2,10,G07,termo,150.617
2026-01-08 10:00,1,2,10,G08,solar,113.534
2026-01-08 10:00,1,2,10,G09,solar,124.787
2026-01-08 10:00,1,2,10,G10,eolica,75.732
2026-01-08 11:00,1,2,11,G01,hidro,89.162
2026-01-08 11:00,1,2,11,G02,hidro,104.637
2026-01-08 11:00,1,2,11,G03,hidro,191.126
2026-01-08 11:00,1,2,11,G04,hidro,289.446
2026-01-08 11:00,1,2,11,G05,hidro,289.231
2026-01-08 11:00,1,2,11,G06,termo,139.857
2026-01-08 11:00,1,2,11,G07,termo,140.623
2026-01-08 11:00,1,2,11,G08,solar,109.855
2026-01-08 11:00,1,2,11,G09,solar,123.859
2026-01-08 11:00,1,2,11,G10,eolica,60.782
2026-01-08 12:00,1,2,12,G01,hidro,89.344
2026-01-08 12:00,1,2,12,G02,hidro,97.841
2026-01-08 12:00,1,2,12,G03,hidro,194.461
2026-01-08 12:00,1,2,12,G04,hidro,254.763
2026-01-08 12:00,1,2,12,G05,hidro,267.58
2026-01-08 12:00,1,2,12,G06,termo,142.627
2026-01-08 12:00,1,2,12,G07,termo,164.22
2026-01-08 12:00,1,2,12,G08,solar,134.66
2026-01-08 12:00,1,2,12,G09,solar,143.796
2026-01-08 12:00,1,2,12,G10,eolica,64.255
2026-01-08 13:00,1,2,13,G01,hidro,91.131
2026-01-08 13:00,1,2,13,G02,hidro,82.814
2026-01-08 13:00,1,2,13,G03,hidro,187.224
2026-01-08 13:00,1,2,13,G04,hidro,266.601
2026-01-08 13:00,1,2,13,G05,hidro,245.601
2026-01-08 13:00,1,2,13,G06,termo,140.462
2026-01-08 13:00,1,2,13,G07,termo,155.319
2026-01-08 13:00,1,2,13,G08,solar,139.208
2026-01-08 13:00,1,2,13,G09,solar,146.146
2026-01-08 13:00,1,2,13,G10,eolica,56.006
2026-01-08 14:00,1,2,14,G01,hidro,100.073
2026-01-08 14:00,1,2,14,G02,hidro,102.954
2026-01-08 14:00,1,2,14,G03,hidro,230.457
2026-01-08 14:00,1,2,14,G04,hidro,236.145
2026-01-08 14:00,1,2,14,G05,hidro,242.991
2026-01-08 14:00,1,2,14,G06,termo,146.246
2026-01-08 14:00,1,2,14,G07,termo,150.542
2026-01-08 14:00,1,2,14,G08,solar,128.286
2026-01-08 14:00,1,2,14,G09,solar,149.26
2026-01-08 14:00,1,2,14,G10,eolica,45.987
2026-01-08 15:00,1,2,15,G01,hidro,94.445
2026-01-08 15:00,1,2,15,G02,hidro,100.519
2026-01-08 15:00,1,2,15,G03,hidro,187.76
2026-01-08 15:00,1,2,15,G04,hidro,258.783
2026-01-08 15:00,1,2,15,G05,hidro,236.412
2026-01-08 15:00,1,2,15,G06,termo,149.151
2026-01-08 15:00,1,2,15,G07,termo,164.721
2026-01-08 15:00,1,2,15,G08,solar,140.664
2026-01-08 15:00,1,2,15,G09,solar,144.477
2026-01-08 15:00,1,2,15,G10,eolica,38.703
2026-01-08 16:00,1,2,16,G01,hidro,104.419
2026-01-08 16:00,1,2,16,G02,hidro,94.787
2026-01-08 16:00,1,2,16,G03,hidro,199.635
2026-01-08 16:00,1,2,16,G04,hidro,253.695
2026-01-08 16:00,1,2,16,G05,hidro,229.494
2026-01-08 16:00,1,2,16,G06,termo,143.801
2026-01-08 16:00,1,2,16,G07,termo,160.054
2026-01-08 16:00,1,2,16,G08,solar,74.632
2026-01-08 16:00,1,2,16,G09,solar,76.451
2026-01-08 16:00,1,2,16,G10,eolica,33.509
2026-01-08 17:00,1,2,17,G01,hidro,98.595
2026-01-08 17:00,1,2,17,G02,hidro,103.509
2026-01-08 17:00,1,2,17,G03,hidro,217.086
2026-01-08 17:00,1,2,17,G04,hidro,262.641
2026-01-08 17:00,1,2,17,G05,hidro,252.157
2026-01-08 17:00,1,2,17,G06,termo,177.922
2026-01-08 17:00,1,2,17,G07,termo,157.184
2026-01-08 17:00,1,2,17,G08,solar,77.85
2026-01-08 17:00,1,2,17,G09,solar,80.951
2026-01-08 17:00,1,2,17,G10,eolica,32.344
2026-01-08 18:00,1,2,18,G01,hidro,87.775
2026-01-08 18:00,1,2,18,G02,hidro,84.093
2026-01-08 18:00,1,2,18,G03,hidro,189.103
2026-01-08 18:00,1,2,18,G04,hidro,258.262
2026-01-08 18:00,1,2,18,G05,hidro,265.096
2026-01-08 18:00,1,2,18,G06,termo,174.939
2026-01-08 18:00,1,2,18,G07,termo,140.489
2026-01-08 18:00,1,2,18,G08,solar,14.629
2026-01-08 18:00,1,2,18,G09,solar,14.493
2026-01-08 18:00,1,2,18,G10,eolica,32.669
2026-01-08 19:00,1,2,19,G01,hidro,77.408
2026-01-08 19:00,1,2,19,G02,hidro,86.955
2026-01-08 19:00,1,2,19,G03,hidro,172.265
2026-01-08 19:00,1,2,19,G04,hidro,237.912
2026-01-08 19:00,1,2,19,G05,hidro,226.224
2026-01-08 19:00,1,2,19,G06,termo,144.714
2026-01-08 19:00,1,2,19,G07,termo,150.433
2026-01-08 19:00,1,2,19,G08,solar,14.289
2026-01-08 19:00,1,2,19,G09,solar,13.949
2026-01-08 19:00,1,2,19,G10,eolica,32.312
2026-01-08 20:00,1,2,20,G01,hidro,75.268
2026-01-08 20:00,1,2,20,G02,hidro,74.656
2026-01-08 20:00,1,2,20,G03,hidro,203.847
2026-01-08 20:00,1,2,20,G04,hidro,265.813
2026-01-08 20:00,1,2,20,G05,hidro,242.508
2026-01-08 20:00,1,2,20,G06,termo,130.509
2026-01-08 20:00,1,2,20,G07,termo,138.945
2026-01-08 20:00,1,2,20,G08,solar,0.0
2026-01-08 20:00,1,2,20,G09,solar,0.0
2026-01-08 20:00,1,2,20,G10,eolica,40.005
2026-01-08 21:00,1,2,21,G01,hidro,81.728
2026-01-08 21:00,1,2,21,G02,hidro,79.12
2026-01-08 21:00,1,2,21,G03,hidro,198.764
2026-01-08 21:00,1,2,21,G04,hidro,246.925
2026-01-08 21:00,1,2,21,G05,hidro,251.935
2026-01-08 21:00,1,2,21,G06,termo,143.24
2026-01-08 21:00,1,2,21,G07,termo,131.011
2026-01-08 21:00,1,2,21,G08,solar,0.0
2026-01-08 21:00,1,2,21,G09,solar,0.0
2026-01-08 21:00,1,2,21,G10,eolica,40.058
2026-01-08 22:00,1,2,22,G01,hidro,91.013
2026-01-08 22:00,1,2,22,G02,hidro,91.896
2026-01-08 22:00,1,2,22,G03,hidro,207.704
2026-01-08 22:00,1,2,22,G04,hidro,226.353
2026-01-08 22:00,1,2,22,G05,hidro,208.442
2026-01-08 22:00,1,2,22,G06,termo,148.486
2026-01-08 22:00,1,2,22,G07,termo,127.87
2026-01-08 22:00,1,2,22,G08,solar,0.0
2026-01-08 22:00,1,2,22,G09,solar,0.0
2026-01-08 22:00,1,2,22,G10,eolica,44.996
2026-01-08 23:00,1,2,23,G01,hidro,61.458
2026-01-08 23:00,1,2,23,G02,hidro,58.463
2026-01-08 23:00,1,2,23,G03,hidro,139.34
2026-01-08 23:00,1,2,23,G04,hidro,159.445
2026-01-08 23:00,1,2,23,G05,hidro,169.932
2026-01-08 23:00,1,2,23,G06,termo,101.607
2026-01-08 23:00,1,2,23,G07,termo,110.738
2026-01-08 23:00,1,2,23,G08,solar,0.0
2026-01-08 23:00,1,2,23,G09,solar,0.0
2026-01-08 23:00,1,2,23,G10,eolica,46.895
2026-01-09 00:00,1,3,0,G01,hidro,58.988
2026-01-09 00:00,1,3,0,G02,hidro,52.71
2026-01-09 00:00,1,3,0,G03,hidro,139.53
2026-01-09 00:00,1,3,0,G04,hidro,155.735
2026-01-09 00:00,1,3,0,G05,hidro,152.335
2026-01-09 00:00,1,3,0,G06,termo,109.753
2026-01-09 00:00,1,3,0,G07,termo,106.624
2026-01-09 00:00,1,3,0,G08,solar,0.0
2026-01-09 00:00,1,3,0,G09,solar,0.0
2026-01-09 00:00,1,3,0,G10,eolica,56.47
2026-01-09 01:00,1,3,1,G01,hidro,57.384
2026-01-09 01:00,1,3,1,G02,hidro,51.092
2026-01-09 01:00,1,3,1,G03,hidro,134.596
2026-01-09 01:00,1,3,1,G04,hidro,166.037
2026-01-09 01:00,1,3,1,G05,hidro,177.636
2026-01-09 01:00,1,3,1,G06,termo,106.096
2026-01-09 01:00,1,3,1,G07,termo,90.251
2026-01-09 01:00,1,3,1,G08,solar,0.0
2026-01-09 01:00,1,3,1,G09,solar,0.0
2026-01-09 01:00,1,3,1,G10,eolica,64.451
2026-01-09 02:00,1,3,2,G01,hidro,63.516
2026-01-09 02:00,1,3,2,G02,hidro,57.328
2026-01-09 02:00,1,3,2,G03,hidro,127.678
2026-01-09 02:00,1,3,2,G04,hidro,162.93
2026-01-09 02:00,1,3,2,G05,hidro,164.891
2026-01-09 02:00,1,3,2,G06,termo,108.674
2026-01-09 02:00,1,3,2,G07,termo,89.623
2026-01-09 02:00,1,3,2,G08,solar,0.0
2026-01-09 02:00,1,3,2,G09,solar,0.0
2026-01-09 02:00,1,3,2,G10,eolica,80.435
2026-01-09 03:00,1,3,3,G01,hidro,60.704
2026-01-09 03:00,1,3,3,G02,hidro,62.254
2026-01-09 03:00,1,3,3,G03,hidro,111.636
2026-01-09 03:00,1,3,3,G04,hidro,144.826
2026-01-09 03:00,1,3,3,G05,hidro,146.508
2026-01-09 03:00,1,3,3,G06,termo,90.87
2026-01-09 03:00,1,3,3,G07,termo,89.121
2026-01-09 03:00,1,3,3,G08,solar,0.0
2026-01-09 03:00,1,3,3,G09,solar,0.0
2026-01-09 03:00,1,3,3,G10,eolica,82.061
2026-01-09 04:00,1,3,4,G01,hidro,64.681
2026-01-09 04:00,1,3,4,G02,hidro,55.965
2026-01-09 04:00,1,3,4,G03,hidro,124.952
2026-01-09 04:00,1,3,4,G04,hidro,147.811
2026-01-09 04:00,1,3,4,G05,hidro,175.138
2026-01-09 04:00,1,3,4,G06,termo,104.491
2026-01-09 04:00,1,3,4,G07,termo,95.412
2026-01-09 04:00,1,3,4,G08,solar,0.0
2026-01-09 04:00,1,3,4,G09,solar,0.0
2026-01-09 04:00,1,3,4,G10,eolica,74.944
2026-01-09 05:00,1,3,5,G01,hidro,57.375
2026-01-09 05:00,1,3,5,G02,hidro,62.013
2026-01-09 05:00,1,3,5,G03,hidro,133.249
2026-01-09 05:00,1,3,5,G04,hidro,172.606
2026-01-09 05:00,1,3,5,G05,hidro,161.449
2026-01-09 05:00,1,3,5,G06,termo,91.079
2026-01-09 05:00,1,3,5,G07,termo,86.813
2026-01-09 05:00,1,3,5,G08,solar,0.0
2026-01-09 05:00,1,3,5,G09,solar,0.0
2026-01-09 05:00,1,3,5,G10,eolica,87.762
2026-01-09 06:00,1,3,6,G01,hidro,55.507
2026-01-09 06:00,1,3,6,G02,hidro,62.79
2026-01-09 06:00,1,3,6,G03,hidro,116.176
2026-01-09 06:00,1,3,6,G04,hidro,154.565
2026-01-09 06:00,1,3,6,G05,hidro,162.482
2026-01-09 06:00,1,3,6,G06,termo,92.591
2026-01-09 06:00,1,3,6,G07,termo,90.221
2026-01-09 06:00,1,3,6,G08,solar,0.0
2026-01-09 06:00,1,3,6,G09,solar,0.0
2026-01-09 06:00,1,3,6,G10,eolica,87.522
2026-01-09 07:00,1,3,7,G01,hidro,83.552
2026-01-09 07:00,1,3,7,G02,hidro,92.747
2026-01-09 07:00,1,3,7,G03,hidro,181.069
2026-01-09 07:00,1,3,7,G04,hidro,275.286
2026-01-09 07:00,1,3,7,G05,hidro,270.659
2026-01-09 07:00,1,3,7,G06,termo,168.369
2026-01-09 07:00,1,3,7,G07,termo,165.605
2026-01-09 07:00,1,3,7,G08,solar,39.768
2026-01-09 07:00,1,3,7,G09,solar,42.039
2026-01-09 07:00,1,3,7,G10,eolica,79.281
2026-01-09 08:00,1,3,8,G01,hidro,94.516
2026-01-09 08:00,1,3,8,G02,hidro,96.307
2026-01-09 08:00,1,3,8,G03,hidro,216.858
2026-01-09 08:00,1,3,8,G04,hidro,288.232
2026-01-09 08:00,1,3,8,G05,hidro,268.628
2026-01-09 08:00,1,3,8,G06,termo,171.938
2026-01-09 08:00,1,3,8,G07,termo,172.553
2026-01-09 08:00,1,3,8,G08,solar,40.969
2026-01-09 08:00,1,3,8,G09,solar,40.276
2026-01-09 08:00,1,3,8,G10,eolica,85.716
2026-01-09 09:00,1,3,9,G01,hidro,99.775
2026-01-09 09:00,1,3,9,G02,hidro,86.696
2026-01-09 09:00,1,3,9,G03,hidro,211.403
2026-01-09 09:00,1,3,9,G04,hidro,287.71
2026-01-09 09:00,1,3,9,G05,hidro,256.899
2026-01-09 09:00,1,3,9,G06,termo,172.299
2026-01-09 09:00,1,3,9,G07,termo,151.552
2026-01-09 09:00,1,3,9,G08,solar,109.572
2026-01-09 09:00,1,3,9,G09,solar,117.712
2026-01-09 09:00,1,3,9,G10,eolica,76.366
2026-01-09 10:00,1,3,10,G01,hidro,99.082
2026-01-09 10:00,1,3,10,G02,hidro,85.128
2026-01-09 10:00,1,3,10,G03,hidro,213.692
2026-01-09 10:00,1,3,10,G04,hidro,243.285
2026-01-09 10:00,1,3,10,G05,hidro,286.676
2026-01-09 10:00,1,3,10,G06,termo,169.821
2026-01-09 10:00,1,3,10,G07,termo,139.772
2026-01-09 10:00,1,3,10,G08,solar,126.504
2026-01-09 10:00,1,3,10,G09,solar,125.862
2026-01-09 10:00,1,3,10,G10,eolica,80.187
2026-01-09 11:00,1,3,11,G01,hidro,95.856
2026-01-09 11:00,1,3,11,G02,hidro,101.284
2026-01-09 11:00,1,3,11,G03,hidro,189.682
2026-01-09 11:00,1,3,11,G04,hidro,291.086
2026-01-09 11:00,1,3,11,G05,hidro,260.857
2026-01-09 11:00,1,3,11,G06,termo,158.174
2026-01-09 11:00,1,3,11,G07,termo,176.031
2026-01-09 11:00,1,3,11,G08,solar,127.017
2026-01-09 11:00,1,3,11,G09,solar,125.736
2026-01-09 11:00,1,3,11,G10,eolica,65.482
2026-01-09 12:00,1,3,12,G01,hidro,92.946
2026-01-09 12:00,1,3,12,G02,hidro,97.896
2026-01-09 12:00,1,3,12,G03,hidro,186.315
2026-01-09 12:00,1,3,12,G04,hidro,252.168
2026-01-09 12:00,1,3,12,G05,hidro,276.684
2026-01-09 12:00,1,3,12,G06,termo,160.63
2026-01-09 12:00,1,3,12,G07,termo,148.084
2026-01-09 12:00,1,3,12,G08,solar,142.541
2026-01-09 12:00,1,3,12,G09,solar,136.535
2026-01-09 12:00,1,3,12,G10,eolica,64.857
2026-01-09 13:00,1,3,13,G01,hidro,95.183
2026-01-09 13:00,1,3,13,G02,hidro,87.421
2026-01-09 13:00,1,3,13,G03,hidro,219.223
2026-01-09 13:00,1,3,13,G04,hidro,284.335
2026-01-09 13:00,1,3,13,G05,hidro,239.118
2026-01-09 13:00,1,3,13,G06,termo,150.546
2026-01-09 13:00,1,3,13,G07,termo,177.332
2026-01-09 13:00,1,3,13,G08,solar,129.572
2026-01-09 13:00,1,3,13,G09,solar,148.063
2026-01-09 13:00,1,3,13,G10,eolica,53.489
2026-01-09 14:00,1,3,14,G01,hidro,101.685
2026-01-09 14:00,1,3,14,G02,hidro,87.254
2026-01-09 14:00,1,3,14,G03,hidro,181.526
2026-01-09 14:00,1,3,14,G04,hidro,279.393
2026-01-09 14:00,1,3,14,G05,hidro,280.873
2026-01-09 14:00,1,3,14,G06,termo,143.356
2026-01-09 14:00,1,3,14,G07,termo,157.659
2026-01-09 14:00,1,3,14,G08,solar,142.964
2026-01-09 14:00,1,3,14,G09,solar,137.934
2026-01-09 14:00,1,3,14,G10,eolica,47.062
2026-01-09 15:00,1,3,15,G01,hidro,102.719
2026-01-09 15:00,1,3,15,G02,hidro,83.186
2026-01-09 15:00,1,3,15,G03,hidro,191.968
2026-01-09 15:00,1,3,15,G04,hidro,238.719
2026-01-09 15:00,1,3,15,G05,hidro,275.784
2026-01-09 15:00,1,3,15,G06,termo,168.379
2026-01-09 15:00,1,3,15,G07,termo,151.194
2026-01-09 15:00,1,3,15,G08,solar,140.287
2026-01-09 15:00,1,3,15,G09,solar,147.686
2026-01-09 15:00,1,3,15,G10,eolica,42.922
2026-01-09 16:00,1,3,16,G01,hidro,101.204
2026-01-09 16:00,1,3,16,G02,hidro,85.059
2026-01-09 16:00,1,3,16,G03,hidro,196.142
2026-01-09 16:00,1,3,16,G04,hidro,249.08
2026-01-09 16:00,1,3,16,G05,hidro,293.141
2026-01-09 16:00,1,3,16,G06,termo,165.662
2026-01-09 16:00,1,3,16,G07,termo,140.62
2026-01-09 16:00,1,3,16,G08,solar,80.015
2026-01-09 16:00,1,3,16,G09,solar,71.289
2026-01-09 16:00,1,3,16,G10,eolica,37.553
2026-01-09 17:00,1,3,17,G01,hidro,88.992
2026-01-09 17:00,1,3,17,G02,hidro,95.445
2026-01-09 17:00,1,3,17,G03,hidro,195.026
2026-01-09 17:00,1,3,17,G04,hidro,270.761
2026-01-09 17:00,1,3,17,G05,hidro,273.23
2026-01-09 17:00,1,3,17,G06,termo,146.618
2026-01-09 17:00,1,3,17,G07,termo,144.411
2026-01-09 17:00,1,3,17,G08,solar,74.863
2026-01-09 17:00,1,3,17,G09,solar,70.489
2026-01-09 17:00,1,3,17,G10,eolica,34.157
2026-01-09 18:00,1,3,18,G01,hidro,100.938
2026-01-09 18:00,1,3,18,G02,hidro,104.013
2026-01-09 18:00,1,3,18,G03,hidro,214.344
2026-01-09 18:00,1,3,18,G04,hidro,265.324
2026-01-09 18:00,1,3,18,G05,hidro,247.625
2026-01-09 18:00,1,3,18,G06,termo,155.004
2026-01-09 18:00,1,3,18,G07,termo,158.641
2026-01-09 18:00,1,3,18,G08,solar,13.951
2026-01-09 18:00,1,3,18,G09,solar,13.296
2026-01-09 18:00,1,3,18,G10,eolica,30.773
2026-01-09 19:00,1,3,19,G01,hidro,90.609
2026-01-09 19:00,1,3,19,G02,hidro,93.799
2026-01-09 19:00,1,3,19,G03,hidro,182.634
2026-01-09 19:00,1,3,19,G04,hidro,245.174
2026-01-09 19:00,1,3,19,G05,hidro,236.464
2026-01-09 19:00,1,3,19,G06,termo,138.248
2026-01-09 19:00,1,3,19,G07,termo,149.746
2026-01-09 19:00,1,3,19,G08,solar,14.699
2026-01-09 19:00,1,3,19,G09,solar,12.95
2026-01-09 19:00,1,3,19,G10,eolica,37.019
2026-01-09 20:00,1,3,20,G01,hidro,78.582
2026-01-09 20:00,1,3,20,G02,hidro,85.318
2026-01-09 20:00,1,3,20,G03,hidro,164.796
2026-01-09 20:00,1,3,20,G04,hidro,240.634
2026-01-09 20:00,1,3,20,G05,hidro,215.714
2026-01-09 20:00,1,3,20,G06,termo,134.313
2026-01-09 20:00,1,3,20,G07,termo,155.506
2026-01-09 20:00,1,3,20,G08,solar,0.0
2026-01-09 20:00,1,3,20,G09,solar,0.0
2026-01-09 20:00,1,3,20,G10,eolica,33.624
2026-01-09 21:00,1,3,21,G01,hidro,88.725
2026-01-09 21:00,1,3,21,G02,hidro,77.941
2026-01-09 21:00,1,3,21,G03,hidro,193.151
2026-01-09 21:00,1,3,21,G04,hidro,223.621
2026-01-09 21:00,1,3,21,G05,hidro,230.465
2026-01-09 21:00,1,3,21,G06,termo,144.575
2026-01-09 21:00,1,3,21,G07,termo,126.874
2026-01-09 21:00,1,3,21,G08,solar,0.0
2026-01-09 21:00,1,3,21,G09,solar,0.0
2026-01-09 21:00,1,3,21,G10,eolica,39.83
2026-01-09 22:00,1,3,22,G01,hidro,89.109
2026-01-09 22:00,1,3,22,G02,hidro,84.027
2026-01-09 22:00,1,3,22,G03,hidro,192.74
2026-01-09 22:00,1,3,22,G04,hidro,244.722
2026-01-09 22:00,1,3,22,G05,hidro,210.36
2026-01-09 22:00,1,3,22,G06,termo,158.78
2026-01-09 22:00,1,3,22,G07,termo,132.141
2026-01-09 22:00,1,3,22,G08,solar,0.0
2026-01-09 22:00,1,3,22,G09,solar,0.0
2026-01-09 22:00,1,3,22,G10,eolica,44.208
2026-01-09 23:00,1,3,23,G01,hidro,66.841
2026-01-09 23:00,1,3,23,G02,hidro,67.519
2026-01-09 23:00,1,3,23,G03,hidro,134.303
2026-01-09 23:00,1,3,23,G04,hidro,187.521
2026-01-09 23:00,1,3,23,G05,hidro,174.585
2026-01-09 23:00,1,3,23,G06,termo,115.012
2026-01-09 23:00,1,3,23,G07,termo,97.216
2026-01-09 23:00,1,3,23,G08,solar,0.0
2026-01-09 23:00,1,3,23,G09,solar,0.0
2026-01-09 23:00,1,3,23,G10,eolica,54.13
2026-01-10 00:00,1,4,0,G01,hidro,57.667
2026-01-10 00:00,1,4,0,G02,hidro,58.859
2026-01-10 00:00,1,4,0,G03,hidro,126.502
2026-01-10 00:00,1,4,0,G04,hidro,156.79
2026-01-10 00:00,1,4,0,G05,hidro,172.298
2026-01-10 00:00,1,4,0,G06,termo,93.855
2026-01-10 00:00,1,4,0,G07,termo,92.302
2026-01-10 00:00,1,4,0,G08,solar,0.0
2026-01-10 00:00,1,4,0,G09,solar,0.0
2026-01-10 00:00,1,4,0,G10,eolica,63.136
2026-01-10 01:00,1,4,1,G01,hidro,59.64
2026-01-10 01:00,1,4,1,G02,hidro,62.044
2026-01-10 01:00,1,4,1,G03,hidro,117.637
2026-01-10 01:00,1,4,1,G04,hidro,179.723
2026-01-10 01:00,1,4,1,G05,hidro,166.131
2026-01-10 01:00,1,4,1,G06,termo,109.5
2026-01-10 01:00,1,4,1,G07,termo,101.826
2026-01-10 01:00,1,4,1,G08,solar,0.0
2026-01-10 01:00,1,4,1,G09,solar,0.0
2026-01-10 01:00,1,4,1,G10,eolica,64.22
2026-01-10 02:00,1,4,2,G01,hidro,60.391
2026-01-10 02:00,1,4,2,G02,hidro,60.36
2026-01-10 02:00,1,4,2,G03,hidro,136.762
2026-01-10 02:00,1,4,2,G04,hidro,162.496
2026-01-10 02:00,1,4,2,G05,hidro,151.961
2026-01-10 02:00,1,4,2,G06,termo,90.771
2026-01-10 02:00,1,4,2,G07,termo,101.97
2026-01-10 02:00,1,4,2,G08,solar,0.0
2026-01-10 02:00,1,4,2,G09,solar,0.0
2026-01-10 02:00,1,4,2,G10,eolica,72.196
2026-01-10 03:00,1,4,3,G01,hidro,59.553
2026-01-10 03:00,1,4,3,G02,hidro,52.448
2026-01-10 03:00,1,4,3,G03,hidro,139.723
2026-01-10 03:00,1,4,3,G04,hidro,161.474
2026-01-10 03:00,1,4,3,G05,hidro,171.031
2026-01-10 03:00,1,4,3,G06,termo,100.044
2026-01-10 03:00,1,4,3,G07,termo,89.809
2026-01-10 03:00,1,4,3,G08,solar,0.0
2026-01-10 03:00,1,4,3,G09,solar,0.0
2026-01-10 03:00,1,4,3,G10,eolica,72.374
2026-01-10 04:00,1,4,4,G01,hidro,64.234
2026-01-10 04:00,1,4,4,G02,hidro,58.722
2026-01-10 04:00,1,4,4,G03,hidro,121.241
2026-01-10 04:00,1,4,4,G04,hidro,169.887
2026-01-10 04:00,1,4,4,G05,hidro,160.404
2026-01-10 04:00,1,4,4,G06,termo,89.32
2026-01-10 04:00,1,4,4,G07,termo,98.084
2026-01-10 04:00,1,4,4,G08,solar,0.0
2026-01-10 04:00,1,4,4,G09,solar,0.0
2026-01-10 04:00,1,4,4,G10,eolica,75.876
2026-01-10 05:00,1,4,5,G01,hidro,59.854
2026-01-10 05:00,1,4,5,G02,hidro,56.854
2026-01-10 05:00,1,4,5,G03,hidro,114.301
2026-01-10 05:00,1,4,5,G04,hidro,161.233
2026-01-10 05:00,1,4,5,G05,hidro,167.656
2026-01-10 05:00,1,4,5,G06,termo,99.945
2026-01-10 05:00,1,4,5,G07,termo,88.976
2026-01-10 05:00,1,4,5,G08,solar,0.0
2026-01-10 05:00,1,4,5,G09,solar,0.0
2026-01-10 05:00,1,4,5,G10,eolica,85.551
2026-01-10 06:00,1,4,6,G01,hidro,58.061
2026-01-10 06:00,1,4,6,G02,hidro,56.281
2026-01-10 06:00,1,4,6,G03,hidro,132.053
2026-01-10 06:00,1,4,6,G04,hidro,179.301
2026-01-10 06:00,1,4,6,G05,hidro,142.66
2026-01-10 06:00,1,4,6,G06,termo,108.445
2026-01-10 06:00,1,4,6,G07,termo,89.492
2026-01-10 06:00,1,4,6,G08,solar,0.0
2026-01-10 06:00,1,4,6,G09,solar,0.0
2026-01-10 06:00,1,4,6,G10,eolica,84.879
2026-01-10 07:00,1,4,7,G01,hidro,93.908
2026-01-10 07:00,1,4,7,G02,hidro,82.842
2026-01-10 07:00,1,4,7,G03,hidro,225.731
2026-01-10 07:00,1,4,7,G04,hidro,251.375
2026-01-10 07:00,1,4,7,G05,hidro,275.991
2026-01-10 07:00,1,4,7,G06,termo,160.664
2026-01-10 07:00,1,4,7,G07,termo,158.887
2026-01-10 07:00,1,4,7,G08,solar,43.629
2026-01-10 07:00,1,4,7,G09,solar,44.69
2026-01-10 07:00,1,4,7,G10,eolica,80.942
2026-01-10 08:00,1,4,8,G01,hidro,101.635
2026-01-10 08:00,1,4,8,G02,hidro,94.176
2026-01-10 08:00,1,4,8,G03,hidro,183.172
2026-01-10 08:00,1,4,8,G04,hidro,271.951
2026-01-10 08:00,1,4,8,G05,hidro,272.231
2026-01-10 08:00,1,4,8,G06,termo,174.308
2026-01-10 08:00,1,4,8,G07,termo,170.344
2026-01-10 08:00,1,4,8,G08,solar,44.004
2026-01-10 08:00,1,4,8,G09,solar,43.574
2026-01-10 08:00,1,4,8,G10,eolica,85.557
2026-01-10 09:00,1,4,9,G01,hidro,103.256
2026-01-10 09:00,1,4,9,G02,hidro,103.87
2026-01-10 09:00,1,4,9,G03,hidro,213.327
2026-01-10 09:00,1,4,9,G04,hidro,261.028
2026-01-10 09:00,1,4,9,G05,hidro,231.5
2026-01-10 09:00,1,4,9,G06,termo,163.211
2026-01-10 09:00,1,4,9,G07,termo,147.198
2026-01-10 09:00,1,4,9,G08,solar,115.387
2026-01-10 09:00,1,4,9,G09,solar,109.212
2026-01-10 09:00,1,4,9,G10,eolica,80.29
2026-01-10 10:00,1,4,10,G01,hidro,94.697
2026-01-10 10:00,1,4,10,G02,hidro,95.203
2026-01-10 10:00,1,4,10,G03,hidro,219.061
2026-01-10 10:00,1,4,10,G04,hidro,286.935
2026-01-10 10:00,1,4,10,G05,hidro,239.538
2026-01-10 10:00,1,4,10,G06,termo,169.721
2026-01-10 10:00,1,4,10,G07,termo,168.5
2026-01-10 10:00,1,4,10,G08,solar,117.879
2026-01-10 10:00,1,4,10,G09,solar,112.89
2026-01-10 10:00,1,4,10,G10,eolica,70.849
2026-01-10 11:00,1,4,11,G01,hidro,99.834
2026-01-10 11:00,1,4,11,G02,hidro,104.471
2026-01-10 11:00,1,4,11,G03,hidro,215.758
2026-01-10 11:00,1,4,11,G04,hidro,261.156
2026-01-10 11:00,1,4,11,G05,hidro,277.466
2026-01-10 11:00,1,4,11,G06,termo,158.633
2026-01-10 11:00,1,4,11,G07,termo,177.991
2026-01-10 11:00,1,4,11,G08,solar,125.686
2026-01-10 11:00,1,4,11,G09,solar,123.258
2026-01-10 11:00,1,4,11,G10,eolica,60.099
2026-01-10 12:00,1,4,12,G01,hidro,103.272
2026-01-10 12:00,1,4,12,G02,hidro,82.752
2026-01-10 12:00,1,4,12,G03,hidro,219.13
2026-01-10 12:00,1,4,12,G04,hidro,240.614
2026-01-10 12:00,1,4,12,G05,hidro,274.088
2026-01-10 12:00,1,4,12,G06,termo,164.949
2026-01-10 12:00,1,4,12,G07,termo,171.51
2026-01-10 12:00,1,4,12,G08,solar,136.047
2026-01-10 12:00,1,4,12,G09,solar,134.418
2026-01-10 12:00,1,4,12,G10,eolica,59.555
2026-01-10 13:00,1,4,13,G01,hidro,87.625
2026-01-10 13:00,1,4,13,G02,hidro,84.549
2026-01-10 13:00,1,4,13,G03,hidro,191.295
2026-01-10 13:00,1,4,13,G04,hidro,231.441
2026-01-10 13:00,1,4,13,G05,hidro,291.913
2026-01-10 13:00,1,4,13,G06,termo,160.711
2026-01-10 13:00,1,4,13,G07,termo,146.852
2026-01-10 13:00,1,4,13,G08,solar,143.932
2026-01-10 13:00,1,4,13,G09,solar,146.977
2026-01-10 13:00,1,4,13,G10,eolica,47.582
2026-01-10 14:00,1,4,14,G01,hidro,82.721
2026-01-10 14:00,1,4,14,G02,hidro,87.401
2026-01-10 14:00,1,4,14,G03,hidro,195.834
2026-01-10 14:00,1,4,14,G04,hidro,242.925
2026-01-10 14:00,1,4,14,G05,hidro,285.858
2026-01-10 14:00,1,4,14,G06,termo,176.952
2026-01-10 14:00,1,4,14,G07,termo,176.773
2026-01-10 14:00,1,4,14,G08,solar,142.803
2026-01-10 14:00,1,4,14,G09,solar,139.018
2026-01-10 14:00,1,4,14,G10,eolica,42.419
2026-01-10 15:00,1,4,15,G01,hidro,90.165
2026-01-10 15:00,1,4,15,G02,hidro,88.715
2026-01-10 15:00,1,4,15,G03,hidro,191.635
2026-01-10 15:00,1,4,15,G04,hidro,247.805
2026-01-10 15:00,1,4,15,G05,hidro,238.439
2026-01-10 15:00,1,4,15,G06,termo,161.467
2026-01-10 15:00,1,4,15,G07,termo,168.723
2026-01-10 15:00,1,4,15,G08,solar,147.344
2026-01-10 15:00,1,4,15,G09,solar,136.281
2026-01-10 15:00,1,4,15,G10,eolica,38.967
2026-01-10 16:00,1,4,16,G01,hidro,88.035
2026-01-10 16:00,1,4,16,G02,hidro,89.499
2026-01-10 16:00,1,4,16,G03,hidro,197.614
2026-01-10 16:00,1,4,16,G04,hidro,253.95
2026-01-10 16:00,1,4,16,G05,hidro,277.003
2026-01-10 16:00,1,4,16,G06,termo,150.877
2026-01-10 16:00,1,4,16,G07,termo,171.935
2026-01-10 16:00,1,4,16,G08,solar,70.72
2026-01-10 16:00,1,4,16,G09,solar,73.278
2026-01-10 16:00,1,4,16,G10,eolica,34.914
2026-01-10 17:00,1,4,17,G01,hidro,98.66
2026-01-10 17:00,1,4,17,G02,hidro,101.983
2026-01-10 17:00,1,4,17,G03,hidro,189.664
2026-01-10 17:00,1,4,17,G04,hidro,237.545
2026-01-10 17:00,1,4,17,G05,hidro,257.286
2026-01-10 17:00,1,4,17,G06,termo,165.515
2026-01-10 17:00,1,4,17,G07,termo,164.33
2026-01-10 17:00,1,4,17,G08,solar,70.993
2026-01-10 17:00,1,4,17,G09,solar,74.06
2026-01-10 17:00,1,4,17,G10,eolica,32.41
2026-01-10 18:00,1,4,18,G01,hidro,96.86
2026-01-10 18:00,1,4,18,G02,hidro,104.268
2026-01-10 18:00,1,4,18,G03,hidro,198.552
2026-01-10 18:00,1,4,18,G04,hidro,283.909
2026-01-10 18:00,1,4,18,G05,hidro,230.625
2026-01-10 18:00,1,4,18,G06,termo,155.144
2026-01-10 18:00,1,4,18,G07,termo,173.795
2026-01-10 18:00,1,4,18,G08,solar,14.634
2026-01-10 18:00,1,4,18,G09,solar,14.019
2026-01-10 18:00,1,4,18,G10,eolica,33.661
2026-01-10 19:00,1,4,19,G01,hidro,86.477
2026-01-10 19:00,1,4,19,G02,hidro,77.895
2026-01-10 19:00,1,4,19,G03,hidro,189.505
2026-01-10 19:00,1,4,19,G04,hidro,232.994
2026-01-10 19:00,1,4,19,G05,hidro,258.8
2026-01-10 19:00,1,4,19,G06,termo,157.196
2026-01-10 19:00,1,4,19,G07,termo,143.266
2026-01-10 19:00,1,4,19,G08,solar,12.868
2026-01-10 19:00,1,4,19,G09,solar,13.166
2026-01-10 19:00,1,4,19,G10,eolica,34.813
2026-01-10 20:00,1,4,20,G01,hidro,79.386
2026-01-10 20:00,1,4,20,G02,hidro,85.702
2026-01-10 20:00,1,4,20,G03,hidro,196.677
2026-01-10 20:00,1,4,20,G04,hidro,229.29
2026-01-10 20:00,1,4,20,G05,hidro,256.682
2026-01-10 20:00,1,4,20,G06,termo,139.399
2026-01-10 20:00,1,4,20,G07,termo,127.601
2026-01-10 20:00,1,4,20,G08,solar,0.0
2026-01-10 20:00,1,4,20,G09,solar,0.0
2026-01-10 20:00,1,4,20,G10,eolica,39.58
2026-01-10 21:00,1,4,21,G01,hidro,91.237
2026-01-10 21:00,1,4,21,G02,hidro,85.748
2026-01-10 21:00,1,4,21,G03,hidro,173.392
2026-01-10 21:00,1,4,21,G04,hidro,242.923
2026-01-10 21:00,1,4,21,G05,hidro,260.089
2026-01-10 21:00,1,4,21,G06,termo,145.993
2026-01-10 21:00,1,4,21,G07,termo,155.225
2026-01-10 21:00,1,4,21,G08,solar,0.0
2026-01-10 21:00,1,4,21,G09,solar,0.0
2026-01-10 21:00,1,4,21,G10,eolica,40.046
2026-01-10 22:00,1,4,22,G01,hidro,94.252
2026-01-10 22:00,1,4,22,G02,hidro,80.538
2026-01-10 22:00,1,4,22,G03,hidro,165.883
2026-01-10 22:00,1,4,22,G04,hidro,240.064
2026-01-10 22:00,1,4,22,G05,hidro,254.43
2026-01-10 22:00,1,4,22,G06,termo,136.367
2026-01-10 22:00,1,4,22,G07,termo,160.359
2026-01-10 22:00,1,4,22,G08,solar,0.0
2026-01-10 22:00,1,4,22,G09,solar,0.0
2026-01-10 22:00,1,4,22,G10,eolica,48.038
2026-01-10 23:00,1,4,23,G01,hidro,62.983
2026-01-10 23:00,1,4,23,G02,hidro,69.624
2026-01-10 23:00,1,4,23,G03,hidro,129.739
2026-01-10 23:00,1,4,23,G04,hidro,170.908
2026-01-10 23:00,1,4,23,G05,hidro,189.971
2026-01-10 23:00,1,4,23,G06,termo,113.276
2026-01-10 23:00,1,4,23,G07,termo,114.687
2026-01-10 23:00,1,4,23,G08,solar,0.0
2026-01-10 23:00,1,4,23,G09,solar,0.0
2026-01-10 23:00,1,4,23,G10,eolica,55.195
2026-01-11 00:00,1,5,0,G01,hidro,56.082
2026-01-11 00:00,1,5,0,G02,hidro,53.984
2026-01-11 00:00,1,5,0,G03,hidro,125.14
2026-01-11 00:00,1,5,0,G04,hidro,166.122
2026-01-11 00:00,1,5,0,G05,hidro,145.147
2026-01-11 00:00,1,5,0,G06,termo,95.197
2026-01-11 00:00,1,5,0,G07,termo,99.777
2026-01-11 00:00,1,5,0,G08,solar,0.0
2026-01-11 00:00,1,5,0,G09,solar,0.0
2026-01-11 00:00,1,5,0,G10,eolica,54.05
2026-01-11 01:00,1,5,1,G01,hidro,54.851
2026-01-11 01:00,1,5,1,G02,hidro,60.076
2026-01-11 01:00,1,5,1,G03,hidro,121.348
2026-01-11 01:00,1,5,1,G04,hidro,144.571
2026-01-11 01:00,1,5,1,G05,hidro,160.828
2026-01-11 01:00,1,5,1,G06,termo,104.923
2026-01-11 01:00,1,5,1,G07,termo,89.767
2026-01-11 01:00,1,5,1,G08,solar,0.0
2026-01-11 01:00,1,5,1,G09,solar,0.0
2026-01-11 01:00,1,5,1,G10,eolica,66.219
2026-01-11 02:00,1,5,2,G01,hidro,63.371
2026-01-11 02:00,1,5,2,G02,hidro,55.486
2026-01-11 02:00,1,5,2,G03,hidro,126.581
2026-01-11 02:00,1,5,2,G04,hidro,176.285
2026-01-11 02:00,1,5,2,G05,hidro,163.547
2026-01-11 02:00,1,5,2,G06,termo,89.507
2026-01-11 02:00,1,5,2,G07,termo,105.668
2026-01-11 02:00,1,5,2,G08,solar,0.0
2026-01-11 02:00,1,5,2,G09,solar,0.0
2026-01-11 02:00,1,5,2,G10,eolica,76.648
2026-01-11 03:00,1,5,3,G01,hidro,54.962
2026-01-11 03:00,1,5,3,G02,hidro,58.609
2026-01-11 03:00,1,5,3,G03,hidro,113.32
2026-01-11 03:00,1,5,3,G04,hidro,142.01
2026-01-11 03:00,1,5,3,G05,hidro,157.152
2026-01-11 03:00,1,5,3,G06,termo,102.09
2026-01-11 03:00,1,5,3,G07,termo,97.02
2026-01-11 03:00,1,5,3,G08,solar,0.0
2026-01-11 03:00,1,5,3,G09,solar,0.0
2026-01-11 03:00,1,5,3,G10,eolica,82.326
2026-01-11 04:00,1,5,4,G01,hidro,58.21
2026-01-11 04:00,1,5,4,G02,hidro,63.259
2026-01-11 04:00,1,5,4,G03,hidro,126.023
2026-01-11 04:00,1,5,4,G04,hidro,145.903
2026-01-11 04:00,1,5,4,G05,hidro,162.053
2026-01-11 04:00,1,5,4,G06,termo,98.212
2026-01-11 04:00,1,5,4,G07,termo,106.037
2026-01-11 04:00,1,5,4,G08,solar,0.0
2026-01-11 04:00,1,5,4,G09,solar,0.0
2026-01-11 04:00,1,5,4,G10,eolica,79.7
2026-01-11 05:00,1,5,5,G01,hidro,58.552
2026-01-11 05:00,1,5,5,G02,hidro,56.004
2026-01-11 05:00,1,5,5,G03,hidro,116.096
2026-01-11 05:00,1,5,5,G04,hidro,176.036
2026-01-11 05:00,1,5,5,G05,hidro,181.184
2026-01-11 05:00,1,5,5,G06,termo,86.517
2026-01-11 05:00,1,5,5,G07,termo,92.711
2026-01-11 05:00,1,5,5,G08,solar,0.0
2026-01-11 05:00,1,5,5,G09,solar,0.0
2026-01-11 05:00,1,5,5,G10,eolica,86.242
2026-01-11 06:00,1,5,6,G01,hidro,51.942
2026-01-11 06:00,1,5,6,G02,hidro,62.595
2026-01-11 06:00,1,5,6,G03,hidro,136.969
2026-01-11 06:00,1,5,6,G04,hidro,180.086
2026-01-11 06:00,1,5,6,G05,hidro,165.714
2026-01-11 06:00,1,5,6,G06,termo,103.559
2026-01-11 06:00,1,5,6,G07,termo,103.745
2026-01-11 06:00,1,5,6,G08,solar,0.0
2026-01-11 06:00,1,5,6,G09,solar,0.0
2026-01-11 06:00,1,5,6,G10,eolica,83.892
2026-01-11 07:00,1,5,7,G01,hidro,99.026
2026-01-11 07:00,1,5,7,G02,hidro,98.007
2026-01-11 07:00,1,5,7,G03,hidro,227.386
2026-01-11 07:00,1,5,7,G04,hidro,284.985
2026-01-11 07:00,1,5,7,G05,hidro,289.197
2026-01-11 07:00,1,5,7,G06,termo,173.746
2026-01-11 07:00,1,5,7,G07,termo,140.613
2026-01-11 07:00,1,5,7,G08,solar,44.324
2026-01-11 07:00,1,5,7,G09,solar,38.931
2026-01-11 07:00,1,5,7,G10,eolica,86.245
2026-01-11 08:00,1,5,8,G01,hidro,82.632
2026-01-11 08:00,1,5,8,G02,hidro,88.994
2026-01-11 08:00,1,5,8,G03,hidro,208.851
2026-01-11 08:00,1,5,8,G04,hidro,254.869
2026-01-11 08:00,1,5,8,G05,hidro,272.686
2026-01-11 08:00,1,5,8,G06,termo,148.112
2026-01-11 08:00,1,5,8,G07,termo,139.516
2026-01-11 08:00,1,5,8,G08,solar,43.896
2026-01-11 08:00,1,5,8,G09,solar,41.465
2026-01-11 08:00,1,5,8,G10,eolica,74.943
2026-01-11 09:00,1,5,9,G01,hidro,104.945
2026-01-11 09:00,1,5,9,G02,hidro,85.999
2026-01-11 09:00,1,5,9,G03,hidro,206.731
2026-01-11 09:00,1,5,9,G04,hidro,241.195
2026-01-11 09:00,1,5,9,G05,hidro,271.168
2026-01-11 09:00,1,5,9,G06,termo,169.759
2026-01-11 09:00,1,5,9,G07,termo,144.659
2026-01-11 09:00,1,5,9,G08,solar,112.308
2026-01-11 09:00,1,5,9,G09,solar,121.782
2026-01-11 09:00,1,5,9,G10,eolica,81.134
2026-01-11 10:00,1,5,10,G01,hidro,92.575
2026-01-11 10:00,1,5,10,G02,hidro,93.318
2026-01-11 10:00,1,5,10,G03,hidro,215.935
2026-01-11 10:00,1,5,10,G04,hidro,272.394
2026-01-11 10:00,1,5,10,G05,hidro,272.884
2026-01-11 10:00,1,5,10,G06,termo,150.319
2026-01-11 10:00,1,5,10,G07,termo,151.967
2026-01-11 10:00,1,5,10,G08,solar,120.953
2026-01-11 10:00,1,5,10,G09,solar,115.89
2026-01-11 10:00,1,5,10,G10,eolica,78.382
2026-01-11 11:00,1,5,11,G01,hidro,103.043
2026-01-11 11:00,1,5,11,G02,hidro,95.832
2026-01-11 11:00,1,5,11,G03,hidro,199.599
2026-01-11 11:00,1,5,11,G04,hidro,281.262
2026-01-11 11:00,1,5,11,G05,hidro,269.479
2026-01-11 11:00,1,5,11,G06,termo,163.462
2026-01-11 11:00,1,5,11,G07,termo,174.1
2026-01-11 11:00,1,5,11,G08,solar,115.206
2026-01-11 11:00,1,5,11,G09,solar,119.082
2026-01-11 11:00,1,5,11,G10,eolica,72.627
2026-01-11 12:00,1,5,12,G01,hidro,99.555
2026-01-11 12:00,1,5,12,G02,hidro,83.059
2026-01-11 12:00,1,5,12,G03,hidro,185.56
2026-01-11 12:00,1,5,12,G04,hidro,242.532
2026-01-11 12:00,1,5,12,G05,hidro,257.828
2026-01-11 12:00,1,5,12,G06,termo,160.073
2026-01-11 12:00,1,5,12,G07,termo,176.218
2026-01-11 12:00,1,5,12,G08,solar,139.639
2026-01-11 12:00,1,5,12,G09,solar,130.402
2026-01-11 12:00,1,5,12,G10,eolica,56.778
2026-01-11 13:00,1,5,13,G01,hidro,102.015
2026-01-11 13:00,1,5,13,G02,hidro,84.405
2026-01-11 13:00,1,5,13,G03,hidro,187.784
2026-01-11 13:00,1,5,13,G04,hidro,293.791
2026-01-11 13:00,1,5,13,G05,hidro,256.643
2026-01-11 13:00,1,5,13,G06,termo,175.125
2026-01-11 13:00,1,5,13,G07,termo,140.21
2026-01-11 13:00,1,5,13,G08,solar,127.706
2026-01-11 13:00,1,5,13,G09,solar,139.742
2026-01-11 13:00,1,5,13,G10,eolica,55.963
2026-01-11 14:00,1,5,14,G01,hidro,82.002
2026-01-11 14:00,1,5,14,G02,hidro,83.507
2026-01-11 14:00,1,5,14,G03,hidro,182.833
2026-01-11 14:00,1,5,14,G04,hidro,264.243
2026-01-11 14:00,1,5,14,G05,hidro,271.351
2026-01-11 14:00,1,5,14,G06,termo,148.715
2026-01-11 14:00,1,5,14,G07,termo,176.175
2026-01-11 14:00,1,5,14,G08,solar,140.165
2026-01-11 14:00,1,5,14,G09,solar,144.609
2026-01-11 14:00,1,5,14,G10,eolica,42.822
2026-01-11 15:00,1,5,15,G01,hidro,103.585
2026-01-11 15:00,1,5,15,G02,hidro,83.101
2026-01-11 15:00,1,5,15,G03,hidro,229.971
2026-01-11 15:00,1,5,15,G04,hidro,281.963
2026-01-11 15:00,1,5,15,G05,hidro,247.407
2026-01-11 15:00,1,5,15,G06,termo,164.989
2026-01-11 15:00,1,5,15,G07,termo,172.02
2026-01-11 15:00,1,5,15,G08,solar,131.774
2026-01-11 15:00,1,5,15,G09,solar,149.523
2026-01-11 15:00,1,5,15,G10,eolica,37.559
2026-01-11 16:00,1,5,16,G01,hidro,97.882
2026-01-11 16:00,1,5,16,G02,hidro,90.97
2026-01-11 16:00,1,5,16,G03,hidro,192.825
2026-01-11 16:00,1,5,16,G04,hidro,245.893
2026-01-11 16:00,1,5,16,G05,hidro,271.063
2026-01-11 16:00,1,5,16,G06,termo,170.817
2026-01-11 16:00,1,5,16,G07,termo,152.19
2026-01-11 16:00,1,5,16,G08,solar,72.2
2026-01-11 16:00,1,5,16,G09,solar,75.757
2026-01-11 16:00,1,5,16,G10,eolica,34.337
2026-01-11 17:00,1,5,17,G01,hidro,93.924
2026-01-11 17:00,1,5,17,G02,hidro,104.255
2026-01-11 17:00,1,5,17,G03,hidro,197.566
2026-01-11 17:00,1,5,17,G04,hidro,278.459
2026-01-11 17:00,1,5,17,G05,hidro,260.116
2026-01-11 17:00,1,5,17,G06,termo,145.174
2026-01-11 17:00,1,5,17,G07,termo,166.176
2026-01-11 17:00,1,5,17,G08,solar,75.833
2026-01-11 17:00,1,5,17,G09,solar,71.35
2026-01-11 17:00,1,5,17,G10,eolica,32.179
2026-01-11 18:00,1,5,18,G01,hidro,84.089
2026-01-11 18:00,1,5,18,G02,hidro,104.496
2026-01-11 18:00,1,5,18,G03,hidro,222.255
2026-01-11 18:00,1,5,18,G04,hidro,242.612
2026-01-11 18:00,1,5,18,G05,hidro,246.372
2026-01-11 18:00,1,5,18,G06,termo,144.601
2026-01-11 18:00,1,5,18,G07,termo,177.301
2026-01-11 18:00,1,5,18,G08,solar,13.348
2026-01-11 18:00,1,5,18,G09,solar,14.67
2026-01-11 18:00,1,5,18,G10,eolica,32.805
2026-01-11 19:00,1,5,19,G01,hidro,87.496
2026-01-11 19:00,1,5,19,G02,hidro,76.402
2026-01-11 19:00,1,5,19,G03,hidro,195.5
2026-01-11 19:00,1,5,19,G04,hidro,260.094
2026-01-11 19:00,1,5,19,G05,hidro,247.853
2026-01-11 19:00,1,5,19,G06,termo,149.603
2026-01-11 19:00,1,5,19,G07,termo,128.573
2026-01-11 19:00,1,5,19,G08,solar,13.798
2026-01-11 19:00,1,5,19,G09,solar,13.155
2026-01-11 19:00,1,5,19,G10,eolica,34.552
2026-01-11 20:00,1,5,20,G01,hidro,85.548
2026-01-11 20:00,1,5,20,G02,hidro,83.169
2026-01-11 20:00,1,5,20,G03,hidro,205.177
2026-01-11 20:00,1,5,20,G04,hidro,265.824
2026-01-11 20:00,1,5,20,G05,hidro,247.474
2026-01-11 20:00,1,5,20,G06,termo,131.526
2026-01-11 20:00,1,5,20,G07,termo,153.564
2026-01-11 20:00,1,5,20,G08,solar,0.0
2026-01-11 20:00,1,5,20,G09,solar,0.0
2026-01-11 20:00,1,5,20,G10,eolica,39.199
2026-01-11 21:00,1,5,21,G01,hidro,83.325
2026-01-11 21:00,1,5,21,G02,hidro,75.007
2026-01-11 21:00,1,5,21,G03,hidro,200.463
2026-01-11 21:00,1,5,21,G04,hidro,234.372
2026-01-11 21:00,1,5,21,G05,hidro,250.141
2026-01-11 21:00,1,5,21,G06,termo,147.075
2026-01-11 21:00,1,5,21,G07,termo,132.153
2026-01-11 21:00,1,5,21,G08,solar,0.0
2026-01-11 21:00,1,5,21,G09,solar,0.0
2026-01-11 21:00,1,5,21,G10,eolica,36.575
2026-01-11 22:00,1,5,22,G01,hidro,87.056
2026-01-11 22:00,1,5,22,G02,hidro,78.222
2026-01-11 22:00,1,5,22,G03,hidro,168.857
2026-01-11 22:00,1,5,22,G04,hidro,220.56
2026-01-11 22:00,1,5,22,G05,hidro,248.835
2026-01-11 22:00,1,5,22,G06,termo,129.988
2026-01-11 22:00,1,5,22,G07,termo,134.163
2026-01-11 22:00,1,5,22,G08,solar,0.0
2026-01-11 22:00,1,5,22,G09,solar,0.0
2026-01-11 22:00,1,5,22,G10,eolica,43.614
2026-01-11 23:00,1,5,23,G01,hidro,69.248
2026-01-11 23:00,1,5,23,G02,hidro,59.978
2026-01-11 23:00,1,5,23,G03,hidro,120.518
2026-01-11 23:00,1,5,23,G04,hidro,164.316
2026-01-11 23:00,1,5,23,G05,hidro,156.705
2026-01-11 23:00,1,5,23,G06,termo,115.851
2026-01-11 23:00,1,5,23,G07,termo,109.1
2026-01-11 23:00,1,5,23,G08,solar,0.0
2026-01-11 23:00,1,5,23,G09,solar,0.0
2026-01-11 23:00,1,5,23,G10,eolica,52.289
2026-01-12 00:00,1,6,0,G01,hidro,55.017
2026-01-12 00:00,1,6,0,G02,hidro,58.588
2026-01-12 00:00,1,6,0,G03,hidro,116.748
2026-01-12 00:00,1,6,0,G04,hidro,178.773
2026-01-12 00:00,1,6,0,G05,hidro,149.931
2026-01-12 00:00,1,6,0,G06,termo,107.12
2026-01-12 00:00,1,6,0,G07,termo,89.71
2026-01-12 00:00,1,6,0,G08,solar,0.0
2026-01-12 00:00,1,6,0,G09,solar,0.0
2026-01-12 00:00,1,6,0,G10,eolica,57.303
2026-01-12 01:00,1,6,1,G01,hidro,63.145
2026-01-12 01:00,1,6,1,G02,hidro,55.096
2026-01-12 01:00,1,6,1,G03,hidro,119.911
2026-01-12 01:00,1,6,1,G04,hidro,177.368
2026-01-12 01:00,1,6,1,G05,hidro,152.573
2026-01-12 01:00,1,6,1,G06,termo,98.12
2026-01-12 01:00,1,6,1,G07,termo,108.56
2026-01-12 01:00,1,6,1,G08,solar,0.0
2026-01-12 01:00,1,6,1,G09,solar,0.0
2026-01-12 01:00,1,6,1,G10,eolica,65.736
2026-01-12 02:00,1,6,2,G01,hidro,56.283
2026-01-12 02:00,1,6,2,G02,hidro,63.135
2026-01-12 02:00,1,6,2,G03,hidro,142.262
2026-01-12 02:00,1,6,2,G04,hidro,153.579
2026-01-12 02:00,1,6,2,G05,hidro,143.529
2026-01-12 02:00,1,6,2,G06,termo,100.062
2026-01-12 02:00,1,6,2,G07,termo,88.335
2026-01-12 02:00,1,6,2,G08,solar,0.0
2026-01-12 02:00,1,6,2,G09,solar,0.0
2026-01-12 02:00,1,6,2,G10,eolica,80.365
2026-01-12 03:00,1,6,3,G01,hidro,53.121
2026-01-12 03:00,1,6,3,G02,hidro,52.484
2026-01-12 03:00,1,6,3,G03,hidro,116.1
2026-01-12 03:00,1,6,3,G04,hidro,164.006
2026-01-12 03:00,1,6,3,G05,hidro,161.171
2026-01-12 03:00,1,6,3,G06,termo,102.484
2026-01-12 03:00,1,6,3,G07,termo,104.99
2026-01-12 03:00,1,6,3,G08,solar,0.0
2026-01-12 03:00,1,6,3,G09,solar,0.0
2026-01-12 03:00,1,6,3,G10,eolica,71.881
2026-01-12 04:00,1,6,4,G01,hidro,63.848
2026-01-12 04:00,1,6,4,G02,hidro,58.177
2026-01-12 04:00,1,6,4,G03,hidro,122.555
2026-01-12 04:00,1,6,4,G04,hidro,162.379
2026-01-12 04:00,1,6,4,G05,hidro,147.175
2026-01-12 04:00,1,6,4,G06,termo,101.717
2026-01-12 04:00,1,6,4,G07,termo,103.416
2026-01-12 04:00,1,6,4,G08,solar,0.0
2026-01-12 04:00,1,6,4,G09,solar,0.0
2026-01-12 04:00,1,6,4,G10,eolica,89.821
2026-01-12 05:00,1,6,5,G01,hidro,60.26
2026-01-12 05:00,1,6,5,G02,hidro,51.89
2026-01-12 05:00,1,6,5,G03,hidro,142.618
2026-01-12 05:00,1,6,5,G04,hidro,170.326
2026-01-12 05:00,1,6,5,G05,hidro,145.491
2026-01-12 05:00,1,6,5,G06,termo,95.799
2026-01-12 05:00,1,6,5,G07,termo,109.742
2026-01-12 05:00,1,6,5,G08,solar,0.0
2026-01-12 05:00,1,6,5,G09,solar,0.0
2026-01-12 05:00,1,6,5,G10,eolica,89.038
2026-01-12 06:00,1,6,6,G01,hidro,63.095
2026-01-12 06:00,1,6,6,G02,hidro,63.037
2026-01-12 06:00,1,6,6,G03,hidro,127.143
2026-01-12 06:00,1,6,6,G04,hidro,170.259
2026-01-12 06:00,1,6,6,G05,hidro,167.374
2026-01-12 06:00,1,6,6,G06,termo,98.812
2026-01-12 06:00,1,6,6,G07,termo,110.024
2026-01-12 06:00,1,6,6,G08,solar,0.0
2026-01-12 06:00,1,6,6,G09,solar,0.0
2026-01-12 06:00,1,6,6,G10,eolica,86.858
2026-01-12 07:00,1,6,7,G01,hidro,100.53
2026-01-12 07:00,1,6,7,G02,hidro,98.216
2026-01-12 07:00,1,6,7,G03,hidro,216.956
2026-01-12 07:00,1,6,7,G04,hidro,268.857
2026-01-12 07:00,1,6,7,G05,hidro,268.272
2026-01-12 07:00,1,6,7,G06,termo,146.363
2026-01-12 07:00,1,6,7,G07,termo,140.255
2026-01-12 07:00,1,6,7,G08,solar,40.235
2026-01-12 07:00,1,6,7,G09,solar,39.462
2026-01-12 07:00,1,6,7,G10,eolica,94.122
2026-01-12 08:00,1,6,8,G01,hidro,97.592
2026-01-12 08:00,1,6,8,G02,hidro,99.787
2026-01-12 08:00,1,6,8,G03,hidro,208.685
2026-01-12 08:00,1,6,8,G04,hidro,279.751
2026-01-12 08:00,1,6,8,G05,hidro,230.562
2026-01-12 08:00,1,6,8,G06,termo,151.299
2026-01-12 08:00,1,6,8,G07,termo,143.857
2026-01-12 08:00,1,6,8,G08,solar,41.965
2026-01-12 08:00,1,6,8,G09,solar,40.34
2026-01-12 08:00,1,6,8,G10,eolica,78.174
2026-01-12 09:00,1,6,9,G01,hidro,103.788
2026-01-12 09:00,1,6,9,G02,hidro,86.545
2026-01-12 09:00,1,6,9,G03,hidro,191.583
2026-01-12 09:00,1,6,9,G04,hidro,285.823
2026-01-12 09:00,1,6,9,G05,hidro,272.791
2026-01-12 09:00,1,6,9,G06,termo,156.521
2026-01-12 09:00,1,6,9,G07,termo,146.88
2026-01-12 09:00,1,6,9,G08,solar,116.612
2026-01-12 09:00,1,6,9,G09,solar,116.109
2026-01-12 09:00,1,6,9,G10,eolica,80.238
2026-01-12 10:00,1,6,10,G01,hidro,104.889
2026-01-12 10:00,1,6,10,G02,hidro,97.644
2026-01-12 10:00,1,6,10,G03,hidro,220.286
2026-01-12 10:00,1,6,10,G04,hidro,287.339
2026-01-12 10:00,1,6,10,G05,hidro,276.577
2026-01-12 10:00,1,6,10,G06,termo,164.73
2026-01-12 10:00,1,6,10,G07,termo,148.805
2026-01-12 10:00,1,6,10,G08,solar,119.878
2026-01-12 10:00,1,6,10,G09,solar,111.184
2026-01-12 10:00,1,6,10,G10,eolica,69.266
2026-01-12 11:00,1,6,11,G01,hidro,98.878
2026-01-12 11:00,1,6,11,G02,hidro,89.776
2026-01-12 11:00,1,6,11,G03,hidro,202.611
2026-01-12 11:00,1,6,11,G04,hidro,269.0
2026-01-12 11:00,1,6,11,G05,hidro,260.101
2026-01-12 11:00,1,6,11,G06,termo,151.636
2026-01-12 11:00,1,6,11,G07,termo,165.775
2026-01-12 11:00,1,6,11,G08,solar,109.685
2026-01-12 11:00,1,6,11,G09,solar,113.332
2026-01-12 11:00,1,6,11,G10,eolica,73.362
2026-01-12 12:00,1,6,12,G01,hidro,96.2
2026-01-12 12:00,1,6,12,G02,hidro,87.02
2026-01-12 12:00,1,6,12,G03,hidro,183.458
2026-01-12 12:00,1,6,12,G04,hidro,256.917
2026-01-12 12:00,1,6,12,G05,hidro,267.469
2026-01-12 12:00,1,6,12,G06,termo,176.551
2026-01-12 12:00,1,6,12,G07,termo,178.106
2026-01-12 12:00,1,6,12,G08,solar,140.395
2026-01-12 12:00,1,6,12,G09,solar,140.998
2026-01-12 12:00,1,6,12,G10,eolica,60.218
2026-01-12 13:00,1,6,13,G01,hidro,84.258
2026-01-12 13:00,1,6,13,G02,hidro,87.912
2026-01-12 13:00,1,6,13,G03,hidro,196.996
2026-01-12 13:00,1,6,13,G04,hidro,273.189
2026-01-12 13:00,1,6,13,G05,hidro,242.426
2026-01-12 13:00,1,6,13,G06,termo,152.195
2026-01-12 13:00,1,6,13,G07,termo,149.392
2026-01-12 13:00,1,6,13,G08,solar,143.758
2026-01-12 13:00,1,6,13,G09,solar,146.278
2026-01-12 13:00,1,6,13,G10,eolica,47.415
2026-01-12 14:00,1,6,14,G01,hidro,96.795
2026-01-12 14:00,1,6,14,G02,hidro,89.466
2026-01-12 14:00,1,6,14,G03,hidro,226.406
2026-01-12 14:00,1,6,14,G04,hidro,289.975
2026-01-12 14:00,1,6,14,G05,hidro,285.673
2026-01-12 14:00,1,6,14,G06,termo,169.068
2026-01-12 14:00,1,6,14,G07,termo,150.635
2026-01-12 14:00,1,6,14,G08,solar,142.831
2026-01-12 14:00,1,6,14,G09,solar,132.434
2026-01-12 14:00,1,6,14,G10,eolica,50.441
2026-01-12 15:00,1,6,15,G01,hidro,87.709
2026-01-12 15:00,1,6,15,G02,hidro,84.591
2026-01-12 15:00,1,6,15,G03,hidro,190.491
2026-01-12 15:00,1,6,15,G04,hidro,248.309
2026-01-12 15:00,1,6,15,G05,hidro,277.824
2026-01-12 15:00,1,6,15,G06,termo,165.919
2026-01-12 15:00,1,6,15,G07,termo,155.092
2026-01-12 15:00,1,6,15,G08,solar,137.594
2026-01-12 15:00,1,6,15,G09,solar,143.237
2026-01-12 15:00,1,6,15,G10,eolica,36.878
2026-01-12 16:00,1,6,16,G01,hidro,85.917
2026-01-12 16:00,1,6,16,G02,hidro,96.796
2026-01-12 16:00,1,6,16,G03,hidro,229.05
2026-01-12 16:00,1,6,16,G04,hidro,243.181
2026-01-12 16:00,1,6,16,G05,hidro,262.1
2026-01-12 16:00,1,6,16,G06,termo,141.674
2026-01-12 16:00,1,6,16,G07,termo,151.883
2026-01-12 16:00,1,6,16,G08,solar,81.708
2026-01-12 16:00,1,6,16,G09,solar,77.813
2026-01-12 16:00,1,6,16,G10,eolica,35.399
2026-01-12 17:00,1,6,17,G01,hidro,101.614
2026-01-12 17:00,1,6,17,G02,hidro,90.81
2026-01-12 17:00,1,6,17,G03,hidro,220.161
2026-01-12 17:00,1,6,17,G04,hidro,238.732
2026-01-12 17:00,1,6,17,G05,hidro,243.736
2026-01-12 17:00,1,6,17,G06,termo,158.009
2026-01-12 17:00,1,6,17,G07,termo,166.008
2026-01-12 17:00,1,6,17,G08,solar,79.233
2026-01-12 17:00,1,6,17,G09,solar,70.374
2026-01-12 17:00,1,6,17,G10,eolica,34.775
2026-01-12 18:00,1,6,18,G01,hidro,104.669
2026-01-12 18:00,1,6,18,G02,hidro,85.11
2026-01-12 18:00,1,6,18,G03,hidro,203.504
2026-01-12 18:00,1,6,18,G04,hidro,262.885
2026-01-12 18:00,1,6,18,G05,hidro,240.614
2026-01-12 18:00,1,6,18,G06,termo,158.63
2026-01-12 18:00,1,6,18,G07,termo,173.194
2026-01-12 18:00,1,6,18,G08,solar,14.849
2026-01-12 18:00,1,6,18,G09,solar,14.884
2026-01-12 18:00,1,6,18,G10,eolica,34.327
2026-01-12 19:00,1,6,19,G01,hidro,89.412
2026-01-12 19:00,1,6,19,G02,hidro,91.852
2026-01-12 19:00,1,6,19,G03,hidro,182.573
2026-01-12 19:00,1,6,19,G04,hidro,225.793
2026-01-12 19:00,1,6,19,G05,hidro,226.969
2026-01-12 19:00,1,6,19,G06,termo,153.04
2026-01-12 19:00,1,6,19,G07,termo,158.805
2026-01-12 19:00,1,6,19,G08,solar,14.334
2026-01-12 19:00,1,6,19,G09,solar,14.447
2026-01-12 19:00,1,6,19,G10,eolica,29.717
2026-01-12 20:00,1,6,20,G01,hidro,90.696
2026-01-12 20:00,1,6,20,G02,hidro,75.871
2026-01-12 20:00,1,6,20,G03,hidro,186.638
2026-01-12 20:00,1,6,20,G04,hidro,243.783
2026-01-12 20:00,1,6,20,G05,hidro,216.94
2026-01-12 20:00,1,6,20,G06,termo,152.181
2026-01-12 20:00,1,6,20,G07,termo,149.481
2026-01-12 20:00,1,6,20,G08,solar,0.0
2026-01-12 20:00,1,6,20,G09,solar,0.0
2026-01-12 20:00,1,6,20,G10,eolica,38.997
2026-01-12 21:00,1,6,21,G01,hidro,79.528
2026-01-12 21:00,1,6,21,G02,hidro,75.568
2026-01-12 21:00,1,6,21,G03,hidro,167.762
2026-01-12 21:00,1,6,21,G04,hidro,207.657
2026-01-12 21:00,1,6,21,G05,hidro,254.207
2026-01-12 21:00,1,6,21,G06,termo,154.274
2026-01-12 21:00,1,6,21,G07,termo,129.44
2026-01-12 21:00,1,6,21,G08,solar,0.0
2026-01-12 21:00,1,6,21,G09,solar,0.0
2026-01-12 21:00,1,6,21,G10,eolica,36.874
2026-01-12 22:00,1,6,22,G01,hidro,94.244
2026-01-12 22:00,1,6,22,G02,hidro,82.561
2026-01-12 22:00,1,6,22,G03,hidro,206.856
2026-01-12 22:00,1,6,22,G04,hidro,221.324
2026-01-12 22:00,1,6,22,G05,hidro,235.888
2026-01-12 22:00,1,6,22,G06,termo,144.003
2026-01-12 22:00,1,6,22,G07,termo,129.498
2026-01-12 22:00,1,6,22,G08,solar,0.0
2026-01-12 22:00,1,6,22,G09,solar,0.0
2026-01-12 22:00,1,6,22,G10,eolica,47.266
2026-01-12 23:00,1,6,23,G01,hidro,69.737
2026-01-12 23:00,1,6,23,G02,hidro,62.724
2026-01-12 23:00,1,6,23,G03,hidro,153.743
2026-01-12 23:00,1,6,23,G04,hidro,195.782
2026-01-12 23:00,1,6,23,G05,hidro,155.041
2026-01-12 23:00,1,6,23,G06,termo,113.139
2026-01-12 23:00,1,6,23,G07,termo,110.17
2026-01-12 23:00,1,6,23,G08,solar,0.0
2026-01-12 23:00,1,6,23,G09,solar,0.0
2026-01-12 23:00,1,6,23,G10,eolica,50.912
2026-01-13 00:00,2,0,0,G01,hidro,60.598
2026-01-13 00:00,2,0,0,G02,hidro,51.925
2026-01-13 00:00,2,0,0,G03,hidro,136.814
2026-01-13 00:00,2,0,0,G04,hidro,159.548
2026-01-13 00:00,2,0,0,G05,hidro,144.934
2026-01-13 00:00,2,0,0,G06,termo,102.712
2026-01-13 00:00,2,0,0,G07,termo,108.417
2026-01-13 00:00,2,0,0,G08,solar,0.0
2026-01-13 00:00,2,0,0,G09,solar,0.0
2026-01-13 00:00,2,0,0,G10,eolica,57.794
2026-01-13 01:00,2,0,1,G01,hidro,59.8
2026-01-13 01:00,2,0,1,G02,hidro,50.717
2026-01-13 01:00,2,0,1,G03,hidro,140.047
2026-01-13 01:00,2,0,1,G04,hidro,142.803
2026-01-13 01:00,2,0,1,G05,hidro,158.84
2026-01-13 01:00,2,0,1,G06,termo,92.689
2026-01-13 01:00,2,0,1,G07,termo,101.522
2026-01-13 01:00,2,0,1,G08,solar,0.0
2026-01-13 01:00,2,0,1,G09,solar,0.0
2026-01-13 01:00,2,0,1,G10,eolica,62.836
2026-01-13 02:00,2,0,2,G01,hidro,52.157
2026-01-13 02:00,2,0,2,G02,hidro,55.728
2026-01-13 02:00,2,0,2,G03,hidro,132.76
2026-01-13 02:00,2,0,2,G04,hidro,180.65
2026-01-13 02:00,2,0,2,G05,hidro,147.614
2026-01-13 02:00,2,0,2,G06,termo,88.814
2026-01-13 02:00,2,0,2,G07,termo,103.746
2026-01-13 02:00,2,0,2,G08,solar,0.0
2026-01-13 02:00,2,0,2,G09,solar,0.0
2026-01-13 02:00,2,0,2,G10,eolica,67.143
2026-01-13 03:00,2,0,3,G01,hidro,57.453
2026-01-13 03:00,2,0,3,G02,hidro,52.024
2026-01-13 03:00,2,0,3,G03,hidro,131.78
2026-01-13 03:00,2,0,3,G04,hidro,180.64
2026-01-13 03:00,2,0,3,G05,hidro,170.696
2026-01-13 03:00,2,0,3,G06,termo,106.422
2026-01-13 03:00,2,0,3,G07,termo,106.273
2026-01-13 03:00,2,0,3,G08,solar,0.0
2026-01-13 03:00,2,0,3,G09,solar,0.0
2026-01-13 03:00,2,0,3,G10,eolica,85.057
2026-01-13 04:00,2,0,4,G01,hidro,57.513
2026-01-13 04:00,2,0,4,G02,hidro,57.275
2026-01-13 04:00,2,0,4,G03,hidro,134.436
2026-01-13 04:00,2,0,4,G04,hidro,162.359
2026-01-13 04:00,2,0,4,G05,hidro,145.368
2026-01-13 04:00,2,0,4,G06,termo,88.753
2026-01-13 04:00,2,0,4,G07,termo,90.564
2026-01-13 04:00,2,0,4,G08,solar,0.0
2026-01-13 04:00,2,0,4,G09,solar,0.0
2026-01-13 04:00,2,0,4,G10,eolica,76.683
2026-01-13 05:00,2,0,5,G01,hidro,61.36
2026-01-13 05:00,2,0,5,G02,hidro,60.065
2026-01-13 05:00,2,0,5,G03,hidro,116.521
2026-01-13 05:00,2,0,5,G04,hidro,146.476
2026-01-13 05:00,2,0,5,G05,hidro,162.682
2026-01-13 05:00,2,0,5,G06,termo,96.172
2026-01-13 05:00,2,0,5,G07,termo,97.423
2026-01-13 05:00,2,0,5,G08,solar,0.0
2026-01-13 05:00,2,0,5,G09,solar,0.0
2026-01-13 05:00,2,0,5,G10,eolica,88.417
2026-01-13 06:00,2,0,6,G01,hidro,52.876
2026-01-13 06:00,2,0,6,G02,hidro,58.146
2026-01-13 06:00,2,0,6,G03,hidro,129.125
2026-01-13 06:00,2,0,6,G04,hidro,165.758
2026-01-13 06:00,2,0,6,G05,hidro,171.914
2026-01-13 06:00,2,0,6,G06,termo,89.599
2026-01-13 06:00,2,0,6,G07,termo,92.673
2026-01-13 06:00,2,0,6,G08,solar,0.0
2026-01-13 06:00,2,0,6,G09,solar,0.0
2026-01-13 06:00,2,0,6,G10,eolica,85.467
2026-01-13 07:00,2,0,7,G01,hidro,99.632
2026-01-13 07:00,2,0,7,G02,hidro,97.212
2026-01-13 07:00,2,0,7,G03,hidro,193.227
2026-01-13 07:00,2,0,7,G04,hidro,240.31
2026-01-13 07:00,2,0,7,G05,hidro,249.303
2026-01-13 07:00,2,0,7,G06,termo,170.133
2026-01-13 07:00,2,0,7,G07,termo,158.014
2026-01-13 07:00,2,0,7,G08,solar,44.166
2026-01-13 07:00,2,0,7,G09,solar,38.813
2026-01-13 07:00,2,0,7,G10,eolica,89.097
2026-01-13 08:00,2,0,8,G01,hidro,101.982
2026-01-13 08:00,2,0,8,G02,hidro,87.123
2026-01-13 08:00,2,0,8,G03,hidro,210.089
2026-01-13 08:00,2,0,8,G04,hidro,271.027
2026-01-13 08:00,2,0,8,G05,hidro,274.374
2026-01-13 08:00,2,0,8,G06,termo,169.392
2026-01-13 08:00,2,0,8,G07,termo,163.195
2026-01-13 08:00,2,0,8,G08,solar,38.37
2026-01-13 08:00,2,0,8,G09,solar,41.352
2026-01-13 08:00,2,0,8,G10,eolica,89.538
2026-01-13 09:00,2,0,9,G01,hidro,91.006
2026-01-13 09:00,2,0,9,G02,hidro,95.747
2026-01-13 09:00,2,0,9,G03,hidro,182.488
2026-01-13 09:00,2,0,9,G04,hidro,268.055
2026-01-13 09:00,2,0,9,G05,hidro,234.303
2026-01-13 09:00,2,0,9,G06,termo,160.521
2026-01-13 09:00,2,0,9,G07,termo,140.526
2026-01-13 09:00,2,0,9,G08,solar,117.657
2026-01-13 09:00,2,0,9,G09,solar,114.281
2026-01-13 09:00,2,0,9,G10,eolica,81.221
2026-01-13 10:00,2,0,10,G01,hidro,96.924
2026-01-13 10:00,2,0,10,G02,hidro,83.103
2026-01-13 10:00,2,0,10,G03,hidro,188.041
2026-01-13 10:00,2,0,10,G04,hidro,290.961
2026-01-13 10:00,2,0,10,G05,hidro,262.615
2026-01-13 10:00,2,0,10,G06,termo,144.055
2026-01-13 10:00,2,0,10,G07,termo,149.646
2026-01-13 10:00,2,0,10,G08,solar,122.475
2026-01-13 10:00,2,0,10,G09,solar,121.464
2026-01-13 10:00,2,0,10,G10,eolica,80.404
2026-01-13 11:00,2,0,11,G01,hidro,94.043
2026-01-13 11:00,2,0,11,G02,hidro,82.811
2026-01-13 11:00,2,0,11,G03,hidro,193.154
2026-01-13 11:00,2,0,11,G04,hidro,268.966
2026-01-13 11:00,2,0,11,G05,hidro,257.079
2026-01-13 11:00,2,0,11,G06,termo,142.549
2026-01-13 11:00,2,0,11,G07,termo,140.08
2026-01-13 11:00,2,0,11,G08,solar,118.513
2026-01-13 11:00,2,0,11,G09,solar,125.909
2026-01-13 11:00,2,0,11,G10,eolica,73.124
2026-01-13 12:00,2,0,12,G01,hidro,92.611
2026-01-13 12:00,2,0,12,G02,hidro,83.357
2026-01-13 12:00,2,0,12,G03,hidro,229.524
2026-01-13 12:00,2,0,12,G04,hidro,265.108
2026-01-13 12:00,2,0,12,G05,hidro,279.828
2026-01-13 12:00,2,0,12,G06,termo,169.52
2026-01-13 12:00,2,0,12,G07,termo,155.059
2026-01-13 12:00,2,0,12,G08,solar,135.837
2026-01-13 12:00,2,0,12,G09,solar,139.855
2026-01-13 12:00,2,0,12,G10,eolica,58.421
2026-01-13 13:00,2,0,13,G01,hidro,101.967
2026-01-13 13:00,2,0,13,G02,hidro,94.474
2026-01-13 13:00,2,0,13,G03,hidro,191.421
2026-01-13 13:00,2,0,13,G04,hidro,261.173
2026-01-13 13:00,2,0,13,G05,hidro,266.759
2026-01-13 13:00,2,0,13,G06,termo,168.998
2026-01-13 13:00,2,0,13,G07,termo,154.754
2026-01-13 13:00,2,0,13,G08,solar,146.621
2026-01-13 13:00,2,0,13,G09,solar,136.557
2026-01-13 13:00,2,0,13,G10,eolica,47.957
2026-01-13 14:00,2,0,14,G01,hidro,101.302
2026-01-13 14:00,2,0,14,G02,hidro,100.936
2026-01-13 14:00,2,0,14,G03,hidro,220.249
2026-01-13 14:00,2,0,14,G04,hidro,254.329
2026-01-13 14:00,2,0,14,G05,hidro,245.458
2026-01-13 14:00,2,0,14,G06,termo,147.291
2026-01-13 14:00,2,0,14,G07,termo,147.825
2026-01-13 14:00,2,0,14,G08,solar,129.473
2026-01-13 14:00,2,0,14,G09,solar,146.421
2026-01-13 14:00,2,0,14,G10,eolica,42.08
2026-01-13 15:00,2,0,15,G01,hidro,94.599
2026-01-13 15:00,2,0,15,G02,hidro,85.883
2026-01-13 15:00,2,0,15,G03,hidro,200.788
2026-01-13 15:00,2,0,15,G04,hidro,252.079
2026-01-13 15:00,2,0,15,G05,hidro,243.858
2026-01-13 15:00,2,0,15,G06,termo,159.539
2026-01-13 15:00,2,0,15,G07,termo,163.76
2026-01-13 15:00,2,0,15,G08,solar,143.547
2026-01-13 15:00,2,0,15,G09,solar,132.019
2026-01-13 15:00,2,0,15,G10,eolica,38.587
2026-01-13 16:00,2,0,16,G01,hidro,101.817
2026-01-13 16:00,2,0,16,G02,hidro,99.256
2026-01-13 16:00,2,0,16,G03,hidro,180.844
2026-01-13 16:00,2,0,16,G04,hidro,260.021
2026-01-13 16:00,2,0,16,G05,hidro,285.567
2026-01-13 16:00,2,0,16,G06,termo,146.715
2026-01-13 16:00,2,0,16,G07,termo,172.766
2026-01-13 16:00,2,0,16,G08,solar,75.208
2026-01-13 16:00,2,0,16,G09,solar,82.485
2026-01-13 16:00,2,0,16,G10,eolica,36.274
2026-01-13 17:00,2,0,17,G01,hidro,95.308
2026-01-13 17:00,2,0,17,G02,hidro,91.744
2026-01-13 17:00,2,0,17,G03,hidro,189.71
2026-01-13 17:00,2,0,17,G04,hidro,269.366
2026-01-13 17:00,2,0,17,G05,hidro,245.137
2026-01-13 17:00,2,0,17,G06,termo,164.877
2026-01-13 17:00,2,0,17,G07,termo,167.728
2026-01-13 17:00,2,0,17,G08,solar,79.881
2026-01-13 17:00,2,0,17,G09,solar,71.609
2026-01-13 17:00,2,0,17,G10,eolica,30.785
2026-01-13 18:00,2,0,18,G01,hidro,98.466
2026-01-13 18:00,2,0,18,G02,hidro,92.034
2026-01-13 18:00,2,0,18,G03,hidro,226.646
2026-01-13 18:00,2,0,18,G04,hidro,233.555
2026-01-13 18:00,2,0,18,G05,hidro,256.009
2026-01-13 18:00,2,0,18,G06,termo,147.766
2026-01-13 18:00,2,0,18,G07,termo,173.501
2026-01-13 18:00,2,0,18,G08,solar,14.885
2026-01-13 18:00,2,0,18,G09,solar,14.707
2026-01-13 18:00,2,0,18,G10,eolica,30.376
2026-01-13 19:00,2,0,19,G01,hidro,87.164
2026-01-13 19:00,2,0,19,G02,hidro,93.045
2026-01-13 19:00,2,0,19,G03,hidro,173.138
2026-01-13 19:00,2,0,19,G04,hidro,240.222
2026-01-13 19:00,2,0,19,G05,hidro,264.397
2026-01-13 19:00,2,0,19,G06,termo,159.305
2026-01-13 19:00,2,0,19,G07,termo,128.318
2026-01-13 19:00,2,0,19,G08,solar,14.888
2026-01-13 19:00,2,0,19,G09,solar,14.717
2026-01-13 19:00,2,0,19,G10,eolica,35.861
2026-01-13 20:00,2,0,20,G01,hidro,79.686
2026-01-13 20:00,2,0,20,G02,hidro,78.197
2026-01-13 20:00,2,0,20,G03,hidro,203.175
2026-01-13 20:00,2,0,20,G04,hidro,215.94
2026-01-13 20:00,2,0,20,G05,hidro,264.346
2026-01-13 20:00,2,0,20,G06,termo,143.265
2026-01-13 20:00,2,0,20,G07,termo,137.352
2026-01-13 20:00,2,0,20,G08,solar,0.0
2026-01-13 20:00,2,0,20,G09,solar,0.0
2026-01-13 20:00,2,0,20,G10,eolica,32.737
2026-01-13 21:00,2,0,21,G01,hidro,90.187
2026-01-13 21:00,2,0,21,G02,hidro,84.632
2026-01-13 21:00,2,0,21,G03,hidro,182.553
2026-01-13 21:00,2,0,21,G04,hidro,225.862
2026-01-13 21:00,2,0,21,G05,hidro,261.254
2026-01-13 21:00,2,0,21,G06,termo,151.52
2026-01-13 21:00,2,0,21,G07,termo,158.48
2026-01-13 21:00,2,0,21,G08,solar,0.0
2026-01-13 21:00,2,0,21,G09,solar,0.0
2026-01-13 21:00,2,0,21,G10,eolica,41.315
2026-01-13 22:00,2,0,22,G01,hidro,74.521
2026-01-13 22:00,2,0,22,G02,hidro,77.703
2026-01-13 22:00,2,0,22,G03,hidro,206.398
2026-01-13 22:00,2,0,22,G04,hidro,260.521
2026-01-13 22:00,2,0,22,G05,hidro,210.15
2026-01-13 22:00,2,0,22,G06,termo,126.317
2026-01-13 22:00,2,0,22,G07,termo,147.76
2026-01-13 22:00,2,0,22,G08,solar,0.0
2026-01-13 22:00,2,0,22,G09,solar,0.0
2026-01-13 22:00,2,0,22,G10,eolica,45.062
2026-01-13 23:00,2,0,23,G01,hidro,64.84
2026-01-13 23:00,2,0,23,G02,hidro,56.517
2026-01-13 23:00,2,0,23,G03,hidro,124.539
2026-01-13 23:00,2,0,23,G04,hidro,167.317
2026-01-13 23:00,2,0,23,G05,hidro,183.96
2026-01-13 23:00,2,0,23,G06,termo,110.534
2026-01-13 23:00,2,0,23,G07,termo,113.486
2026-01-13 23:00,2,0,23,G08,solar,0.0
2026-01-13 23:00,2,0,23,G09,solar,0.0
2026-01-13 23:00,2,0,23,G10,eolica,54.266
2026-01-14 00:00,2,1,0,G01,hidro,54.12
2026-01-14 00:00,2,1,0,G02,hidro,51.42
2026-01-14 00:00,2,1,0,G03,hidro,129.821
2026-01-14 00:00,2,1,0,G04,hidro,174.761
2026-01-14 00:00,2,1,0,G05,hidro,147.399
2026-01-14 00:00,2,1,0,G06,termo,92.37
2026-01-14 00:00,2,1,0,G07,termo,91.355
2026-01-14 00:00,2,1,0,G08,solar,0.0
2026-01-14 00:00,2,1,0,G09,solar,0.0
2026-01-14 00:00,2,1,0,G10,eolica,56.791
2026-01-14 01:00,2,1,1,G01,hidro,56.954
2026-01-14 01:00,2,1,1,G02,hidro,54.82
2026-01-14 01:00,2,1,1,G03,hidro,122.54
2026-01-14 01:00,2,1,1,G04,hidro,177.437
2026-01-14 01:00,2,1,1,G05,hidro,171.052
2026-01-14 01:00,2,1,1,G06,termo,89.579
2026-01-14 01:00,2,1,1,G07,termo,106.295
2026-01-14 01:00,2,1,1,G08,solar,0.0
2026-01-14 01:00,2,1,1,G09,solar,0.0
2026-01-14 01:00,2,1,1,G10,eolica,63.723
2026-01-14 02:00,2,1,2,G01,hidro,52.998
2026-01-14 02:00,2,1,2,G02,hidro,63.592
2026-01-14 02:00,2,1,2,G03,hidro,130.762
2026-01-14 02:00,2,1,2,G04,hidro,180.543
2026-01-14 02:00,2,1,2,G05,hidro,163.17
2026-01-14 02:00,2,1,2,G06,termo,87.632
2026-01-14 02:00,2,1,2,G07,termo,89.366
2026-01-14 02:00,2,1,2,G08,solar,0.0
2026-01-14 02:00,2,1,2,G09,solar,0.0
2026-01-14 02:00,2,1,2,G10,eolica,66.401
2026-01-14 03:00,2,1,3,G01,hidro,57.561
2026-01-14 03:00,2,1,3,G02,hidro,56.703
2026-01-14 03:00,2,1,3,G03,hidro,134.851
2026-01-14 03:00,2,1,3,G04,hidro,148.641
2026-01-14 03:00,2,1,3,G05,hidro,146.676
2026-01-14 03:00,2,1,3,G06,termo,101.718
2026-01-14 03:00,2,1,3,G07,termo,105.339
2026-01-14 03:00,2,1,3,G08,solar,0.0
2026-01-14 03:00,2,1,3,G09,solar,0.0
2026-01-14 03:00,2,1,3,G10,eolica,71.229
2026-01-14 04:00,2,1,4,G01,hidro,57.768
2026-01-14 04:00,2,1,4,G02,hidro,59.841
2026-01-14 04:00,2,1,4,G03,hidro,115.259
2026-01-14 04:00,2,1,4,G04,hidro,166.797
2026-01-14 04:00,2,1,4,G05,hidro,146.375
2026-01-14 04:00,2,1,4,G06,termo,96.676
2026-01-14 04:00,2,1,4,G07,termo,96.68
2026-01-14 04:00,2,1,4,G08,solar,0.0
2026-01-14 04:00,2,1,4,G09,solar,0.0
2026-01-14 04:00,2,1,4,G10,eolica,84.816
2026-01-14 05:00,2,1,5,G01,hidro,53.742
2026-01-14 05:00,2,1,5,G02,hidro,61.251
2026-01-14 05:00,2,1,5,G03,hidro,119.659
2026-01-14 05:00,2,1,5,G04,hidro,166.028
2026-01-14 05:00,2,1,5,G05,hidro,143.787
2026-01-14 05:00,2,1,5,G06,termo,99.456
2026-01-14 05:00,2,1,5,G07,termo,91.698
2026-01-14 05:00,2,1,5,G08,solar,0.0
2026-01-14 05:00,2,1,5,G09,solar,0.0
2026-01-14 05:00,2,1,5,G10,eolica,77.343
2026-01-14 06:00,2,1,6,G01,hidro,63.23
2026-01-14 06:00,2,1,6,G02,hidro,60.148
2026-01-14 06:00,2,1,6,G03,hidro,136.732
2026-01-14 06:00,2,1,6,G04,hidro,150.062
2026-01-14 06:00,2,1,6,G05,hidro,176.785
2026-01-14 06:00,2,1,6,G06,termo,91.763
2026-01-14 06:00,2,1,6,G07,termo,95.405
2026-01-14 06:00,2,1,6,G08,solar,0.0
2026-01-14 06:00,2,1,6,G09,solar,0.0
2026-01-14 06:00,2,1,6,G10,eolica,84.449
2026-01-14 07:00,2,1,7,G01,hidro,95.195
2026-01-14 07:00,2,1,7,G02,hidro,93.327
2026-01-14 07:00,2,1,7,G03,hidro,219.048
2026-01-14 07:00,2,1,7,G04,hidro,268.051
2026-01-14 07:00,2,1,7,G05,hidro,259.73
2026-01-14 07:00,2,1,7,G06,termo,155.044
2026-01-14 07:00,2,1,7,G07,termo,140.896
2026-01-14 07:00,2,1,7,G08,solar,44.053
2026-01-14 07:00,2,1,7,G09,solar,39.418
2026-01-14 07:00,2,1,7,G10,eolica,92.758
2026-01-14 08:00,2,1,8,G01,hidro,87.776
2026-01-14 08:00,2,1,8,G02,hidro,97.114
2026-01-14 08:00,2,1,8,G03,hidro,209.574
2026-01-14 08:00,2,1,8,G04,hidro,235.648
2026-01-14 08:00,2,1,8,G05,hidro,251.505
2026-01-14 08:00,2,1,8,G06,termo,168.053
2026-01-14 08:00,2,1,8,G07,termo,153.349
2026-01-14 08:00,2,1,8,G08,solar,41.865
2026-01-14 08:00,2,1,8,G09,solar,41.67
2026-01-14 08:00,2,1,8,G10,eolica,81.978
2026-01-14 09:00,2,1,9,G01,hidro,99.811
2026-01-14 09:00,2,1,9,G02,hidro,86.181
2026-01-14 09:00,2,1,9,G03,hidro,221.212
2026-01-14 09:00,2,1,9,G04,hidro,270.206
2026-01-14 09:00,2,1,9,G05,hidro,272.614
2026-01-14 09:00,2,1,9,G06,termo,151.786
2026-01-14 09:00,2,1,9,G07,termo,170.574
2026-01-14 09:00,2,1,9,G08,solar,115.297
2026-01-14 09:00,2,1,9,G09,solar,126.541
2026-01-14 09:00,2,1,9,G10,eolica,74.315
2026-01-14 10:00,2,1,10,G01,hidro,99.749
2026-01-14 10:00,2,1,10,G02,hidro,84.611
2026-01-14 10:00,2,1,10,G03,hidro,188.79
2026-01-14 10:00,2,1,10,G04,hidro,257.402
2026-01-14 10:00,2,1,10,G05,hidro,284.186
2026-01-14 10:00,2,1,10,G06,termo,164.716
2026-01-14 10:00,2,1,10,G07,termo,172.648
2026-01-14 10:00,2,1,10,G08,solar,118.502
2026-01-14 10:00,2,1,10,G09,solar,108.699
2026-01-14 10:00,2,1,10,G10,eolica,80.811
2026-01-14 11:00,2,1,11,G01,hidro,83.263
2026-01-14 11:00,2,1,11,G02,hidro,102.119
2026-01-14 11:00,2,1,11,G03,hidro,188.686
2026-01-14 11:00,2,1,11,G04,hidro,243.212
2026-01-14 11:00,2,1,11,G05,hidro,290.302
2026-01-14 11:00,2,1,11,G06,termo,177.822
2026-01-14 11:00,2,1,11,G07,termo,166.431
2026-01-14 11:00,2,1,11,G08,solar,111.181
2026-01-14 11:00,2,1,11,G09,solar,120.071
2026-01-14 11:00,2,1,11,G10,eolica,73.527
2026-01-14 12:00,2,1,12,G01,hidro,104.642
2026-01-14 12:00,2,1,12,G02,hidro,95.832
2026-01-14 12:00,2,1,12,G03,hidro,214.293
2026-01-14 12:00,2,1,12,G04,hidro,252.799
2026-01-14 12:00,2,1,12,G05,hidro,266.422
2026-01-14 12:00,2,1,12,G06,termo,159.735
2026-01-14 12:00,2,1,12,G07,termo,175.932
2026-01-14 12:00,2,1,12,G08,solar,142.964
2026-01-14 12:00,2,1,12,G09,solar,133.916
2026-01-14 12:00,2,1,12,G10,eolica,53.794
2026-01-14 13:00,2,1,13,G01,hidro,88.828
2026-01-14 13:00,2,1,13,G02,hidro,93.384
2026-01-14 13:00,2,1,13,G03,hidro,213.577
2026-01-14 13:00,2,1,13,G04,hidro,289.512
2026-01-14 13:00,2,1,13,G05,hidro,240.68
2026-01-14 13:00,2,1,13,G06,termo,147.229
2026-01-14 13:00,2,1,13,G07,termo,150.27
2026-01-14 13:00,2,1,13,G08,solar,145.428
2026-01-14 13:00,2,1,13,G09,solar,133.857
2026-01-14 13:00,2,1,13,G10,eolica,50.305
2026-01-14 14:00,2,1,14,G01,hidro,89.819
2026-01-14 14:00,2,1,14,G02,hidro,87.158
2026-01-14 14:00,2,1,14,G03,hidro,230.602
2026-01-14 14:00,2,1,14,G04,hidro,272.047
2026-01-14 14:00,2,1,14,G05,hidro,238.693
2026-01-14 14:00,2,1,14,G06,termo,162.893
2026-01-14 14:00,2,1,14,G07,termo,150.764
2026-01-14 14:00,2,1,14,G08,solar,131.758
2026-01-14 14:00,2,1,14,G09,solar,145.595
2026-01-14 14:00,2,1,14,G10,eolica,48.611
2026-01-14 15:00,2,1,15,G01,hidro,86.738
2026-01-14 15:00,2,1,15,G02,hidro,101.619
2026-01-14 15:00,2,1,15,G03,hidro,193.923
2026-01-14 15:00,2,1,15,G04,hidro,254.618
2026-01-14 15:00,2,1,15,G05,hidro,275.476
2026-01-14 15:00,2,1,15,G06,termo,146.567
2026-01-14 15:00,2,1,15,G07,termo,162.481
2026-01-14 15:00,2,1,15,G08,solar,143.146
2026-01-14 15:00,2,1,15,G09,solar,139.227
2026-01-14 15:00,2,1,15,G10,eolica,41.871
2026-01-14 16:00,2,1,16,G01,hidro,88.907
2026-01-14 16:00,2,1,16,G02,hidro,85.547
2026-01-14 16:00,2,1,16,G03,hidro,214.808
2026-01-14 16:00,2,1,16,G04,hidro,244.288
2026-01-14 16:00,2,1,16,G05,hidro,273.198
2026-01-14 16:00,2,1,16,G06,termo,149.073
2026-01-14 16:00,2,1,16,G07,termo,156.786
2026-01-14 16:00,2,1,16,G08,solar,76.264
2026-01-14 16:00,2,1,16,G09,solar,80.217
2026-01-14 16:00,2,1,16,G10,eolica,33.609
2026-01-14 17:00,2,1,17,G01,hidro,99.555
2026-01-14 17:00,2,1,17,G02,hidro,103.108
2026-01-14 17:00,2,1,17,G03,hidro,219.889
2026-01-14 17:00,2,1,17,G04,hidro,286.382
2026-01-14 17:00,2,1,17,G05,hidro,244.312
2026-01-14 17:00,2,1,17,G06,termo,139.381
2026-01-14 17:00,2,1,17,G07,termo,171.485
2026-01-14 17:00,2,1,17,G08,solar,71.837
2026-01-14 17:00,2,1,17,G09,solar,70.539
2026-01-14 17:00,2,1,17,G10,eolica,35.862
2026-01-14 18:00,2,1,18,G01,hidro,100.873
2026-01-14 18:00,2,1,18,G02,hidro,99.269
2026-01-14 18:00,2,1,18,G03,hidro,195.344
2026-01-14 18:00,2,1,18,G04,hidro,252.815
2026-01-14 18:00,2,1,18,G05,hidro,280.38
2026-01-14 18:00,2,1,18,G06,termo,168.089
2026-01-14 18:00,2,1,18,G07,termo,161.309
2026-01-14 18:00,2,1,18,G08,solar,12.858
2026-01-14 18:00,2,1,18,G09,solar,14.907
2026-01-14 18:00,2,1,18,G10,eolica,32.283
2026-01-14 19:00,2,1,19,G01,hidro,94.01
2026-01-14 19:00,2,1,19,G02,hidro,84.318
2026-01-14 19:00,2,1,19,G03,hidro,191.33
2026-01-14 19:00,2,1,19,G04,hidro,221.618
2026-01-14 19:00,2,1,19,G05,hidro,240.178
2026-01-14 19:00,2,1,19,G06,termo,155.606
2026-01-14 19:00,2,1,19,G07,termo,133.485
2026-01-14 19:00,2,1,19,G08,solar,13.94
2026-01-14 19:00,2,1,19,G09,solar,13.166
2026-01-14 19:00,2,1,19,G10,eolica,30.401
2026-01-14 20:00,2,1,20,G01,hidro,81.128
2026-01-14 20:00,2,1,20,G02,hidro,74.103
2026-01-14 20:00,2,1,20,G03,hidro,196.262
2026-01-14 20:00,2,1,20,G04,hidro,243.565
2026-01-14 20:00,2,1,20,G05,hidro,241.975
2026-01-14 20:00,2,1,20,G06,termo,151.975
2026-01-14 20:00,2,1,20,G07,termo,158.566
2026-01-14 20:00,2,1,20,G08,solar,0.0
2026-01-14 20:00,2,1,20,G09,solar,0.0
2026-01-14 20:00,2,1,20,G10,eolica,38.847
2026-01-14 21:00,2,1,21,G01,hidro,75.227
2026-01-14 21:00,2,1,21,G02,hidro,90.969
2026-01-14 21:00,2,1,21,G03,hidro,178.802
2026-01-14 21:00,2,1,21,G04,hidro,242.264
2026-01-14 21:00,2,1,21,G05,hidro,250.82
2026-01-14 21:00,2,1,21,G06,termo,133.005
2026-01-14 21:00,2,1,21,G07,termo,138.937
2026-01-14 21:00,2,1,21,G08,solar,0.0
2026-01-14 21:00,2,1,21,G09,solar,0.0
2026-01-14 21:00,2,1,21,G10,eolica,37.69
2026-01-14 22:00,2,1,22,G01,hidro,75.933
2026-01-14 22:00,2,1,22,G02,hidro,79.402
2026-01-14 22:00,2,1,22,G03,hidro,183.108
2026-01-14 22:00,2,1,22,G04,hidro,252.951
2026-01-14 22:00,2,1,22,G05,hidro,228.383
2026-01-14 22:00,2,1,22,G06,termo,132.357
2026-01-14 22:00,2,1,22,G07,termo,147.751
2026-01-14 22:00,2,1,22,G08,solar,0.0
2026-01-14 22:00,2,1,22,G09,solar,0.0
2026-01-14 22:00,2,1,22,G10,eolica,46.557
2026-01-14 23:00,2,1,23,G01,hidro,63.573
2026-01-14 23:00,2,1,23,G02,hidro,60.184
2026-01-14 23:00,2,1,23,G03,hidro,143.391
2026-01-14 23:00,2,1,23,G04,hidro,192.668
2026-01-14 23:00,2,1,23,G05,hidro,190.087
2026-01-14 23:00,2,1,23,G06,termo,106.026
2026-01-14 23:00,2,1,23,G07,termo,101.38
2026-01-14 23:00,2,1,23,G08,solar,0.0
2026-01-14 23:00,2,1,23,G09,solar,0.0
2026-01-14 23:00,2,1,23,G10,eolica,47.537
2026-01-15 00:00,2,2,0,G01,hidro,59.881
2026-01-15 00:00,2,2,0,G02,hidro,52.321
2026-01-15 00:00,2,2,0,G03,hidro,136.934
2026-01-15 00:00,2,2,0,G04,hidro,153.928
2026-01-15 00:00,2,2,0,G05,hidro,151.553
2026-01-15 00:00,2,2,0,G06,termo,90.264
2026-01-15 00:00,2,2,0,G07,termo,89.046
2026-01-15 00:00,2,2,0,G08,solar,0.0
2026-01-15 00:00,2,2,0,G09,solar,0.0
2026-01-15 00:00,2,2,0,G10,eolica,53.27
2026-01-15 01:00,2,2,1,G01,hidro,62.862
2026-01-15 01:00,2,2,1,G02,hidro,52.504
2026-01-15 01:00,2,2,1,G03,hidro,119.628
2026-01-15 01:00,2,2,1,G04,hidro,168.884
2026-01-15 01:00,2,2,1,G05,hidro,150.883
2026-01-15 01:00,2,2,1,G06,termo,86.971
2026-01-15 01:00,2,2,1,G07,termo,105.341
2026-01-15 01:00,2,2,1,G08,solar,0.0
2026-01-15 01:00,2,2,1,G09,solar,0.0
2026-01-15 01:00,2,2,1,G10,eolica,61.494
2026-01-15 02:00,2,2,2,G01,hidro,51.838
2026-01-15 02:00,2,2,2,G02,hidro,54.085
2026-01-15 02:00,2,2,2,G03,hidro,121.236
2026-01-15 02:00,2,2,2,G04,hidro,152.846
2026-01-15 02:00,2,2,2,G05,hidro,167.933
2026-01-15 02:00,2,2,2,G06,termo,88.058
2026-01-15 02:00,2,2,2,G07,termo,101.309
2026-01-15 02:00,2,2,2,G08,solar,0.0
2026-01-15 02:00,2,2,2,G09,solar,0.0
2026-01-15 02:00,2,2,2,G10,eolica,74.552
2026-01-15 03:00,2,2,3,G01,hidro,58.123
2026-01-15 03:00,2,2,3,G02,hidro,55.579
2026-01-15 03:00,2,2,3,G03,hidro,137.588
2026-01-15 03:00,2,2,3,G04,hidro,170.273
2026-01-15 03:00,2,2,3,G05,hidro,162.675
2026-01-15 03:00,2,2,3,G06,termo,97.285
2026-01-15 03:00,2,2,3,G07,termo,93.695
2026-01-15 03:00,2,2,3,G08,solar,0.0
2026-01-15 03:00,2,2,3,G09,solar,0.0
2026-01-15 03:00,2,2,3,G10,eolica,76.113
2026-01-15 04:00,2,2,4,G01,hidro,51.521
2026-01-15 04:00,2,2,4,G02,hidro,59.51
2026-01-15 04:00,2,2,4,G03,hidro,120.788
2026-01-15 04:00,2,2,4,G04,hidro,142.729
2026-01-15 04:00,2,2,4,G05,hidro,166.674
2026-01-15 04:00,2,2,4,G06,termo,89.659
2026-01-15 04:00,2,2,4,G07,termo,97.707
2026-01-15 04:00,2,2,4,G08,solar,0.0
2026-01-15 04:00,2,2,4,G09,solar,0.0
2026-01-15 04:00,2,2,4,G10,eolica,76.245
2026-01-15 05:00,2,2,5,G01,hidro,59.521
2026-01-15 05:00,2,2,5,G02,hidro,55.91
2026-01-15 05:00,2,2,5,G03,hidro,121.399
2026-01-15 05:00,2,2,5,G04,hidro,172.083
2026-01-15 05:00,2,2,5,G05,hidro,149.072
2026-01-15 05:00,2,2,5,G06,termo,95.137
2026-01-15 05:00,2,2,5,G07,termo,92.417
2026-01-15 05:00,2,2,5,G08,solar,0.0
2026-01-15 05:00,2,2,5,G09,solar,0.0
2026-01-15 05:00,2,2,5,G10,eolica,86.513
2026-01-15 06:00,2,2,6,G01,hidro,59.084
2026-01-15 06:00,2,2,6,G02,hidro,57.497
2026-01-15 06:00,2,2,6,G03,hidro,133.235
2026-01-15 06:00,2,2,6,G04,hidro,178.636
2026-01-15 06:00,2,2,6,G05,hidro,144.12
2026-01-15 06:00,2,2,6,G06,termo,98.488
2026-01-15 06:00,2,2,6,G07,termo,103.495
2026-01-15 06:00,2,2,6,G08,solar,0.0
2026-01-15 06:00,2,2,6,G09,solar,0.0
2026-01-15 06:00,2,2,6,G10,eolica,94.694
2026-01-15 07:00,2,2,7,G01,hidro,89.856
2026-01-15 07:00,2,2,7,G02,hidro,87.122
2026-01-15 07:00,2,2,7,G03,hidro,216.192
2026-01-15 07:00,2,2,7,G04,hidro,275.075
2026-01-15 07:00,2,2,7,G05,hidro,273.052
2026-01-15 07:00,2,2,7,G06,termo,155.41
2026-01-15 07:00,2,2,7,G07,termo,145.613
2026-01-15 07:00,2,2,7,G08,solar,42.437
2026-01-15 07:00,2,2,7,G09,solar,44.186
2026-01-15 07:00,2,2,7,G10,eolica,81.917
2026-01-15 08:00,2,2,8,G01,hidro,87.425
2026-01-15 08:00,2,2,8,G02,hidro,86.418
2026-01-15 08:00,2,2,8,G03,hidro,190.165
2026-01-15 08:00,2,2,8,G04,hidro,247.264
2026-01-15 08:00,2,2,8,G05,hidro,279.308
2026-01-15 08:00,2,2,8,G06,termo,146.36
2026-01-15 08:00,2,2,8,G07,termo,144.427
2026-01-15 08:00,2,2,8,G08,solar,41.395
2026-01-15 08:00,2,2,8,G09,solar,38.575
2026-01-15 08:00,2,2,8,G10,eolica,86.294
2026-01-15 09:00,2,2,9,G01,hidro,89.401
2026-01-15 09:00,2,2,9,G02,hidro,100.076
2026-01-15 09:00,2,2,9,G03,hidro,206.329
2026-01-15 09:00,2,2,9,G04,hidro,271.514
2026-01-15 09:00,2,2,9,G05,hidro,293.363
2026-01-15 09:00,2,2,9,G06,termo,146.529
2026-01-15 09:00,2,2,9,G07,termo,169.226
2026-01-15 09:00,2,2,9,G08,solar,123.969
2026-01-15 09:00,2,2,9,G09,solar,122.767
2026-01-15 09:00,2,2,9,G10,eolica,78.873
2026-01-15 10:00,2,2,10,G01,hidro,93.591
2026-01-15 10:00,2,2,10,G02,hidro,90.476
2026-01-15 10:00,2,2,10,G03,hidro,230.776
2026-01-15 10:00,2,2,10,G04,hidro,238.435
2026-01-15 10:00,2,2,10,G05,hidro,268.243
2026-01-15 10:00,2,2,10,G06,termo,160.482
2026-01-15 10:00,2,2,10,G07,termo,144.736
2026-01-15 10:00,2,2,10,G08,solar,118.784
2026-01-15 10:00,2,2,10,G09,solar,114.016
2026-01-15 10:00,2,2,10,G10,eolica,70.706
2026-01-15 11:00,2,2,11,G01,hidro,94.639
2026-01-15 11:00,2,2,11,G02,hidro,91.276
2026-01-15 11:00,2,2,11,G03,hidro,205.436
2026-01-15 11:00,2,2,11,G04,hidro,235.125
2026-01-15 11:00,2,2,11,G05,hidro,240.658
2026-01-15 11:00,2,2,11,G06,termo,150.934
2026-01-15 11:00,2,2,11,G07,termo,154.974
2026-01-15 11:00,2,2,11,G08,solar,120.257
2026-01-15 11:00,2,2,11,G09,solar,127.095
2026-01-15 11:00,2,2,11,G10,eolica,61.13
2026-01-15 12:00,2,2,12,G01,hidro,103.003
2026-01-15 12:00,2,2,12,G02,hidro,94.331
2026-01-15 12:00,2,2,12,G03,hidro,186.86
2026-01-15 12:00,2,2,12,G04,hidro,274.605
2026-01-15 12:00,2,2,12,G05,hidro,233.083
2026-01-15 12:00,2,2,12,G06,termo,146.059
2026-01-15 12:00,2,2,12,G07,termo,170.841
2026-01-15 12:00,2,2,12,G08,solar,140.354
2026-01-15 12:00,2,2,12,G09,solar,131.807
2026-01-15 12:00,2,2,12,G10,eolica,57.417
2026-01-15 13:00,2,2,13,G01,hidro,93.25
2026-01-15 13:00,2,2,13,G02,hidro,82.76
2026-01-15 13:00,2,2,13,G03,hidro,185.821
2026-01-15 13:00,2,2,13,G04,hidro,257.261
2026-01-15 13:00,2,2,13,G05,hidro,266.036
2026-01-15 13:00,2,2,13,G06,termo,171.678
2026-01-15 13:00,2,2,13,G07,termo,143.307
2026-01-15 13:00,2,2,13,G08,solar,129.998
2026-01-15 13:00,2,2,13,G09,solar,133.932
2026-01-15 13:00,2,2,13,G10,eolica,57.134
2026-01-15 14:00,2,2,14,G01,hidro,91.176
2026-01-15 14:00,2,2,14,G02,hidro,89.15
2026-01-15 14:00,2,2,14,G03,hidro,203.533
2026-01-15 14:00,2,2,14,G04,hidro,245.469
2026-01-15 14:00,2,2,14,G05,hidro,266.11
2026-01-15 14:00,2,2,14,G06,termo,178.467
2026-01-15 14:00,2,2,14,G07,termo,139.371
2026-01-15 14:00,2,2,14,G08,solar,133.372
2026-01-15 14:00,2,2,14,G09,solar,134.167
2026-01-15 14:00,2,2,14,G10,eolica,48.731
2026-01-15 15:00,2,2,15,G01,hidro,100.468
2026-01-15 15:00,2,2,15,G02,hidro,100.2
2026-01-15 15:00,2,2,15,G03,hidro,226.897
2026-01-15 15:00,2,2,15,G04,hidro,274.594
2026-01-15 15:00,2,2,15,G05,hidro,238.666
2026-01-15 15:00,2,2,15,G06,termo,167.805
2026-01-15 15:00,2,2,15,G07,termo,139.812
2026-01-15 15:00,2,2,15,G08,solar,144.423
2026-01-15 15:00,2,2,15,G09,solar,148.62
2026-01-15 15:00,2,2,15,G10,eolica,37.962
2026-01-15 16:00,2,2,16,G01,hidro,100.975
2026-01-15 16:00,2,2,16,G02,hidro,85.936
2026-01-15 16:00,2,2,16,G03,hidro,220.505
2026-01-15 16:00,2,2,16,G04,hidro,253.655
2026-01-15 16:00,2,2,16,G05,hidro,238.692
2026-01-15 16:00,2,2,16,G06,termo,148.007
2026-01-15 16:00,2,2,16,G07,termo,155.185
2026-01-15 16:00,2,2,16,G08,solar,82.01
2026-01-15 16:00,2,2,16,G09,solar,74.577
2026-01-15 16:00,2,2,16,G10,eolica,35.316
2026-01-15 17:00,2,2,17,G01,hidro,89.497
2026-01-15 17:00,2,2,17,G02,hidro,82.269
2026-01-15 17:00,2,2,17,G03,hidro,225.79
2026-01-15 17:00,2,2,17,G04,hidro,249.68
2026-01-15 17:00,2,2,17,G05,hidro,239.795
2026-01-15 17:00,2,2,17,G06,termo,175.641
2026-01-15 17:00,2,2,17,G07,termo,158.839
2026-01-15 17:00,2,2,17,G08,solar,79.537
2026-01-15 17:00,2,2,17,G09,solar,71.582
2026-01-15 17:00,2,2,17,G10,eolica,29.772
2026-01-15 18:00,2,2,18,G01,hidro,89.835
2026-01-15 18:00,2,2,18,G02,hidro,98.589
2026-01-15 18:00,2,2,18,G03,hidro,202.812
2026-01-15 18:00,2,2,18,G04,hidro,259.48
2026-01-15 18:00,2,2,18,G05,hidro,290.375
2026-01-15 18:00,2,2,18,G06,termo,157.517
2026-01-15 18:00,2,2,18,G07,termo,174.084
2026-01-15 18:00,2,2,18,G08,solar,13.118
2026-01-15 18:00,2,2,18,G09,solar,14.626
2026-01-15 18:00,2,2,18,G10,eolica,34.94
2026-01-15 19:00,2,2,19,G01,hidro,85.945
2026-01-15 19:00,2,2,19,G02,hidro,78.702
2026-01-15 19:00,2,2,19,G03,hidro,170.604
2026-01-15 19:00,2,2,19,G04,hidro,265.52
2026-01-15 19:00,2,2,19,G05,hidro,243.409
2026-01-15 19:00,2,2,19,G06,termo,128.213
2026-01-15 19:00,2,2,19,G07,termo,138.643
2026-01-15 19:00,2,2,19,G08,solar,14.289
2026-01-15 19:00,2,2,19,G09,solar,13.037
2026-01-15 19:00,2,2,19,G10,eolica,33.231
2026-01-15 20:00,2,2,20,G01,hidro,76.651
2026-01-15 20:00,2,2,20,G02,hidro,74.753
2026-01-15 20:00,2,2,20,G03,hidro,172.453
2026-01-15 20:00,2,2,20,G04,hidro,261.632
2026-01-15 20:00,2,2,20,G05,hidro,222.465
2026-01-15 20:00,2,2,20,G06,termo,132.449
2026-01-15 20:00,2,2,20,G07,termo,159.233
2026-01-15 20:00,2,2,20,G08,solar,0.0
2026-01-15 20:00,2,2,20,G09,solar,0.0
2026-01-15 20:00,2,2,20,G10,eolica,32.567
2026-01-15 21:00,2,2,21,G01,hidro,91.674
2026-01-15 21:00,2,2,21,G02,hidro,75.137
2026-01-15 21:00,2,2,21,G03,hidro,167.938
2026-01-15 21:00,2,2,21,G04,hidro,236.691
2026-01-15 21:00,2,2,21,G05,hidro,262.758
2026-01-15 21:00,2,2,21,G06,termo,148.706
2026-01-15 21:00,2,2,21,G07,termo,145.876
2026-01-15 21:00,2,2,21,G08,solar,0.0
2026-01-15 21:00,2,2,21,G09,solar,0.0
2026-01-15 21:00,2,2,21,G10,eolica,44.489
2026-01-15 22:00,2,2,22,G01,hidro,89.278
2026-01-15 22:00,2,2,22,G02,hidro,84.057
2026-01-15 22:00,2,2,22,G03,hidro,202.5
2026-01-15 22:00,2,2,22,G04,hidro,264.735
2026-01-15 22:00,2,2,22,G05,hidro,247.193
2026-01-15 22:00,2,2,22,G06,termo,135.553
2026-01-15 22:00,2,2,22,G07,termo,129.758
2026-01-15 22:00,2,2,22,G08,solar,0.0
2026-01-15 22:00,2,2,22,G09,solar,0.0
2026-01-15 22:00,2,2,22,G10,eolica,49.577
2026-01-15 23:00,2,2,23,G01,hidro,55.468
2026-01-15 23:00,2,2,23,G02,hidro,67.989
2026-01-15 23:00,2,2,23,G03,hidro,128.661
2026-01-15 23:00,2,2,23,G04,hidro,189.13
2026-01-15 23:00,2,2,23,G05,hidro,157.075
2026-01-15 23:00,2,2,23,G06,termo,99.886
2026-01-15 23:00,2,2,23,G07,termo,115.568
2026-01-15 23:00,2,2,23,G08,solar,0.0
2026-01-15 23:00,2,2,23,G09,solar,0.0
2026-01-15 23:00,2,2,23,G10,eolica,52.568
2026-01-16 00:00,2,3,0,G01,hidro,61.122
2026-01-16 00:00,2,3,0,G02,hidro,55.626
2026-01-16 00:00,2,3,0,G03,hidro,123.313
2026-01-16 00:00,2,3,0,G04,hidro,163.298
2026-01-16 00:00,2,3,0,G05,hidro,174.29
2026-01-16 00:00,2,3,0,G06,termo,103.132
2026-01-16 00:00,2,3,0,G07,termo,96.275
2026-01-16 00:00,2,3,0,G08,solar,0.0
2026-01-16 00:00,2,3,0,G09,solar,0.0
2026-01-16 00:00,2,3,0,G10,eolica,53.926
2026-01-16 01:00,2,3,1,G01,hidro,60.767
2026-01-16 01:00,2,3,1,G02,hidro,56.184
2026-01-16 01:00,2,3,1,G03,hidro,115.014
2026-01-16 01:00,2,3,1,G04,hidro,161.065
2026-01-16 01:00,2,3,1,G05,hidro,175.966
2026-01-16 01:00,2,3,1,G06,termo,103.333
2026-01-16 01:00,2,3,1,G07,termo,94.726
2026-01-16 01:00,2,3,1,G08,solar,0.0
2026-01-16 01:00,2,3,1,G09,solar,0.0
2026-01-16 01:00,2,3,1,G10,eolica,60.936
2026-01-16 02:00,2,3,2,G01,hidro,54.861
2026-01-16 02:00,2,3,2,G02,hidro,59.137
2026-01-16 02:00,2,3,2,G03,hidro,125.687
2026-01-16 02:00,2,3,2,G04,hidro,159.416
2026-01-16 02:00,2,3,2,G05,hidro,153.722
2026-01-16 02:00,2,3,2,G06,termo,107.175
2026-01-16 02:00,2,3,2,G07,termo,86.712
2026-01-16 02:00,2,3,2,G08,solar,0.0
2026-01-16 02:00,2,3,2,G09,solar,0.0
2026-01-16 02:00,2,3,2,G10,eolica,71.332
2026-01-16 03:00,2,3,3,G01,hidro,51.651
2026-01-16 03:00,2,3,3,G02,hidro,58.873
2026-01-16 03:00,2,3,3,G03,hidro,120.343
2026-01-16 03:00,2,3,3,G04,hidro,175.786
2026-01-16 03:00,2,3,3,G05,hidro,179.362
2026-01-16 03:00,2,3,3,G06,termo,106.157
2026-01-16 03:00,2,3,3,G07,termo,96.564
2026-01-16 03:00,2,3,3,G08,solar,0.0
2026-01-16 03:00,2,3,3,G09,solar,0.0
2026-01-16 03:00,2,3,3,G10,eolica,83.062
2026-01-16 04:00,2,3,4,G01,hidro,52.464
2026-01-16 04:00,2,3,4,G02,hidro,54.41
2026-01-16 04:00,2,3,4,G03,hidro,114.806
2026-01-16 04:00,2,3,4,G04,hidro,167.013
2026-01-16 04:00,2,3,4,G05,hidro,157.654
2026-01-16 04:00,2,3,4,G06,termo,110.414
2026-01-16 04:00,2,3,4,G07,termo,89.411
2026-01-16 04:00,2,3,4,G08,solar,0.0
2026-01-16 04:00,2,3,4,G09,solar,0.0
2026-01-16 04:00,2,3,4,G10,eolica,87.669
2026-01-16 05:00,2,3,5,G01,hidro,61.038
2026-01-16 05:00,2,3,5,G02,hidro,63.504
2026-01-16 05:00,2,3,5,G03,hidro,123.942
2026-01-16 05:00,2,3,5,G04,hidro,162.4
2026-01-16 05:00,2,3,5,G05,hidro,146.522
2026-01-16 05:00,2,3,5,G06,termo,100.853
2026-01-16 05:00,2,3,5,G07,termo,100.557
2026-01-16 05:00,2,3,5,G08,solar,0.0
2026-01-16 05:00,2,3,5,G09,solar,0.0
2026-01-16 05:00,2,3,5,G10,eolica,76.62
2026-01-16 06:00,2,3,6,G01,hidro,56.426
2026-01-16 06:00,2,3,6,G02,hidro,54.451
2026-01-16 06:00,2,3,6,G03,hidro,134.243
2026-01-16 06:00,2,3,6,G04,hidro,165.984
2026-01-16 06:00,2,3,6,G05,hidro,164.971
2026-01-16 06:00,2,3,6,G06,termo,99.695
2026-01-16 06:00,2,3,6,G07,termo,89.029
2026-01-16 06:00,2,3,6,G08,solar,0.0
2026-01-16 06:00,2,3,6,G09,solar,0.0
2026-01-16 06:00,2,3,6,G10,eolica,82.789
2026-01-16 07:00,2,3,7,G01,hidro,87.39
2026-01-16 07:00,2,3,7,G02,hidro,97.814
2026-01-16 07:00,2,3,7,G03,hidro,230.117
2026-01-16 07:00,2,3,7,G04,hidro,254.623
2026-01-16 07:00,2,3,7,G05,hidro,260.9
2026-01-16 07:00,2,3,7,G06,termo,154.499
2026-01-16 07:00,2,3,7,G07,termo,146.392
2026-01-16 07:00,2,3,7,G08,solar,43.989
2026-01-16 07:00,2,3,7,G09,solar,42.521
2026-01-16 07:00,2,3,7,G10,eolica,91.974
2026-01-16 08:00,2,3,8,G01,hidro,87.778
2026-01-16 08:00,2,3,8,G02,hidro,90.08
2026-01-16 08:00,2,3,8,G03,hidro,180.818
2026-01-16 08:00,2,3,8,G04,hidro,257.394
2026-01-16 08:00,2,3,8,G05,hidro,284.461
2026-01-16 08:00,2,3,8,G06,termo,156.022
2026-01-16 08:00,2,3,8,G07,termo,160.537
2026-01-16 08:00,2,3,8,G08,solar,38.792
2026-01-16 08:00,2,3,8,G09,solar,38.355
2026-01-16 08:00,2,3,8,G10,eolica,91.271
2026-01-16 09:00,2,3,9,G01,hidro,93.521
2026-01-16 09:00,2,3,9,G02,hidro,89.598
2026-01-16 09:00,2,3,9,G03,hidro,216.093
2026-01-16 09:00,2,3,9,G04,hidro,264.235
2026-01-16 09:00,2,3,9,G05,hidro,251.905
2026-01-16 09:00,2,3,9,G06,termo,150.318
2026-01-16 09:00,2,3,9,G07,termo,141.442
2026-01-16 09:00,2,3,9,G08,solar,109.482
2026-01-16 09:00,2,3,9,G09,solar,123.342
2026-01-16 09:00,2,3,9,G10,eolica,71.42
2026-01-16 10:00,2,3,10,G01,hidro,93.772
2026-01-16 10:00,2,3,10,G02,hidro,98.255
2026-01-16 10:00,2,3,10,G03,hidro,205.473
2026-01-16 10:00,2,3,10,G04,hidro,288.292
2026-01-16 10:00,2,3,10,G05,hidro,237.248
2026-01-16 10:00,2,3,10,G06,termo,161.146
2026-01-16 10:00,2,3,10,G07,termo,163.614
2026-01-16 10:00,2,3,10,G08,solar,110.679
2026-01-16 10:00,2,3,10,G09,solar,123.077
2026-01-16 10:00,2,3,10,G10,eolica,79.389
2026-01-16 11:00,2,3,11,G01,hidro,95.825
2026-01-16 11:00,2,3,11,G02,hidro,94.478
2026-01-16 11:00,2,3,11,G03,hidro,180.837
2026-01-16 11:00,2,3,11,G04,hidro,261.364
2026-01-16 11:00,2,3,11,G05,hidro,278.155
2026-01-16 11:00,2,3,11,G06,termo,161.679
2026-01-16 11:00,2,3,11,G07,termo,145.127
2026-01-16 11:00,2,3,11,G08,solar,119.263
2026-01-16 11:00,2,3,11,G09,solar,119.607
2026-01-16 11:00,2,3,11,G10,eolica,73.193
2026-01-16 12:00,2,3,12,G01,hidro,96.594
2026-01-16 12:00,2,3,12,G02,hidro,99.388
2026-01-16 12:00,2,3,12,G03,hidro,204.57
2026-01-16 12:00,2,3,12,G04,hidro,258.34
2026-01-16 12:00,2,3,12,G05,hidro,274.084
2026-01-16 12:00,2,3,12,G06,termo,142.087
2026-01-16 12:00,2,3,12,G07,termo,174.753
2026-01-16 12:00,2,3,12,G08,solar,139.337
2026-01-16 12:00,2,3,12,G09,solar,144.711
2026-01-16 12:00,2,3,12,G10,eolica,63.741
2026-01-16 13:00,2,3,13,G01,hidro,94.904
2026-01-16 13:00,2,3,13,G02,hidro,93.768
2026-01-16 13:00,2,3,13,G03,hidro,193.424
2026-01-16 13:00,2,3,13,G04,hidro,241.374
2026-01-16 13:00,2,3,13,G05,hidro,248.818
2026-01-16 13:00,2,3,13,G06,termo,177.762
2026-01-16 13:00,2,3,13,G07,termo,139.615
2026-01-16 13:00,2,3,13,G08,solar,127.648
2026-01-16 13:00,2,3,13,G09,solar,140.229
2026-01-16 13:00,2,3,13,G10,eolica,54.138
2026-01-16 14:00,2,3,14,G01,hidro,99.768
2026-01-16 14:00,2,3,14,G02,hidro,91.021
2026-01-16 14:00,2,3,14,G03,hidro,225.716
2026-01-16 14:00,2,3,14,G04,hidro,266.095
2026-01-16 14:00,2,3,14,G05,hidro,239.798
2026-01-16 14:00,2,3,14,G06,termo,157.076
2026-01-16 14:00,2,3,14,G07,termo,141.653
2026-01-16 14:00,2,3,14,G08,solar,141.306
2026-01-16 14:00,2,3,14,G09,solar,131.265
2026-01-16 14:00,2,3,14,G10,eolica,47.28
2026-01-16 15:00,2,3,15,G01,hidro,96.166
2026-01-16 15:00,2,3,15,G02,hidro,102.007
2026-01-16 15:00,2,3,15,G03,hidro,191.483
2026-01-16 15:00,2,3,15,G04,hidro,271.508
2026-01-16 15:00,2,3,15,G05,hidro,291.271
2026-01-16 15:00,2,3,15,G06,termo,149.665
2026-01-16 15:00,2,3,15,G07,termo,139.292
2026-01-16 15:00,2,3,15,G08,solar,143.154
2026-01-16 15:00,2,3,15,G09,solar,127.537
2026-01-16 15:00,2,3,15,G10,eolica,39.113
2026-01-16 16:00,2,3,16,G01,hidro,103.463
2026-01-16 16:00,2,3,16,G02,hidro,87.041
2026-01-16 16:00,2,3,16,G03,hidro,221.049
2026-01-16 16:00,2,3,16,G04,hidro,283.953
2026-01-16 16:00,2,3,16,G05,hidro,255.781
2026-01-16 16:00,2,3,16,G06,termo,150.85
2026-01-16 16:00,2,3,16,G07,termo,151.83
2026-01-16 16:00,2,3,16,G08,solar,77.434
2026-01-16 16:00,2,3,16,G09,solar,70.507
2026-01-16 16:00,2,3,16,G10,eolica,37.811
2026-01-16 17:00,2,3,17,G01,hidro,84.261
2026-01-16 17:00,2,3,17,G02,hidro,91.359
2026-01-16 17:00,2,3,17,G03,hidro,230.276
2026-01-16 17:00,2,3,17,G04,hidro,248.252
2026-01-16 17:00,2,3,17,G05,hidro,253.419
2026-01-16 17:00,2,3,17,G06,termo,157.561
2026-01-16 17:00,2,3,17,G07,termo,175.951
2026-01-16 17:00,2,3,17,G08,solar,70.393
2026-01-16 17:00,2,3,17,G09,solar,74.302
2026-01-16 17:00,2,3,17,G10,eolica,32.308
2026-01-16 18:00,2,3,18,G01,hidro,93.749
2026-01-16 18:00,2,3,18,G02,hidro,88.467
2026-01-16 18:00,2,3,18,G03,hidro,221.083
2026-01-16 18:00,2,3,18,G04,hidro,250.153
2026-01-16 18:00,2,3,18,G05,hidro,233.665
2026-01-16 18:00,2,3,18,G06,termo,162.05
2026-01-16 18:00,2,3,18,G07,termo,175.68
2026-01-16 18:00,2,3,18,G08,solar,12.902
2026-01-16 18:00,2,3,18,G09,solar,12.909
2026-01-16 18:00,2,3,18,G10,eolica,33.994
2026-01-16 19:00,2,3,19,G01,hidro,92.266
2026-01-16 19:00,2,3,19,G02,hidro,87.346
2026-01-16 19:00,2,3,19,G03,hidro,207.672
2026-01-16 19:00,2,3,19,G04,hidro,209.168
2026-01-16 19:00,2,3,19,G05,hidro,265.052
2026-01-16 19:00,2,3,19,G06,termo,141.796
2026-01-16 19:00,2,3,19,G07,termo,127.94
2026-01-16 19:00,2,3,19,G08,solar,13.295
2026-01-16 19:00,2,3,19,G09,solar,13.381
2026-01-16 19:00,2,3,19,G10,eolica,36.87
2026-01-16 20:00,2,3,20,G01,hidro,87.537
2026-01-16 20:00,2,3,20,G02,hidro,75.093
2026-01-16 20:00,2,3,20,G03,hidro,188.899
2026-01-16 20:00,2,3,20,G04,hidro,221.084
2026-01-16 20:00,2,3,20,G05,hidro,211.217
2026-01-16 20:00,2,3,20,G06,termo,147.548
2026-01-16 20:00,2,3,20,G07,termo,154.918
2026-01-16 20:00,2,3,20,G08,solar,0.0
2026-01-16 20:00,2,3,20,G09,solar,0.0
2026-01-16 20:00,2,3,20,G10,eolica,35.531
2026-01-16 21:00,2,3,21,G01,hidro,85.871
2026-01-16 21:00,2,3,21,G02,hidro,91.453
2026-01-16 21:00,2,3,21,G03,hidro,197.148
2026-01-16 21:00,2,3,21,G04,hidro,221.2
2026-01-16 21:00,2,3,21,G05,hidro,222.626
2026-01-16 21:00,2,3,21,G06,termo,138.63
2026-01-16 21:00,2,3,21,G07,termo,161.054
2026-01-16 21:00,2,3,21,G08,solar,0.0
2026-01-16 21:00,2,3,21,G09,solar,0.0
2026-01-16 21:00,2,3,21,G10,eolica,36.727
2026-01-16 22:00,2,3,22,G01,hidro,76.082
2026-01-16 22:00,2,3,22,G02,hidro,75.361
2026-01-16 22:00,2,3,22,G03,hidro,200.878
2026-01-16 22:00,2,3,22,G04,hidro,246.102
2026-01-16 22:00,2,3,22,G05,hidro,220.088
2026-01-16 22:00,2,3,22,G06,termo,149.766
2026-01-16 22:00,2,3,22,G07,termo,127.479
2026-01-16 22:00,2,3,22,G08,solar,0.0
2026-01-16 22:00,2,3,22,G09,solar,0.0
2026-01-16 22:00,2,3,22,G10,eolica,44.137
2026-01-16 23:00,2,3,23,G01,hidro,67.95
2026-01-16 23:00,2,3,23,G02,hidro,57.417
2026-01-16 23:00,2,3,23,G03,hidro,123.157
2026-01-16 23:00,2,3,23,G04,hidro,165.141
2026-01-16 23:00,2,3,23,G05,hidro,188.789
2026-01-16 23:00,2,3,23,G06,termo,102.314
2026-01-16 23:00,2,3,23,G07,termo,100.374
2026-01-16 23:00,2,3,23,G08,solar,0.0
2026-01-16 23:00,2,3,23,G09,solar,0.0
2026-01-16 23:00,2,3,23,G10,eolica,50.265
2026-01-17 00:00,2,4,0,G01,hidro,63.724
2026-01-17 00:00,2,4,0,G02,hidro,55.535
2026-01-17 00:00,2,4,0,G03,hidro,120.605
2026-01-17 00:00,2,4,0,G04,hidro,168.204
2026-01-17 00:00,2,4,0,G05,hidro,170.785
2026-01-17 00:00,2,4,0,G06,termo,86.699
2026-01-17 00:00,2,4,0,G07,termo,98.789
2026-01-17 00:00,2,4,0,G08,solar,0.0
2026-01-17 00:00,2,4,0,G09,solar,0.0
2026-01-17 00:00,2,4,0,G10,eolica,64.835
2026-01-17 01:00,2,4,1,G01,hidro,61.079
2026-01-17 01:00,2,4,1,G02,hidro,51.0
2026-01-17 01:00,2,4,1,G03,hidro,124.531
2026-01-17 01:00,2,4,1,G04,hidro,165.522
2026-01-17 01:00,2,4,1,G05,hidro,172.506
2026-01-17 01:00,2,4,1,G06,termo,106.064
2026-01-17 01:00,2,4,1,G07,termo,87.444
2026-01-17 01:00,2,4,1,G08,solar,0.0
2026-01-17 01:00,2,4,1,G09,solar,0.0
2026-01-17 01:00,2,4,1,G10,eolica,69.915
2026-01-17 02:00,2,4,2,G01,hidro,59.892
2026-01-17 02:00,2,4,2,G02,hidro,58.915
2026-01-17 02:00,2,4,2,G03,hidro,115.282
2026-01-17 02:00,2,4,2,G04,hidro,174.53
2026-01-17 02:00,2,4,2,G05,hidro,144.846
2026-01-17 02:00,2,4,2,G06,termo,102.988
2026-01-17 02:00,2,4,2,G07,termo,106.316
2026-01-17 02:00,2,4,2,G08,solar,0.0
2026-01-17 02:00,2,4,2,G09,solar,0.0
2026-01-17 02:00,2,4,2,G10,eolica,70.623
2026-01-17 03:00,2,4,3,G01,hidro,62.162
2026-01-17 03:00,2,4,3,G02,hidro,51.97
2026-01-17 03:00,2,4,3,G03,hidro,118.934
2026-01-17 03:00,2,4,3,G04,hidro,172.306
2026-01-17 03:00,2,4,3,G05,hidro,179.957
2026-01-17 03:00,2,4,3,G06,termo,102.511
2026-01-17 03:00,2,4,3,G07,termo,101.705
2026-01-17 03:00,2,4,3,G08,solar,0.0
2026-01-17 03:00,2,4,3,G09,solar,0.0
2026-01-17 03:00,2,4,3,G10,eolica,78.301
2026-01-17 04:00,2,4,4,G01,hidro,63.275
2026-01-17 04:00,2,4,4,G02,hidro,62.978
2026-01-17 04:00,2,4,4,G03,hidro,140.559
2026-01-17 04:00,2,4,4,G04,hidro,166.623
2026-01-17 04:00,2,4,4,G05,hidro,150.994
2026-01-17 04:00,2,4,4,G06,termo,106.133
2026-01-17 04:00,2,4,4,G07,termo,95.596
2026-01-17 04:00,2,4,4,G08,solar,0.0
2026-01-17 04:00,2,4,4,G09,solar,0.0
2026-01-17 04:00,2,4,4,G10,eolica,80.716
2026-01-17 05:00,2,4,5,G01,hidro,53.188
2026-01-17 05:00,2,4,5,G02,hidro,59.37
2026-01-17 05:00,2,4,5,G03,hidro,112.204
2026-01-17 05:00,2,4,5,G04,hidro,146.376
2026-01-17 05:00,2,4,5,G05,hidro,156.138
2026-01-17 05:00,2,4,5,G06,termo,97.044
2026-01-17 05:00,2,4,5,G07,termo,96.924
2026-01-17 05:00,2,4,5,G08,solar,0.0
2026-01-17 05:00,2,4,5,G09,solar,0.0
2026-01-17 05:00,2,4,5,G10,eolica,94.006
2026-01-17 06:00,2,4,6,G01,hidro,54.938
2026-01-17 06:00,2,4,6,G02,hidro,63.417
2026-01-17 06:00,2,4,6,G03,hidro,127.559
2026-01-17 06:00,2,4,6,G04,hidro,176.198
2026-01-17 06:00,2,4,6,G05,hidro,160.318
2026-01-17 06:00,2,4,6,G06,termo,104.071
2026-01-17 06:00,2,4,6,G07,termo,105.765
2026-01-17 06:00,2,4,6,G08,solar,0.0
2026-01-17 06:00,2,4,6,G09,solar,0.0
2026-01-17 06:00,2,4,6,G10,eolica,83.703
2026-01-17 07:00,2,4,7,G01,hidro,90.38
2026-01-17 07:00,2,4,7,G02,hidro,89.159
2026-01-17 07:00,2,4,7,G03,hidro,203.018
2026-01-17 07:00,2,4,7,G04,hidro,254.209
2026-01-17 07:00,2,4,7,G05,hidro,230.779
2026-01-17 07:00,2,4,7,G06,termo,169.095
2026-01-17 07:00,2,4,7,G07,termo,169.675
2026-01-17 07:00,2,4,7,G08,solar,39.21
2026-01-17 07:00,2,4,7,G09,solar,40.877
2026-01-17 07:00,2,4,7,G10,eolica,78.211
2026-01-17 08:00,2,4,8,G01,hidro,87.024
2026-01-17 08:00,2,4,8,G02,hidro,102.404
2026-01-17 08:00,2,4,8,G03,hidro,195.14
2026-01-17 08:00,2,4,8,G04,hidro,241.298
2026-01-17 08:00,2,4,8,G05,hidro,286.235
2026-01-17 08:00,2,4,8,G06,termo,177.842
2026-01-17 08:00,2,4,8,G07,termo,174.632
2026-01-17 08:00,2,4,8,G08,solar,41.572
2026-01-17 08:00,2,4,8,G09,solar,44.731
2026-01-17 08:00,2,4,8,G10,eolica,83.467
2026-01-17 09:00,2,4,9,G01,hidro,102.62
2026-01-17 09:00,2,4,9,G02,hidro,87.816
2026-01-17 09:00,2,4,9,G03,hidro,182.541
2026-01-17 09:00,2,4,9,G04,hidro,245.839
2026-01-17 09:00,2,4,9,G05,hidro,276.48
2026-01-17 09:00,2,4,9,G06,termo,162.398
2026-01-17 09:00,2,4,9,G07,termo,149.049
2026-01-17 09:00,2,4,9,G08,solar,126.359
2026-01-17 09:00,2,4,9,G09,solar,110.35
2026-01-17 09:00,2,4,9,G10,eolica,86.693
2026-01-17 10:00,2,4,10,G01,hidro,99.587
2026-01-17 10:00,2,4,10,G02,hidro,86.251
2026-01-17 10:00,2,4,10,G03,hidro,184.164
2026-01-17 10:00,2,4,10,G04,hidro,289.463
2026-01-17 10:00,2,4,10,G05,hidro,283.467
2026-01-17 10:00,2,4,10,G06,termo,175.695
2026-01-17 10:00,2,4,10,G07,termo,175.018
2026-01-17 10:00,2,4,10,G08,solar,114.199
2026-01-17 10:00,2,4,10,G09,solar,117.829
2026-01-17 10:00,2,4,10,G10,eolica,79.665
2026-01-17 11:00,2,4,11,G01,hidro,100.962
2026-01-17 11:00,2,4,11,G02,hidro,89.875
2026-01-17 11:00,2,4,11,G03,hidro,225.606
2026-01-17 11:00,2,4,11,G04,hidro,287.571
2026-01-17 11:00,2,4,11,G05,hidro,264.154
2026-01-17 11:00,2,4,11,G06,termo,172.481
2026-01-17 11:00,2,4,11,G07,termo,156.03
2026-01-17 11:00,2,4,11,G08,solar,122.891
2026-01-17 11:00,2,4,11,G09,solar,123.653
2026-01-17 11:00,2,4,11,G10,eolica,73.318
2026-01-17 12:00,2,4,12,G01,hidro,99.453
2026-01-17 12:00,2,4,12,G02,hidro,96.623
2026-01-17 12:00,2,4,12,G03,hidro,206.073
2026-01-17 12:00,2,4,12,G04,hidro,258.486
2026-01-17 12:00,2,4,12,G05,hidro,273.148
2026-01-17 12:00,2,4,12,G06,termo,140.351
2026-01-17 12:00,2,4,12,G07,termo,161.837
2026-01-17 12:00,2,4,12,G08,solar,146.799
2026-01-17 12:00,2,4,12,G09,solar,131.383
2026-01-17 12:00,2,4,12,G10,eolica,58.598
2026-01-17 13:00,2,4,13,G01,hidro,91.464
2026-01-17 13:00,2,4,13,G02,hidro,93.57
2026-01-17 13:00,2,4,13,G03,hidro,183.749
2026-01-17 13:00,2,4,13,G04,hidro,245.187
2026-01-17 13:00,2,4,13,G05,hidro,237.522
2026-01-17 13:00,2,4,13,G06,termo,140.891
2026-01-17 13:00,2,4,13,G07,termo,174.228
2026-01-17 13:00,2,4,13,G08,solar,133.615
2026-01-17 13:00,2,4,13,G09,solar,141.622
2026-01-17 13:00,2,4,13,G10,eolica,51.266
2026-01-17 14:00,2,4,14,G01,hidro,98.918
2026-01-17 14:00,2,4,14,G02,hidro,87.899
2026-01-17 14:00,2,4,14,G03,hidro,196.824
2026-01-17 14:00,2,4,14,G04,hidro,290.639
2026-01-17 14:00,2,4,14,G05,hidro,254.318
2026-01-17 14:00,2,4,14,G06,termo,152.189
2026-01-17 14:00,2,4,14,G07,termo,164.554
2026-01-17 14:00,2,4,14,G08,solar,137.472
2026-01-17 14:00,2,4,14,G09,solar,128.263
2026-01-17 14:00,2,4,14,G10,eolica,49.581
2026-01-17 15:00,2,4,15,G01,hidro,97.623
2026-01-17 15:00,2,4,15,G02,hidro,90.129
2026-01-17 15:00,2,4,15,G03,hidro,210.865
2026-01-17 15:00,2,4,15,G04,hidro,257.478
2026-01-17 15:00,2,4,15,G05,hidro,289.47
2026-01-17 15:00,2,4,15,G06,termo,170.088
2026-01-17 15:00,2,4,15,G07,termo,169.29
2026-01-17 15:00,2,4,15,G08,solar,128.275
2026-01-17 15:00,2,4,15,G09,solar,135.264
2026-01-17 15:00,2,4,15,G10,eolica,37.15
2026-01-17 16:00,2,4,16,G01,hidro,98.138
2026-01-17 16:00,2,4,16,G02,hidro,85.22
2026-01-17 16:00,2,4,16,G03,hidro,223.838
2026-01-17 16:00,2,4,16,G04,hidro,256.52
2026-01-17 16:00,2,4,16,G05,hidro,273.765
2026-01-17 16:00,2,4,16,G06,termo,169.432
2026-01-17 16:00,2,4,16,G07,termo,168.178
2026-01-17 16:00,2,4,16,G08,solar,76.497
2026-01-17 16:00,2,4,16,G09,solar,72.843
2026-01-17 16:00,2,4,16,G10,eolica,37.638
2026-01-17 17:00,2,4,17,G01,hidro,93.722
2026-01-17 17:00,2,4,17,G02,hidro,91.807
2026-01-17 17:00,2,4,17,G03,hidro,183.462
2026-01-17 17:00,2,4,17,G04,hidro,285.458
2026-01-17 17:00,2,4,17,G05,hidro,280.727
2026-01-17 17:00,2,4,17,G06,termo,139.71
2026-01-17 17:00,2,4,17,G07,termo,144.114
2026-01-17 17:00,2,4,17,G08,solar,77.631
2026-01-17 17:00,2,4,17,G09,solar,81.486
2026-01-17 17:00,2,4,17,G10,eolica,32.329
2026-01-17 18:00,2,4,18,G01,hidro,101.817
2026-01-17 18:00,2,4,18,G02,hidro,82.207
2026-01-17 18:00,2,4,18,G03,hidro,205.812
2026-01-17 18:00,2,4,18,G04,hidro,252.406
2026-01-17 18:00,2,4,18,G05,hidro,231.905
2026-01-17 18:00,2,4,18,G06,termo,155.5
2026-01-17 18:00,2,4,18,G07,termo,151.799
2026-01-17 18:00,2,4,18,G08,solar,12.812
2026-01-17 18:00,2,4,18,G09,solar,12.759
2026-01-17 18:00,2,4,18,G10,eolica,30.199
2026-01-17 19:00,2,4,19,G01,hidro,92.665
2026-01-17 19:00,2,4,19,G02,hidro,81.409
2026-01-17 19:00,2,4,19,G03,hidro,199.542
2026-01-17 19:00,2,4,19,G04,hidro,214.197
2026-01-17 19:00,2,4,19,G05,hidro,226.885
2026-01-17 19:00,2,4,19,G06,termo,127.8
2026-01-17 19:00,2,4,19,G07,termo,144.904
2026-01-17 19:00,2,4,19,G08,solar,13.233
2026-01-17 19:00,2,4,19,G09,solar,14.903
2026-01-17 19:00,2,4,19,G10,eolica,31.114
2026-01-17 20:00,2,4,20,G01,hidro,75.627
2026-01-17 20:00,2,4,20,G02,hidro,93.042
2026-01-17 20:00,2,4,20,G03,hidro,180.308
2026-01-17 20:00,2,4,20,G04,hidro,263.173
2026-01-17 20:00,2,4,20,G05,hidro,220.451
2026-01-17 20:00,2,4,20,G06,termo,145.399
2026-01-17 20:00,2,4,20,G07,termo,143.686
2026-01-17 20:00,2,4,20,G08,solar,0.0
2026-01-17 20:00,2,4,20,G09,solar,0.0
2026-01-17 20:00,2,4,20,G10,eolica,32.152
2026-01-17 21:00,2,4,21,G01,hidro,75.16
2026-01-17 21:00,2,4,21,G02,hidro,76.12
2026-01-17 21:00,2,4,21,G03,hidro,175.209
2026-01-17 21:00,2,4,21,G04,hidro,235.539
2026-01-17 21:00,2,4,21,G05,hidro,263.077
2026-01-17 21:00,2,4,21,G06,termo,140.371
2026-01-17 21:00,2,4,21,G07,termo,140.86
2026-01-17 21:00,2,4,21,G08,solar,0.0
2026-01-17 21:00,2,4,21,G09,solar,0.0
2026-01-17 21:00,2,4,21,G10,eolica,37.965
2026-01-17 22:00,2,4,22,G01,hidro,80.792
2026-01-17 22:00,2,4,22,G02,hidro,93.166
2026-01-17 22:00,2,4,22,G03,hidro,194.225
2026-01-17 22:00,2,4,22,G04,hidro,265.188
2026-01-17 22:00,2,4,22,G05,hidro,226.718
2026-01-17 22:00,2,4,22,G06,termo,147.094
2026-01-17 22:00,2,4,22,G07,termo,152.605
2026-01-17 22:00,2,4,22,G08,solar,0.0
2026-01-17 22:00,2,4,22,G09,solar,0.0
2026-01-17 22:00,2,4,22,G10,eolica,45.208
2026-01-17 23:00,2,4,23,G01,hidro,58.398
2026-01-17 23:00,2,4,23,G02,hidro,56.475
2026-01-17 23:00,2,4,23,G03,hidro,126.86
2026-01-17 23:00,2,4,23,G04,hidro,155.977
2026-01-17 23:00,2,4,23,G05,hidro,188.815
2026-01-17 23:00,2,4,23,G06,termo,108.009
2026-01-17 23:00,2,4,23,G07,termo,95.802
2026-01-17 23:00,2,4,23,G08,solar,0.0
2026-01-17 23:00,2,4,23,G09,solar,0.0
2026-01-17 23:00,2,4,23,G10,eolica,49.465
2026-01-18 00:00,2,5,0,G01,hidro,53.828
2026-01-18 00:00,2,5,0,G02,hidro,56.532
2026-01-18 00:00,2,5,0,G03,hidro,133.789
2026-01-18 00:00,2,5,0,G04,hidro,149.701
2026-01-18 00:00,2,5,0,G05,hidro,154.035
2026-01-18 00:00,2,5,0,G06,termo,94.252
2026-01-18 00:00,2,5,0,G07,termo,103.825
2026-01-18 00:00,2,5,0,G08,solar,0.0
2026-01-18 00:00,2,5,0,G09,solar,0.0
2026-01-18 00:00,2,5,0,G10,eolica,60.3
2026-01-18 01:00,2,5,1,G01,hidro,54.097
2026-01-18 01:00,2,5,1,G02,hidro,53.461
2026-01-18 01:00,2,5,1,G03,hidro,121.292
2026-01-18 01:00,2,5,1,G04,hidro,152.964
2026-01-18 01:00,2,5,1,G05,hidro,154.23
2026-01-18 01:00,2,5,1,G06,termo,106.924
2026-01-18 01:00,2,5,1,G07,termo,96.507
2026-01-18 01:00,2,5,1,G08,solar,0.0
2026-01-18 01:00,2,5,1,G09,solar,0.0
2026-01-18 01:00,2,5,1,G10,eolica,72.226
2026-01-18 02:00,2,5,2,G01,hidro,56.242
2026-01-18 02:00,2,5,2,G02,hidro,56.108
2026-01-18 02:00,2,5,2,G03,hidro,136.056
2026-01-18 02:00,2,5,2,G04,hidro,161.672
2026-01-18 02:00,2,5,2,G05,hidro,154.411
2026-01-18 02:00,2,5,2,G06,termo,108.673
2026-01-18 02:00,2,5,2,G07,termo,87.018
2026-01-18 02:00,2,5,2,G08,solar,0.0
2026-01-18 02:00,2,5,2,G09,solar,0.0
2026-01-18 02:00,2,5,2,G10,eolica,73.29
2026-01-18 03:00,2,5,3,G01,hidro,55.393
2026-01-18 03:00,2,5,3,G02,hidro,55.724
2026-01-18 03:00,2,5,3,G03,hidro,127.824
2026-01-18 03:00,2,5,3,G04,hidro,155.331
2026-01-18 03:00,2,5,3,G05,hidro,178.539
2026-01-18 03:00,2,5,3,G06,termo,89.282
2026-01-18 03:00,2,5,3,G07,termo,98.556
2026-01-18 03:00,2,5,3,G08,solar,0.0
2026-01-18 03:00,2,5,3,G09,solar,0.0
2026-01-18 03:00,2,5,3,G10,eolica,70.348
2026-01-18 04:00,2,5,4,G01,hidro,59.566
2026-01-18 04:00,2,5,4,G02,hidro,62.558
2026-01-18 04:00,2,5,4,G03,hidro,136.954
2026-01-18 04:00,2,5,4,G04,hidro,158.273
2026-01-18 04:00,2,5,4,G05,hidro,173.512
2026-01-18 04:00,2,5,4,G06,termo,95.665
2026-01-18 04:00,2,5,4,G07,termo,109.919
2026-01-18 04:00,2,5,4,G08,solar,0.0
2026-01-18 04:00,2,5,4,G09,solar,0.0
2026-01-18 04:00,2,5,4,G10,eolica,87.214
2026-01-18 05:00,2,5,5,G01,hidro,57.705
2026-01-18 05:00,2,5,5,G02,hidro,52.383
2026-01-18 05:00,2,5,5,G03,hidro,127.03
2026-01-18 05:00,2,5,5,G04,hidro,160.773
2026-01-18 05:00,2,5,5,G05,hidro,175.001
2026-01-18 05:00,2,5,5,G06,termo,97.572
2026-01-18 05:00,2,5,5,G07,termo,109.668
2026-01-18 05:00,2,5,5,G08,solar,0.0
2026-01-18 05:00,2,5,5,G09,solar,0.0
2026-01-18 05:00,2,5,5,G10,eolica,81.359
2026-01-18 06:00,2,5,6,G01,hidro,62.11
2026-01-18 06:00,2,5,6,G02,hidro,55.239
2026-01-18 06:00,2,5,6,G03,hidro,125.922
2026-01-18 06:00,2,5,6,G04,hidro,155.493
2026-01-18 06:00,2,5,6,G05,hidro,174.042
2026-01-18 06:00,2,5,6,G06,termo,99.795
2026-01-18 06:00,2,5,6,G07,termo,89.367
2026-01-18 06:00,2,5,6,G08,solar,0.0
2026-01-18 06:00,2,5,6,G09,solar,0.0
2026-01-18 06:00,2,5,6,G10,eolica,80.847
2026-01-18 07:00,2,5,7,G01,hidro,100.346
2026-01-18 07:00,2,5,7,G02,hidro,86.796
2026-01-18 07:00,2,5,7,G03,hidro,190.666
2026-01-18 07:00,2,5,7,G04,hidro,251.219
2026-01-18 07:00,2,5,7,G05,hidro,259.076
2026-01-18 07:00,2,5,7,G06,termo,177.103
2026-01-18 07:00,2,5,7,G07,termo,176.697
2026-01-18 07:00,2,5,7,G08,solar,40.556
2026-01-18 07:00,2,5,7,G09,solar,43.766
2026-01-18 07:00,2,5,7,G10,eolica,84.156
2026-01-18 08:00,2,5,8,G01,hidro,85.101
2026-01-18 08:00,2,5,8,G02,hidro,88.596
2026-01-18 08:00,2,5,8,G03,hidro,202.349
2026-01-18 08:00,2,5,8,G04,hidro,282.183
2026-01-18 08:00,2,5,8,G05,hidro,234.014
2026-01-18 08:00,2,5,8,G06,termo,139.932
2026-01-18 08:00,2,5,8,G07,termo,145.491
2026-01-18 08:00,2,5,8,G08,solar,41.723
2026-01-18 08:00,2,5,8,G09,solar,41.856
2026-01-18 08:00,2,5,8,G10,eolica,84.473
2026-01-18 09:00,2,5,9,G01,hidro,95.536
2026-01-18 09:00,2,5,9,G02,hidro,89.663
2026-01-18 09:00,2,5,9,G03,hidro,193.525
2026-01-18 09:00,2,5,9,G04,hidro,263.815
2026-01-18 09:00,2,5,9,G05,hidro,250.052
2026-01-18 09:00,2,5,9,G06,termo,152.463
2026-01-18 09:00,2,5,9,G07,termo,155.693
2026-01-18 09:00,2,5,9,G08,solar,120.574
2026-01-18 09:00,2,5,9,G09,solar,110.587
2026-01-18 09:00,2,5,9,G10,eolica,72.52
2026-01-18 10:00,2,5,10,G01,hidro,92.384
2026-01-18 10:00,2,5,10,G02,hidro,93.925
2026-01-18 10:00,2,5,10,G03,hidro,219.679
2026-01-18 10:00,2,5,10,G04,hidro,275.108
2026-01-18 10:00,2,5,10,G05,hidro,293.276
2026-01-18 10:00,2,5,10,G06,termo,147.404
2026-01-18 10:00,2,5,10,G07,termo,177.274
2026-01-18 10:00,2,5,10,G08,solar,126.435
2026-01-18 10:00,2,5,10,G09,solar,119.695
2026-01-18 10:00,2,5,10,G10,eolica,71.943
2026-01-18 11:00,2,5,11,G01,hidro,92.706
2026-01-18 11:00,2,5,11,G02,hidro,104.956
2026-01-18 11:00,2,5,11,G03,hidro,192.862
2026-01-18 11:00,2,5,11,G04,hidro,236.149
2026-01-18 11:00,2,5,11,G05,hidro,277.242
2026-01-18 11:00,2,5,11,G06,termo,139.509
2026-01-18 11:00,2,5,11,G07,termo,151.243
2026-01-18 11:00,2,5,11,G08,solar,109.548
2026-01-18 11:00,2,5,11,G09,solar,123.532
2026-01-18 11:00,2,5,11,G10,eolica,67.569
2026-01-18 12:00,2,5,12,G01,hidro,96.359
2026-01-18 12:00,2,5,12,G02,hidro,96.598
2026-01-18 12:00,2,5,12,G03,hidro,200.97
2026-01-18 12:00,2,5,12,G04,hidro,292.442
2026-01-18 12:00,2,5,12,G05,hidro,259.76
2026-01-18 12:00,2,5,12,G06,termo,159.832
2026-01-18 12:00,2,5,12,G07,termo,144.485
2026-01-18 12:00,2,5,12,G08,solar,143.905
2026-01-18 12:00,2,5,12,G09,solar,146.07
2026-01-18 12:00,2,5,12,G10,eolica,56.988
2026-01-18 13:00,2,5,13,G01,hidro,103.601
2026-01-18 13:00,2,5,13,G02,hidro,96.519
2026-01-18 13:00,2,5,13,G03,hidro,206.902
2026-01-18 13:00,2,5,13,G04,hidro,248.956
2026-01-18 13:00,2,5,13,G05,hidro,273.195
2026-01-18 13:00,2,5,13,G06,termo,173.214
2026-01-18 13:00,2,5,13,G07,termo,177.144
2026-01-18 13:00,2,5,13,G08,solar,129.842
2026-01-18 13:00,2,5,13,G09,solar,140.994
2026-01-18 13:00,2,5,13,G10,eolica,53.413
2026-01-18 14:00,2,5,14,G01,hidro,96.106
2026-01-18 14:00,2,5,14,G02,hidro,82.793
2026-01-18 14:00,2,5,14,G03,hidro,191.562
2026-01-18 14:00,2,5,14,G04,hidro,265.421
2026-01-18 14:00,2,5,14,G05,hidro,250.82
2026-01-18 14:00,2,5,14,G06,termo,144.35
2026-01-18 14:00,2,5,14,G07,termo,165.498
2026-01-18 14:00,2,5,14,G08,solar,143.07
2026-01-18 14:00,2,5,14,G09,solar,131.699
2026-01-18 14:00,2,5,14,G10,eolica,48.251
2026-01-18 15:00,2,5,15,G01,hidro,102.374
2026-01-18 15:00,2,5,15,G02,hidro,100.213
2026-01-18 15:00,2,5,15,G03,hidro,209.852
2026-01-18 15:00,2,5,15,G04,hidro,235.014
2026-01-18 15:00,2,5,15,G05,hidro,270.925
2026-01-18 15:00,2,5,15,G06,termo,160.205
2026-01-18 15:00,2,5,15,G07,termo,153.479
2026-01-18 15:00,2,5,15,G08,solar,144.127
2026-01-18 15:00,2,5,15,G09,solar,135.957
2026-01-18 15:00,2,5,15,G10,eolica,44.167
2026-01-18 16:00,2,5,16,G01,hidro,86.305
2026-01-18 16:00,2,5,16,G02,hidro,91.628
2026-01-18 16:00,2,5,16,G03,hidro,197.858
2026-01-18 16:00,2,5,16,G04,hidro,230.591
2026-01-18 16:00,2,5,16,G05,hidro,283.191
2026-01-18 16:00,2,5,16,G06,termo,152.438
2026-01-18 16:00,2,5,16,G07,termo,165.794
2026-01-18 16:00,2,5,16,G08,solar,80.153
2026-01-18 16:00,2,5,16,G09,solar,74.31
2026-01-18 16:00,2,5,16,G10,eolica,35.189
2026-01-18 17:00,2,5,17,G01,hidro,97.041
2026-01-18 17:00,2,5,17,G02,hidro,89.114
2026-01-18 17:00,2,5,17,G03,hidro,203.853
2026-01-18 17:00,2,5,17,G04,hidro,243.115
2026-01-18 17:00,2,5,17,G05,hidro,282.927
2026-01-18 17:00,2,5,17,G06,termo,169.977
2026-01-18 17:00,2,5,17,G07,termo,154.886
2026-01-18 17:00,2,5,17,G08,solar,70.984
2026-01-18 17:00,2,5,17,G09,solar,72.485
2026-01-18 17:00,2,5,17,G10,eolica,32.938
2026-01-18 18:00,2,5,18,G01,hidro,82.537
2026-01-18 18:00,2,5,18,G02,hidro,92.588
2026-01-18 18:00,2,5,18,G03,hidro,222.789
2026-01-18 18:00,2,5,18,G04,hidro,236.803
2026-01-18 18:00,2,5,18,G05,hidro,278.699
2026-01-18 18:00,2,5,18,G06,termo,175.279
2026-01-18 18:00,2,5,18,G07,termo,164.766
2026-01-18 18:00,2,5,18,G08,solar,13.095
2026-01-18 18:00,2,5,18,G09,solar,13.341
2026-01-18 18:00,2,5,18,G10,eolica,31.582
2026-01-18 19:00,2,5,19,G01,hidro,83.855
2026-01-18 19:00,2,5,19,G02,hidro,74.452
2026-01-18 19:00,2,5,19,G03,hidro,179.349
2026-01-18 19:00,2,5,19,G04,hidro,209.438
2026-01-18 19:00,2,5,19,G05,hidro,233.084
2026-01-18 19:00,2,5,19,G06,termo,143.777
2026-01-18 19:00,2,5,19,G07,termo,160.217
2026-01-18 19:00,2,5,19,G08,solar,12.951
2026-01-18 19:00,2,5,19,G09,solar,14.24
2026-01-18 19:00,2,5,19,G10,eolica,36.526
2026-01-18 20:00,2,5,20,G01,hidro,80.489
2026-01-18 20:00,2,5,20,G02,hidro,81.942
2026-01-18 20:00,2,5,20,G03,hidro,180.223
2026-01-18 20:00,2,5,20,G04,hidro,239.984
2026-01-18 20:00,2,5,20,G05,hidro,260.421
2026-01-18 20:00,2,5,20,G06,termo,152.957
2026-01-18 20:00,2,5,20,G07,termo,142.265
2026-01-18 20:00,2,5,20,G08,solar,0.0
2026-01-18 20:00,2,5,20,G09,solar,0.0
2026-01-18 20:00,2,5,20,G10,eolica,39.41
2026-01-18 21:00,2,5,21,G01,hidro,74.117
2026-01-18 21:00,2,5,21,G02,hidro,80.047
2026-01-18 21:00,2,5,21,G03,hidro,170.665
2026-01-18 21:00,2,5,21,G04,hidro,219.002
2026-01-18 21:00,2,5,21,G05,hidro,230.251
2026-01-18 21:00,2,5,21,G06,termo,156.848
2026-01-18 21:00,2,5,21,G07,termo,144.381
2026-01-18 21:00,2,5,21,G08,solar,0.0
2026-01-18 21:00,2,5,21,G09,solar,0.0
2026-01-18 21:00,2,5,21,G10,eolica,41.567
2026-01-18 22:00,2,5,22,G01,hidro,93.39
2026-01-18 22:00,2,5,22,G02,hidro,86.008
2026-01-18 22:00,2,5,22,G03,hidro,175.441
2026-01-18 22:00,2,5,22,G04,hidro,243.46
2026-01-18 22:00,2,5,22,G05,hidro,262.185
2026-01-18 22:00,2,5,22,G06,termo,131.779
2026-01-18 22:00,2,5,22,G07,termo,141.421
2026-01-18 22:00,2,5,22,G08,solar,0.0
2026-01-18 22:00,2,5,22,G09,solar,0.0
2026-01-18 22:00,2,5,22,G10,eolica,43.54
2026-01-18 23:00,2,5,23,G01,hidro,56.022
2026-01-18 23:00,2,5,23,G02,hidro,69.619
2026-01-18 23:00,2,5,23,G03,hidro,144.174
2026-01-18 23:00,2,5,23,G04,hidro,158.552
2026-01-18 23:00,2,5,23,G05,hidro,153.297
2026-01-18 23:00,2,5,23,G06,termo,94.818
2026-01-18 23:00,2,5,23,G07,termo,103.942
2026-01-18 23:00,2,5,23,G08,solar,0.0
2026-01-18 23:00,2,5,23,G09,solar,0.0
2026-01-18 23:00,2,5,23,G10,eolica,54.138
2026-01-19 00:00,2,6,0,G01,hidro,51.865
2026-01-19 00:00,2,6,0,G02,hidro,61.901
2026-01-19 00:00,2,6,0,G03,hidro,112.39
2026-01-19 00:00,2,6,0,G04,hidro,181.388
2026-01-19 00:00,2,6,0,G05,hidro,143.463
2026-01-19 00:00,2,6,0,G06,termo,93.555
2026-01-19 00:00,2,6,0,G07,termo,90.078
2026-01-19 00:00,2,6,0,G08,solar,0.0
2026-01-19 00:00,2,6,0,G09,solar,0.0
2026-01-19 00:00,2,6,0,G10,eolica,53.183
2026-01-19 01:00,2,6,1,G01,hidro,63.654
2026-01-19 01:00,2,6,1,G02,hidro,63.186
2026-01-19 01:00,2,6,1,G03,hidro,119.105
2026-01-19 01:00,2,6,1,G04,hidro,173.499
2026-01-19 01:00,2,6,1,G05,hidro,175.032
2026-01-19 01:00,2,6,1,G06,termo,104.539
2026-01-19 01:00,2,6,1,G07,termo,88.952
2026-01-19 01:00,2,6,1,G08,solar,0.0
2026-01-19 01:00,2,6,1,G09,solar,0.0
2026-01-19 01:00,2,6,1,G10,eolica,69.573
2026-01-19 02:00,2,6,2,G01,hidro,64.302
2026-01-19 02:00,2,6,2,G02,hidro,56.543
2026-01-19 02:00,2,6,2,G03,hidro,112.6
2026-01-19 02:00,2,6,2,G04,hidro,153.983
2026-01-19 02:00,2,6,2,G05,hidro,158.979
2026-01-19 02:00,2,6,2,G06,termo,101.876
2026-01-19 02:00,2,6,2,G07,termo,99.028
2026-01-19 02:00,2,6,2,G08,solar,0.0
2026-01-19 02:00,2,6,2,G09,solar,0.0
2026-01-19 02:00,2,6,2,G10,eolica,76.316
2026-01-19 03:00,2,6,3,G01,hidro,53.948
2026-01-19 03:00,2,6,3,G02,hidro,55.63
2026-01-19 03:00,2,6,3,G03,hidro,114.771
2026-01-19 03:00,2,6,3,G04,hidro,174.517
2026-01-19 03:00,2,6,3,G05,hidro,149.489
2026-01-19 03:00,2,6,3,G06,termo,99.988
2026-01-19 03:00,2,6,3,G07,termo,101.652
2026-01-19 03:00,2,6,3,G08,solar,0.0
2026-01-19 03:00,2,6,3,G09,solar,0.0
2026-01-19 03:00,2,6,3,G10,eolica,80.741
2026-01-19 04:00,2,6,4,G01,hidro,54.947
2026-01-19 04:00,2,6,4,G02,hidro,55.097
2026-01-19 04:00,2,6,4,G03,hidro,135.857
2026-01-19 04:00,2,6,4,G04,hidro,157.429
2026-01-19 04:00,2,6,4,G05,hidro,181.838
2026-01-19 04:00,2,6,4,G06,termo,103.345
2026-01-19 04:00,2,6,4,G07,termo,101.722
2026-01-19 04:00,2,6,4,G08,solar,0.0
2026-01-19 04:00,2,6,4,G09,solar,0.0
2026-01-19 04:00,2,6,4,G10,eolica,89.754
2026-01-19 05:00,2,6,5,G01,hidro,56.421
2026-01-19 05:00,2,6,5,G02,hidro,52.92
2026-01-19 05:00,2,6,5,G03,hidro,133.818
2026-01-19 05:00,2,6,5,G04,hidro,160.662
2026-01-19 05:00,2,6,5,G05,hidro,160.553
2026-01-19 05:00,2,6,5,G06,termo,92.424
2026-01-19 05:00,2,6,5,G07,termo,108.995
2026-01-19 05:00,2,6,5,G08,solar,0.0
2026-01-19 05:00,2,6,5,G09,solar,0.0
2026-01-19 05:00,2,6,5,G10,eolica,77.628
2026-01-19 06:00,2,6,6,G01,hidro,53.196
2026-01-19 06:00,2,6,6,G02,hidro,54.283
2026-01-19 06:00,2,6,6,G03,hidro,124.626
2026-01-19 06:00,2,6,6,G04,hidro,145.962
2026-01-19 06:00,2,6,6,G05,hidro,170.886
2026-01-19 06:00,2,6,6,G06,termo,90.798
2026-01-19 06:00,2,6,6,G07,termo,93.841
2026-01-19 06:00,2,6,6,G08,solar,0.0
2026-01-19 06:00,2,6,6,G09,solar,0.0
2026-01-19 06:00,2,6,6,G10,eolica,92.375
2026-01-19 07:00,2,6,7,G01,hidro,89.85
2026-01-19 07:00,2,6,7,G02,hidro,88.907
2026-01-19 07:00,2,6,7,G03,hidro,190.231
2026-01-19 07:00,2,6,7,G04,hidro,235.401
2026-01-19 07:00,2,6,7,G05,hidro,261.74
2026-01-19 07:00,2,6,7,G06,termo,167.181
2026-01-19 07:00,2,6,7,G07,termo,176.125
2026-01-19 07:00,2,6,7,G08,solar,40.841
2026-01-19 07:00,2,6,7,G09,solar,42.159
2026-01-19 07:00,2,6,7,G10,eolica,82.042
2026-01-19 08:00,2,6,8,G01,hidro,95.971
2026-01-19 08:00,2,6,8,G02,hidro,102.506
2026-01-19 08:00,2,6,8,G03,hidro,216.456
2026-01-19 08:00,2,6,8,G04,hidro,265.75
2026-01-19 08:00,2,6,8,G05,hidro,231.312
2026-01-19 08:00,2,6,8,G06,termo,160.964
2026-01-19 08:00,2,6,8,G07,termo,154.466
2026-01-19 08:00,2,6,8,G08,solar,41.361
2026-01-19 08:00,2,6,8,G09,solar,44.459
2026-01-19 08:00,2,6,8,G10,eolica,90.074
2026-01-19 09:00,2,6,9,G01,hidro,88.398
2026-01-19 09:00,2,6,9,G02,hidro,102.206
2026-01-19 09:00,2,6,9,G03,hidro,184.563
2026-01-19 09:00,2,6,9,G04,hidro,252.981
2026-01-19 09:00,2,6,9,G05,hidro,293.355
2026-01-19 09:00,2,6,9,G06,termo,174.07
2026-01-19 09:00,2,6,9,G07,termo,172.139
2026-01-19 09:00,2,6,9,G08,solar,119.148
2026-01-19 09:00,2,6,9,G09,solar,122.176
2026-01-19 09:00,2,6,9,G10,eolica,79.493
2026-01-19 10:00,2,6,10,G01,hidro,96.697
2026-01-19 10:00,2,6,10,G02,hidro,99.954
2026-01-19 10:00,2,6,10,G03,hidro,203.397
2026-01-19 10:00,2,6,10,G04,hidro,231.617
2026-01-19 10:00,2,6,10,G05,hidro,239.033
2026-01-19 10:00,2,6,10,G06,termo,163.586
2026-01-19 10:00,2,6,10,G07,termo,158.584
2026-01-19 10:00,2,6,10,G08,solar,110.797
2026-01-19 10:00,2,6,10,G09,solar,118.169
2026-01-19 10:00,2,6,10,G10,eolica,76.918
2026-01-19 11:00,2,6,11,G01,hidro,82.142
2026-01-19 11:00,2,6,11,G02,hidro,87.993
2026-01-19 11:00,2,6,11,G03,hidro,218.139
2026-01-19 11:00,2,6,11,G04,hidro,255.867
2026-01-19 11:00,2,6,11,G05,hidro,276.477
2026-01-19 11:00,2,6,11,G06,termo,160.384
2026-01-19 11:00,2,6,11,G07,termo,172.857
2026-01-19 11:00,2,6,11,G08,solar,124.93
2026-01-19 11:00,2,6,11,G09,solar,108.481
2026-01-19 11:00,2,6,11,G10,eolica,59.696
2026-01-19 12:00,2,6,12,G01,hidro,85.142
2026-01-19 12:00,2,6,12,G02,hidro,88.982
2026-01-19 12:00,2,6,12,G03,hidro,218.122
2026-01-19 12:00,2,6,12,G04,hidro,237.037
2026-01-19 12:00,2,6,12,G05,hidro,250.946
2026-01-19 12:00,2,6,12,G06,termo,159.602
2026-01-19 12:00,2,6,12,G07,termo,166.127
2026-01-19 12:00,2,6,12,G08,solar,141.408
2026-01-19 12:00,2,6,12,G09,solar,136.26
2026-01-19 12:00,2,6,12,G10,eolica,59.043
2026-01-19 13:00,2,6,13,G01,hidro,102.882
2026-01-19 13:00,2,6,13,G02,hidro,88.979
2026-01-19 13:00,2,6,13,G03,hidro,224.683
2026-01-19 13:00,2,6,13,G04,hidro,244.831
2026-01-19 13:00,2,6,13,G05,hidro,252.018
2026-01-19 13:00,2,6,13,G06,termo,159.516
2026-01-19 13:00,2,6,13,G07,termo,174.687
2026-01-19 13:00,2,6,13,G08,solar,132.655
2026-01-19 13:00,2,6,13,G09,solar,142.794
2026-01-19 13:00,2,6,13,G10,eolica,53.001
2026-01-19 14:00,2,6,14,G01,hidro,82.644
2026-01-19 14:00,2,6,14,G02,hidro,91.6
2026-01-19 14:00,2,6,14,G03,hidro,184.57
2026-01-19 14:00,2,6,14,G04,hidro,282.7
2026-01-19 14:00,2,6,14,G05,hidro,245.951
2026-01-19 14:00,2,6,14,G06,termo,140.316
2026-01-19 14:00,2,6,14,G07,termo,156.843
2026-01-19 14:00,2,6,14,G08,solar,140.391
2026-01-19 14:00,2,6,14,G09,solar,148.614
2026-01-19 14:00,2,6,14,G10,eolica,50.733
2026-01-19 15:00,2,6,15,G01,hidro,100.161
2026-01-19 15:00,2,6,15,G02,hidro,84.471
2026-01-19 15:00,2,6,15,G03,hidro,188.577
2026-01-19 15:00,2,6,15,G04,hidro,291.758
2026-01-19 15:00,2,6,15,G05,hidro,278.942
2026-01-19 15:00,2,6,15,G06,termo,145.276
2026-01-19 15:00,2,6,15,G07,termo,155.228
2026-01-19 15:00,2,6,15,G08,solar,144.439
2026-01-19 15:00,2,6,15,G09,solar,148.388
2026-01-19 15:00,2,6,15,G10,eolica,42.824
2026-01-19 16:00,2,6,16,G01,hidro,92.209
2026-01-19 16:00,2,6,16,G02,hidro,104.912
2026-01-19 16:00,2,6,16,G03,hidro,189.912
2026-01-19 16:00,2,6,16,G04,hidro,244.131
2026-01-19 16:00,2,6,16,G05,hidro,267.749
2026-01-19 16:00,2,6,16,G06,termo,153.582
2026-01-19 16:00,2,6,16,G07,termo,144.611
2026-01-19 16:00,2,6,16,G08,solar,75.384
2026-01-19 16:00,2,6,16,G09,solar,76.463
2026-01-19 16:00,2,6,16,G10,eolica,36.042
2026-01-19 17:00,2,6,17,G01,hidro,83.904
2026-01-19 17:00,2,6,17,G02,hidro,103.598
2026-01-19 17:00,2,6,17,G03,hidro,183.025
2026-01-19 17:00,2,6,17,G04,hidro,291.47
2026-01-19 17:00,2,6,17,G05,hidro,229.35
2026-01-19 17:00,2,6,17,G06,termo,155.539
2026-01-19 17:00,2,6,17,G07,termo,139.357
2026-01-19 17:00,2,6,17,G08,solar,78.485
2026-01-19 17:00,2,6,17,G09,solar,71.235
2026-01-19 17:00,2,6,17,G10,eolica,36.557
2026-01-19 18:00,2,6,18,G01,hidro,98.504
2026-01-19 18:00,2,6,18,G02,hidro,100.73
2026-01-19 18:00,2,6,18,G03,hidro,210.926
2026-01-19 18:00,2,6,18,G04,hidro,230.97
2026-01-19 18:00,2,6,18,G05,hidro,278.188
2026-01-19 18:00,2,6,18,G06,termo,142.54
2026-01-19 18:00,2,6,18,G07,termo,149.705
2026-01-19 18:00,2,6,18,G08,solar,13.595
2026-01-19 18:00,2,6,18,G09,solar,13.737
2026-01-19 18:00,2,6,18,G10,eolica,29.557
2026-01-19 19:00,2,6,19,G01,hidro,93.704
2026-01-19 19:00,2,6,19,G02,hidro,92.893
2026-01-19 19:00,2,6,19,G03,hidro,207.755
2026-01-19 19:00,2,6,19,G04,hidro,209.992
2026-01-19 19:00,2,6,19,G05,hidro,257.809
2026-01-19 19:00,2,6,19,G06,termo,141.077
2026-01-19 19:00,2,6,19,G07,termo,136.049
2026-01-19 19:00,2,6,19,G08,solar,13.436
2026-01-19 19:00,2,6,19,G09,solar,13.47
2026-01-19 19:00,2,6,19,G10,eolica,32.595
2026-01-19 20:00,2,6,20,G01,hidro,91.8
2026-01-19 20:00,2,6,20,G02,hidro,85.326
2026-01-19 20:00,2,6,20,G03,hidro,205.013
2026-01-19 20:00,2,6,20,G04,hidro,238.46
2026-01-19 20:00,2,6,20,G05,hidro,236.234
2026-01-19 20:00,2,6,20,G06,termo,159.127
2026-01-19 20:00,2,6,20,G07,termo,161.499
2026-01-19 20:00,2,6,20,G08,solar,0.0
2026-01-19 20:00,2,6,20,G09,solar,0.0
2026-01-19 20:00,2,6,20,G10,eolica,38.272
2026-01-19 21:00,2,6,21,G01,hidro,86.451
2026-01-19 21:00,2,6,21,G02,hidro,82.079
2026-01-19 21:00,2,6,21,G03,hidro,204.275
2026-01-19 21:00,2,6,21,G04,hidro,257.299
2026-01-19 21:00,2,6,21,G05,hidro,209.33
2026-01-19 21:00,2,6,21,G06,termo,136.303
2026-01-19 21:00,2,6,21,G07,termo,143.859
2026-01-19 21:00,2,6,21,G08,solar,0.0
2026-01-19 21:00,2,6,21,G09,solar,0.0
2026-01-19 21:00,2,6,21,G10,eolica,42.613
2026-01-19 22:00,2,6,22,G01,hidro,91.261
2026-01-19 22:00,2,6,22,G02,hidro,79.432
2026-01-19 22:00,2,6,22,G03,hidro,188.347
2026-01-19 22:00,2,6,22,G04,hidro,265.436
2026-01-19 22:00,2,6,22,G05,hidro,220.884
2026-01-19 22:00,2,6,22,G06,termo,145.077
2026-01-19 22:00,2,6,22,G07,termo,128.655
2026-01-19 22:00,2,6,22,G08,solar,0.0
2026-01-19 22:00,2,6,22,G09,solar,0.0
2026-01-19 22:00,2,6,22,G10,eolica,48.531
2026-01-19 23:00,2,6,23,G01,hidro,66.948
2026-01-19 23:00,2,6,23,G02,hidro,67.764
2026-01-19 23:00,2,6,23,G03,hidro,130.627
2026-01-19 23:00,2,6,23,G04,hidro,177.561
2026-01-19 23:00,2,6,23,G05,hidro,156.995
2026-01-19 23:00,2,6,23,G06,termo,98.346
2026-01-19 23:00,2,6,23,G07,termo,94.641
2026-01-19 23:00,2,6,23,G08,solar,0.0
2026-01-19 23:00,2,6,23,G09,solar,0.0
2026-01-19 23:00,2,6,23,G10,eolica,55.916
2026-01-20 00:00,3,0,0,G01,hidro,59.96
2026-01-20 00:00,3,0,0,G02,hidro,64.346
2026-01-20 00:00,3,0,0,G03,hidro,120.155
2026-01-20 00:00,3,0,0,G04,hidro,161.032
2026-01-20 00:00,3,0,0,G05,hidro,145.322
2026-01-20 00:00,3,0,0,G06,termo,102.971
2026-01-20 00:00,3,0,0,G07,termo,91.775
2026-01-20 00:00,3,0,0,G08,solar,0.0
2026-01-20 00:00,3,0,0,G09,solar,0.0
2026-01-20 00:00,3,0,0,G10,eolica,63.417
2026-01-20 01:00,3,0,1,G01,hidro,51.804
2026-01-20 01:00,3,0,1,G02,hidro,59.74
2026-01-20 01:00,3,0,1,G03,hidro,121.817
2026-01-20 01:00,3,0,1,G04,hidro,147.88
2026-01-20 01:00,3,0,1,G05,hidro,149.46
2026-01-20 01:00,3,0,1,G06,termo,96.741
2026-01-20 01:00,3,0,1,G07,termo,109.265
2026-01-20 01:00,3,0,1,G08,solar,0.0
2026-01-20 01:00,3,0,1,G09,solar,0.0
2026-01-20 01:00,3,0,1,G10,eolica,71.502
2026-01-20 02:00,3,0,2,G01,hidro,62.635
2026-01-20 02:00,3,0,2,G02,hidro,51.856
2026-01-20 02:00,3,0,2,G03,hidro,119.879
2026-01-20 02:00,3,0,2,G04,hidro,144.638
2026-01-20 02:00,3,0,2,G05,hidro,164.954
2026-01-20 02:00,3,0,2,G06,termo,101.276
2026-01-20 02:00,3,0,2,G07,termo,103.317
2026-01-20 02:00,3,0,2,G08,solar,0.0
2026-01-20 02:00,3,0,2,G09,solar,0.0
2026-01-20 02:00,3,0,2,G10,eolica,69.253
2026-01-20 03:00,3,0,3,G01,hidro,51.759
2026-01-20 03:00,3,0,3,G02,hidro,51.263
2026-01-20 03:00,3,0,3,G03,hidro,134.532
2026-01-20 03:00,3,0,3,G04,hidro,149.218
2026-01-20 03:00,3,0,3,G05,hidro,178.069
2026-01-20 03:00,3,0,3,G06,termo,96.912
2026-01-20 03:00,3,0,3,G07,termo,109.953
2026-01-20 03:00,3,0,3,G08,solar,0.0
2026-01-20 03:00,3,0,3,G09,solar,0.0
2026-01-20 03:00,3,0,3,G10,eolica,82.702
2026-01-20 04:00,3,0,4,G01,hidro,56.894
2026-01-20 04:00,3,0,4,G02,hidro,52.92
2026-01-20 04:00,3,0,4,G03,hidro,128.398
2026-01-20 04:00,3,0,4,G04,hidro,168.852
2026-01-20 04:00,3,0,4,G05,hidro,142.421
2026-01-20 04:00,3,0,4,G06,termo,88.955
2026-01-20 04:00,3,0,4,G07,termo,94.509
2026-01-20 04:00,3,0,4,G08,solar,0.0
2026-01-20 04:00,3,0,4,G09,solar,0.0
2026-01-20 04:00,3,0,4,G10,eolica,77.39
2026-01-20 05:00,3,0,5,G01,hidro,62.005
2026-01-20 05:00,3,0,5,G02,hidro,59.777
2026-01-20 05:00,3,0,5,G03,hidro,137.725
2026-01-20 05:00,3,0,5,G04,hidro,169.371
2026-01-20 05:00,3,0,5,G05,hidro,149.743
2026-01-20 05:00,3,0,5,G06,termo,88.347
2026-01-20 05:00,3,0,5,G07,termo,108.505
2026-01-20 05:00,3,0,5,G08,solar,0.0
2026-01-20 05:00,3,0,5,G09,solar,0.0
2026-01-20 05:00,3,0,5,G10,eolica,80.443
2026-01-20 06:00,3,0,6,G01,hidro,57.975
2026-01-20 06:00,3,0,6,G02,hidro,56.252
2026-01-20 06:00,3,0,6,G03,hidro,137.674
2026-01-20 06:00,3,0,6,G04,hidro,174.783
2026-01-20 06:00,3,0,6,G05,hidro,162.121
2026-01-20 06:00,3,0,6,G06,termo,97.566
2026-01-20 06:00,3,0,6,G07,termo,98.818
2026-01-20 06:00,3,0,6,G08,solar,0.0
2026-01-20 06:00,3,0,6,G09,solar,0.0
2026-01-20 06:00,3,0,6,G10,eolica,90.579
2026-01-20 07:00,3,0,7,G01,hidro,82.523
2026-01-20 07:00,3,0,7,G02,hidro,104.497
2026-01-20 07:00,3,0,7,G03,hidro,227.029
2026-01-20 07:00,3,0,7,G04,hidro,242.872
2026-01-20 07:00,3,0,7,G05,hidro,277.998
2026-01-20 07:00,3,0,7,G06,termo,166.141
2026-01-20 07:00,3,0,7,G07,termo,165.754
2026-01-20 07:00,3,0,7,G08,solar,43.282
2026-01-20 07:00,3,0,7,G09,solar,41.751
2026-01-20 07:00,3,0,7,G10,eolica,94.937
2026-01-20 08:00,3,0,8,G01,hidro,101.241
2026-01-20 08:00,3,0,8,G02,hidro,90.061
2026-01-20 08:00,3,0,8,G03,hidro,194.714
2026-01-20 08:00,3,0,8,G04,hidro,234.434
2026-01-20 08:00,3,0,8,G05,hidro,284.725
2026-01-20 08:00,3,0,8,G06,termo,174.318
2026-01-20 08:00,3,0,8,G07,termo,155.089
2026-01-20 08:00,3,0,8,G08,solar,39.701
2026-01-20 08:00,3,0,8,G09,solar,42.68
2026-01-20 08:00,3,0,8,G10,eolica,87.048
2026-01-20 09:00,3,0,9,G01,hidro,84.449
2026-01-20 09:00,3,0,9,G02,hidro,83.455
2026-01-20 09:00,3,0,9,G03,hidro,223.802
2026-01-20 09:00,3,0,9,G04,hidro,282.218
2026-01-20 09:00,3,0,9,G05,hidro,269.922
2026-01-20 09:00,3,0,9,G06,termo,158.278
2026-01-20 09:00,3,0,9,G07,termo,140.825
2026-01-20 09:00,3,0,9,G08,solar,116.263
2026-01-20 09:00,3,0,9,G09,solar,127.027
2026-01-20 09:00,3,0,9,G10,eolica,79.438
2026-01-20 10:00,3,0,10,G01,hidro,90.152
2026-01-20 10:00,3,0,10,G02,hidro,84.961
2026-01-20 10:00,3,0,10,G03,hidro,191.18
2026-01-20 10:00,3,0,10,G04,hidro,271.602
2026-01-20 10:00,3,0,10,G05,hidro,288.176
2026-01-20 10:00,3,0,10,G06,termo,140.033
2026-01-20 10:00,3,0,10,G07,termo,144.152
2026-01-20 10:00,3,0,10,G08,solar,111.816
2026-01-20 10:00,3,0,10,G09,solar,121.94
2026-01-20 10:00,3,0,10,G10,eolica,76.187
2026-01-20 11:00,3,0,11,G01,hidro,103.916
2026-01-20 11:00,3,0,11,G02,hidro,82.027
2026-01-20 11:00,3,0,11,G03,hidro,193.666
2026-01-20 11:00,3,0,11,G04,hidro,242.265
2026-01-20 11:00,3,0,11,G05,hidro,234.908
2026-01-20 11:00,3,0,11,G06,termo,164.763
2026-01-20 11:00,3,0,11,G07,termo,178.004
2026-01-20 11:00,3,0,11,G08,solar,126.192
2026-01-20 11:00,3,0,11,G09,solar,112.46
2026-01-20 11:00,3,0,11,G10,eolica,60.946
2026-01-20 12:00,3,0,12,G01,hidro,92.944
2026-01-20 12:00,3,0,12,G02,hidro,90.701
2026-01-20 12:00,3,0,12,G03,hidro,185.105
2026-01-20 12:00,3,0,12,G04,hidro,229.838
2026-01-20 12:00,3,0,12,G05,hidro,235.783
2026-01-20 12:00,3,0,12,G06,termo,145.526
2026-01-20 12:00,3,0,12,G07,termo,165.762
2026-01-20 12:00,3,0,12,G08,solar,140.611
2026-01-20 12:00,3,0,12,G09,solar,142.988
2026-01-20 12:00,3,0,12,G10,eolica,64.402
2026-01-20 13:00,3,0,13,G01,hidro,95.184
2026-01-20 13:00,3,0,13,G02,hidro,94.989
2026-01-20 13:00,3,0,13,G03,hidro,206.977
2026-01-20 13:00,3,0,13,G04,hidro,262.699
2026-01-20 13:00,3,0,13,G05,hidro,281.903
2026-01-20 13:00,3,0,13,G06,termo,175.162
2026-01-20 13:00,3,0,13,G07,termo,152.0
2026-01-20 13:00,3,0,13,G08,solar,136.288
2026-01-20 13:00,3,0,13,G09,solar,138.27
2026-01-20 13:00,3,0,13,G10,eolica,54.247
2026-01-20 14:00,3,0,14,G01,hidro,100.487
2026-01-20 14:00,3,0,14,G02,hidro,94.253
2026-01-20 14:00,3,0,14,G03,hidro,204.647
2026-01-20 14:00,3,0,14,G04,hidro,234.962
2026-01-20 14:00,3,0,14,G05,hidro,248.551
2026-01-20 14:00,3,0,14,G06,termo,157.74
2026-01-20 14:00,3,0,14,G07,termo,148.405
2026-01-20 14:00,3,0,14,G08,solar,133.954
2026-01-20 14:00,3,0,14,G09,solar,145.314
2026-01-20 14:00,3,0,14,G10,eolica,45.677
2026-01-20 15:00,3,0,15,G01,hidro,89.369
2026-01-20 15:00,3,0,15,G02,hidro,87.454
2026-01-20 15:00,3,0,15,G03,hidro,222.108
2026-01-20 15:00,3,0,15,G04,hidro,237.305
2026-01-20 15:00,3,0,15,G05,hidro,230.428
2026-01-20 15:00,3,0,15,G06,termo,145.379
2026-01-20 15:00,3,0,15,G07,termo,164.249
2026-01-20 15:00,3,0,15,G08,solar,149.081
2026-01-20 15:00,3,0,15,G09,solar,143.689
2026-01-20 15:00,3,0,15,G10,eolica,37.299
2026-01-20 16:00,3,0,16,G01,hidro,99.781
2026-01-20 16:00,3,0,16,G02,hidro,104.922
2026-01-20 16:00,3,0,16,G03,hidro,221.772
2026-01-20 16:00,3,0,16,G04,hidro,268.487
2026-01-20 16:00,3,0,16,G05,hidro,262.275
2026-01-20 16:00,3,0,16,G06,termo,159.649
2026-01-20 16:00,3,0,16,G07,termo,177.207
2026-01-20 16:00,3,0,16,G08,solar,73.766
2026-01-20 16:00,3,0,16,G09,solar,70.204
2026-01-20 16:00,3,0,16,G10,eolica,35.012
2026-01-20 17:00,3,0,17,G01,hidro,90.861
2026-01-20 17:00,3,0,17,G02,hidro,85.805
2026-01-20 17:00,3,0,17,G03,hidro,190.516
2026-01-20 17:00,3,0,17,G04,hidro,261.574
2026-01-20 17:00,3,0,17,G05,hidro,271.854
2026-01-20 17:00,3,0,17,G06,termo,166.985
2026-01-20 17:00,3,0,17,G07,termo,161.699
2026-01-20 17:00,3,0,17,G08,solar,74.915
2026-01-20 17:00,3,0,17,G09,solar,80.839
2026-01-20 17:00,3,0,17,G10,eolica,35.127
2026-01-20 18:00,3,0,18,G01,hidro,96.275
2026-01-20 18:00,3,0,18,G02,hidro,84.806
2026-01-20 18:00,3,0,18,G03,hidro,189.368
2026-01-20 18:00,3,0,18,G04,hidro,253.303
2026-01-20 18:00,3,0,18,G05,hidro,264.819
2026-01-20 18:00,3,0,18,G06,termo,162.9
2026-01-20 18:00,3,0,18,G07,termo,162.197
2026-01-20 18:00,3,0,18,G08,solar,14.059
2026-01-20 18:00,3,0,18,G09,solar,13.372
2026-01-20 18:00,3,0,18,G10,eolica,32.479
2026-01-20 19:00,3,0,19,G01,hidro,86.369
2026-01-20 19:00,3,0,19,G02,hidro,88.063
2026-01-20 19:00,3,0,19,G03,hidro,184.704
2026-01-20 19:00,3,0,19,G04,hidro,214.151
2026-01-20 19:00,3,0,19,G05,hidro,213.768
2026-01-20 19:00,3,0,19,G06,termo,127.503
2026-01-20 19:00,3,0,19,G07,termo,145.866
2026-01-20 19:00,3,0,19,G08,solar,13.751
2026-01-20 19:00,3,0,19,G09,solar,14.845
2026-01-20 19:00,3,0,19,G10,eolica,34.569
2026-01-20 20:00,3,0,20,G01,hidro,76.987
2026-01-20 20:00,3,0,20,G02,hidro,85.667
2026-01-20 20:00,3,0,20,G03,hidro,165.691
2026-01-20 20:00,3,0,20,G04,hidro,240.174
2026-01-20 20:00,3,0,20,G05,hidro,209.555
2026-01-20 20:00,3,0,20,G06,termo,143.228
2026-01-20 20:00,3,0,20,G07,termo,132.145
2026-01-20 20:00,3,0,20,G08,solar,0.0
2026-01-20 20:00,3,0,20,G09,solar,0.0
2026-01-20 20:00,3,0,20,G10,eolica,37.416
2026-01-20 21:00,3,0,21,G01,hidro,82.198
2026-01-20 21:00,3,0,21,G02,hidro,89.951
2026-01-20 21:00,3,0,21,G03,hidro,201.426
2026-01-20 21:00,3,0,21,G04,hidro,249.444
2026-01-20 21:00,3,0,21,G05,hidro,264.37
2026-01-20 21:00,3,0,21,G06,termo,137.345
2026-01-20 21:00,3,0,21,G07,termo,159.977
2026-01-20 21:00,3,0,21,G08,solar,0.0
2026-01-20 21:00,3,0,21,G09,solar,0.0
2026-01-20 21:00,3,0,21,G10,eolica,43.462
2026-01-20 22:00,3,0,22,G01,hidro,88.916
2026-01-20 22:00,3,0,22,G02,hidro,77.262
2026-01-20 22:00,3,0,22,G03,hidro,164.771
2026-01-20 22:00,3,0,22,G04,hidro,234.333
2026-01-20 22:00,3,0,22,G05,hidro,248.765
2026-01-20 22:00,3,0,22,G06,termo,159.56
2026-01-20 22:00,3,0,22,G07,termo,131.869
2026-01-20 22:00,3,0,22,G08,solar,0.0
2026-01-20 22:00,3,0,22,G09,solar,0.0
2026-01-20 22:00,3,0,22,G10,eolica,45.435
2026-01-20 23:00,3,0,23,G01,hidro,54.698
2026-01-20 23:00,3,0,23,G02,hidro,54.908
2026-01-20 23:00,3,0,23,G03,hidro,129.396
2026-01-20 23:00,3,0,23,G04,hidro,183.262
2026-01-20 23:00,3,0,23,G05,hidro,186.613
2026-01-20 23:00,3,0,23,G06,termo,95.282
2026-01-20 23:00,3,0,23,G07,termo,93.103
2026-01-20 23:00,3,0,23,G08,solar,0.0
2026-01-20 23:00,3,0,23,G09,solar,0.0
2026-01-20 23:00,3,0,23,G10,eolica,57.374
2026-01-21 00:00,3,1,0,G01,hidro,64.481
2026-01-21 00:00,3,1,0,G02,hidro,50.766
2026-01-21 00:00,3,1,0,G03,hidro,138.099
2026-01-21 00:00,3,1,0,G04,hidro,168.819
2026-01-21 00:00,3,1,0,G05,hidro,164.212
2026-01-21 00:00,3,1,0,G06,termo,104.923
2026-01-21 00:00,3,1,0,G07,termo,106.762
2026-01-21 00:00,3,1,0,G08,solar,0.0
2026-01-21 00:00,3,1,0,G09,solar,0.0
2026-01-21 00:00,3,1,0,G10,eolica,57.225
2026-01-21 01:00,3,1,1,G01,hidro,51.902
2026-01-21 01:00,3,1,1,G02,hidro,59.345
2026-01-21 01:00,3,1,1,G03,hidro,116.995
2026-01-21 01:00,3,1,1,G04,hidro,173.872
2026-01-21 01:00,3,1,1,G05,hidro,159.955
2026-01-21 01:00,3,1,1,G06,termo,88.599
2026-01-21 01:00,3,1,1,G07,termo,89.65
2026-01-21 01:00,3,1,1,G08,solar,0.0
2026-01-21 01:00,3,1,1,G09,solar,0.0
2026-01-21 01:00,3,1,1,G10,eolica,66.654
2026-01-21 02:00,3,1,2,G01,hidro,58.102
2026-01-21 02:00,3,1,2,G02,hidro,59.211
2026-01-21 02:00,3,1,2,G03,hidro,130.162
2026-01-21 02:00,3,1,2,G04,hidro,164.266
2026-01-21 02:00,3,1,2,G05,hidro,151.206
2026-01-21 02:00,3,1,2,G06,termo,103.673
2026-01-21 02:00,3,1,2,G07,termo,104.259
2026-01-21 02:00,3,1,2,G08,solar,0.0
2026-01-21 02:00,3,1,2,G09,solar,0.0
2026-01-21 02:00,3,1,2,G10,eolica,77.765
2026-01-21 03:00,3,1,3,G01,hidro,64.423
2026-01-21 03:00,3,1,3,G02,hidro,51.339
2026-01-21 03:00,3,1,3,G03,hidro,112.311
2026-01-21 03:00,3,1,3,G04,hidro,174.988
2026-01-21 03:00,3,1,3,G05,hidro,178.106
2026-01-21 03:00,3,1,3,G06,termo,98.119
2026-01-21 03:00,3,1,3,G07,termo,108.391
2026-01-21 03:00,3,1,3,G08,solar,0.0
2026-01-21 03:00,3,1,3,G09,solar,0.0
2026-01-21 03:00,3,1,3,G10,eolica,84.752
2026-01-21 04:00,3,1,4,G01,hidro,57.343
2026-01-21 04:00,3,1,4,G02,hidro,51.676
2026-01-21 04:00,3,1,4,G03,hidro,135.243
2026-01-21 04:00,3,1,4,G04,hidro,170.196
2026-01-21 04:00,3,1,4,G05,hidro,181.495
2026-01-21 04:00,3,1,4,G06,termo,102.729
2026-01-21 04:00,3,1,4,G07,termo,104.172
2026-01-21 04:00,3,1,4,G08,solar,0.0
2026-01-21 04:00,3,1,4,G09,solar,0.0
2026-01-21 04:00,3,1,4,G10,eolica,78.444
2026-01-21 05:00,3,1,5,G01,hidro,53.724
2026-01-21 05:00,3,1,5,G02,hidro,63.619
2026-01-21 05:00,3,1,5,G03,hidro,119.242
2026-01-21 05:00,3,1,5,G04,hidro,158.116
2026-01-21 05:00,3,1,5,G05,hidro,178.649
2026-01-21 05:00,3,1,5,G06,termo,100.748
2026-01-21 05:00,3,1,5,G07,termo,92.664
2026-01-21 05:00,3,1,5,G08,solar,0.0
2026-01-21 05:00,3,1,5,G09,solar,0.0
2026-01-21 05:00,3,1,5,G10,eolica,81.576
2026-01-21 06:00,3,1,6,G01,hidro,64.26
2026-01-21 06:00,3,1,6,G02,hidro,62.921
2026-01-21 06:00,3,1,6,G03,hidro,140.934
2026-01-21 06:00,3,1,6,G04,hidro,178.58
2026-01-21 06:00,3,1,6,G05,hidro,147.036
2026-01-21 06:00,3,1,6,G06,termo,93.163
2026-01-21 06:00,3,1,6,G07,termo,93.864
2026-01-21 06:00,3,1,6,G08,solar,0.0
2026-01-21 06:00,3,1,6,G09,solar,0.0
2026-01-21 06:00,3,1,6,G10,eolica,95.978
2026-01-21 07:00,3,1,7,G01,hidro,84.411
2026-01-21 07:00,3,1,7,G02,hidro,103.683
2026-01-21 07:00,3,1,7,G03,hidro,220.977
2026-01-21 07:00,3,1,7,G04,hidro,289.017
2026-01-21 07:00,3,1,7,G05,hidro,269.216
2026-01-21 07:00,3,1,7,G06,termo,172.85
2026-01-21 07:00,3,1,7,G07,termo,166.739
2026-01-21 07:00,3,1,7,G08,solar,38.816
2026-01-21 07:00,3,1,7,G09,solar,41.104
2026-01-21 07:00,3,1,7,G10,eolica,91.041
2026-01-21 08:00,3,1,8,G01,hidro,87.924
2026-01-21 08:00,3,1,8,G02,hidro,94.532
2026-01-21 08:00,3,1,8,G03,hidro,218.026
2026-01-21 08:00,3,1,8,G04,hidro,234.682
2026-01-21 08:00,3,1,8,G05,hidro,280.133
2026-01-21 08:00,3,1,8,G06,termo,169.922
2026-01-21 08:00,3,1,8,G07,termo,155.172
2026-01-21 08:00,3,1,8,G08,solar,43.408
2026-01-21 08:00,3,1,8,G09,solar,44.084
2026-01-21 08:00,3,1,8,G10,eolica,73.992
2026-01-21 09:00,3,1,9,G01,hidro,96.578
2026-01-21 09:00,3,1,9,G02,hidro,84.672
2026-01-21 09:00,3,1,9,G03,hidro,204.402
2026-01-21 09:00,3,1,9,G04,hidro,233.137
2026-01-21 09:00,3,1,9,G05,hidro,260.06
2026-01-21 09:00,3,1,9,G06,termo,144.629
2026-01-21 09:00,3,1,9,G07,termo,144.988
2026-01-21 09:00,3,1,9,G08,solar,125.1
2026-01-21 09:00,3,1,9,G09,solar,119.009
2026-01-21 09:00,3,1,9,G10,eolica,70.598
2026-01-21 10:00,3,1,10,G01,hidro,84.03
2026-01-21 10:00,3,1,10,G02,hidro,93.885
2026-01-21 10:00,3,1,10,G03,hidro,197.344
2026-01-21 10:00,3,1,10,G04,hidro,249.027
2026-01-21 10:00,3,1,10,G05,hidro,284.313
2026-01-21 10:00,3,1,10,G06,termo,167.222
2026-01-21 10:00,3,1,10,G07,termo,169.168
2026-01-21 10:00,3,1,10,G08,solar,123.028
2026-01-21 10:00,3,1,10,G09,solar,125.77
2026-01-21 10:00,3,1,10,G10,eolica,75.38
2026-01-21 11:00,3,1,11,G01,hidro,87.423
2026-01-21 11:00,3,1,11,G02,hidro,101.381
2026-01-21 11:00,3,1,11,G03,hidro,219.848
2026-01-21 11:00,3,1,11,G04,hidro,255.95
2026-01-21 11:00,3,1,11,G05,hidro,260.546
2026-01-21 11:00,3,1,11,G06,termo,148.611
2026-01-21 11:00,3,1,11,G07,termo,172.009
2026-01-21 11:00,3,1,11,G08,solar,121.628
2026-01-21 11:00,3,1,11,G09,solar,122.563
2026-01-21 11:00,3,1,11,G10,eolica,68.047
2026-01-21 12:00,3,1,12,G01,hidro,94.396
2026-01-21 12:00,3,1,12,G02,hidro,97.707
2026-01-21 12:00,3,1,12,G03,hidro,209.691
2026-01-21 12:00,3,1,12,G04,hidro,251.664
2026-01-21 12:00,3,1,12,G05,hidro,234.049
2026-01-21 12:00,3,1,12,G06,termo,156.316
2026-01-21 12:00,3,1,12,G07,termo,173.245
2026-01-21 12:00,3,1,12,G08,solar,133.731
2026-01-21 12:00,3,1,12,G09,solar,146.719
2026-01-21 12:00,3,1,12,G10,eolica,65.778
2026-01-21 13:00,3,1,13,G01,hidro,104.076
2026-01-21 13:00,3,1,13,G02,hidro,88.461
2026-01-21 13:00,3,1,13,G03,hidro,183.879
2026-01-21 13:00,3,1,13,G04,hidro,250.722
2026-01-21 13:00,3,1,13,G05,hidro,252.986
2026-01-21 13:00,3,1,13,G06,termo,158.299
2026-01-21 13:00,3,1,13,G07,termo,161.912
2026-01-21 13:00,3,1,13,G08,solar,146.606
2026-01-21 13:00,3,1,13,G09,solar,146.574
2026-01-21 13:00,3,1,13,G10,eolica,51.392
2026-01-21 14:00,3,1,14,G01,hidro,101.397
2026-01-21 14:00,3,1,14,G02,hidro,99.21
2026-01-21 14:00,3,1,14,G03,hidro,183.484
2026-01-21 14:00,3,1,14,G04,hidro,235.206
2026-01-21 14:00,3,1,14,G05,hidro,260.624
2026-01-21 14:00,3,1,14,G06,termo,164.654
2026-01-21 14:00,3,1,14,G07,termo,160.576
2026-01-21 14:00,3,1,14,G08,solar,132.54
2026-01-21 14:00,3,1,14,G09,solar,130.31
2026-01-21 14:00,3,1,14,G10,eolica,50.498
2026-01-21 15:00,3,1,15,G01,hidro,99.285
2026-01-21 15:00,3,1,15,G02,hidro,103.7
2026-01-21 15:00,3,1,15,G03,hidro,215.93
2026-01-21 15:00,3,1,15,G04,hidro,252.42
2026-01-21 15:00,3,1,15,G05,hidro,283.987
2026-01-21 15:00,3,1,15,G06,termo,157.434
2026-01-21 15:00,3,1,15,G07,termo,167.275
2026-01-21 15:00,3,1,15,G08,solar,141.114
2026-01-21 15:00,3,1,15,G09,solar,134.498
2026-01-21 15:00,3,1,15,G10,eolica,38.286
2026-01-21 16:00,3,1,16,G01,hidro,102.731
2026-01-21 16:00,3,1,16,G02,hidro,99.631
2026-01-21 16:00,3,1,16,G03,hidro,197.396
2026-01-21 16:00,3,1,16,G04,hidro,265.211
2026-01-21 16:00,3,1,16,G05,hidro,260.271
2026-01-21 16:00,3,1,16,G06,termo,166.679
2026-01-21 16:00,3,1,16,G07,termo,157.467
2026-01-21 16:00,3,1,16,G08,solar,77.759
2026-01-21 16:00,3,1,16,G09,solar,80.186
2026-01-21 16:00,3,1,16,G10,eolica,34.574
2026-01-21 17:00,3,1,17,G01,hidro,98.077
2026-01-21 17:00,3,1,17,G02,hidro,86.937
2026-01-21 17:00,3,1,17,G03,hidro,208.809
2026-01-21 17:00,3,1,17,G04,hidro,241.754
2026-01-21 17:00,3,1,17,G05,hidro,263.145
2026-01-21 17:00,3,1,17,G06,termo,140.097
2026-01-21 17:00,3,1,17,G07,termo,147.346
2026-01-21 17:00,3,1,17,G08,solar,74.718
2026-01-21 17:00,3,1,17,G09,solar,72.955
2026-01-21 17:00,3,1,17,G10,eolica,29.738
2026-01-21 18:00,3,1,18,G01,hidro,97.508
2026-01-21 18:00,3,1,18,G02,hidro,99.572
2026-01-21 18:00,3,1,18,G03,hidro,183.427
2026-01-21 18:00,3,1,18,G04,hidro,277.281
2026-01-21 18:00,3,1,18,G05,hidro,274.429
2026-01-21 18:00,3,1,18,G06,termo,166.591
2026-01-21 18:00,3,1,18,G07,termo,161.12
2026-01-21 18:00,3,1,18,G08,solar,14.357
2026-01-21 18:00,3,1,18,G09,solar,14.774
2026-01-21 18:00,3,1,18,G10,eolica,31.118
2026-01-21 19:00,3,1,19,G01,hidro,84.603
2026-01-21 19:00,3,1,19,G02,hidro,83.643
2026-01-21 19:00,3,1,19,G03,hidro,187.192
2026-01-21 19:00,3,1,19,G04,hidro,263.716
2026-01-21 19:00,3,1,19,G05,hidro,212.668
2026-01-21 19:00,3,1,19,G06,termo,156.768
2026-01-21 19:00,3,1,19,G07,termo,145.347
2026-01-21 19:00,3,1,19,G08,solar,12.848
2026-01-21 19:00,3,1,19,G09,solar,13.805
2026-01-21 19:00,3,1,19,G10,eolica,29.833
2026-01-21 20:00,3,1,20,G01,hidro,82.202
2026-01-21 20:00,3,1,20,G02,hidro,87.839
2026-01-21 20:00,3,1,20,G03,hidro,188.757
2026-01-21 20:00,3,1,20,G04,hidro,247.59
2026-01-21 20:00,3,1,20,G05,hidro,246.56
2026-01-21 20:00,3,1,20,G06,termo,126.144
2026-01-21 20:00,3,1,20,G07,termo,129.919
2026-01-21 20:00,3,1,20,G08,solar,0.0
2026-01-21 20:00,3,1,20,G09,solar,0.0
2026-01-21 20:00,3,1,20,G10,eolica,38.173
2026-01-21 21:00,3,1,21,G01,hidro,81.007
2026-01-21 21:00,3,1,21,G02,hidro,75.02
2026-01-21 21:00,3,1,21,G03,hidro,187.916
2026-01-21 21:00,3,1,21,G04,hidro,265.501
2026-01-21 21:00,3,1,21,G05,hidro,260.667
2026-01-21 21:00,3,1,21,G06,termo,129.592
2026-01-21 21:00,3,1,21,G07,termo,127.149
2026-01-21 21:00,3,1,21,G08,solar,0.0
2026-01-21 21:00,3,1,21,G09,solar,0.0
2026-01-21 21:00,3,1,21,G10,eolica,38.558
2026-01-21 22:00,3,1,22,G01,hidro,86.169
2026-01-21 22:00,3,1,22,G02,hidro,88.085
2026-01-21 22:00,3,1,22,G03,hidro,169.24
2026-01-21 22:00,3,1,22,G04,hidro,245.193
2026-01-21 22:00,3,1,22,G05,hidro,235.664
2026-01-21 22:00,3,1,22,G06,termo,148.449
2026-01-21 22:00,3,1,22,G07,termo,141.502
2026-01-21 22:00,3,1,22,G08,solar,0.0
2026-01-21 22:00,3,1,22,G09,solar,0.0
2026-01-21 22:00,3,1,22,G10,eolica,49.967
2026-01-21 23:00,3,1,23,G01,hidro,57.537
2026-01-21 23:00,3,1,23,G02,hidro,59.564
2026-01-21 23:00,3,1,23,G03,hidro,126.353
2026-01-21 23:00,3,1,23,G04,hidro,191.6
2026-01-21 23:00,3,1,23,G05,hidro,172.586
2026-01-21 23:00,3,1,23,G06,termo,99.102
2026-01-21 23:00,3,1,23,G07,termo,116.333
2026-01-21 23:00,3,1,23,G08,solar,0.0
2026-01-21 23:00,3,1,23,G09,solar,0.0
2026-01-21 23:00,3,1,23,G10,eolica,49.489
2026-01-22 00:00,3,2,0,G01,hidro,54.289
2026-01-22 00:00,3,2,0,G02,hidro,51.285
2026-01-22 00:00,3,2,0,G03,hidro,119.93
2026-01-22 00:00,3,2,0,G04,hidro,143.666
2026-01-22 00:00,3,2,0,G05,hidro,157.355
2026-01-22 00:00,3,2,0,G06,termo,100.833
2026-01-22 00:00,3,2,0,G07,termo,106.552
2026-01-22 00:00,3,2,0,G08,solar,0.0
2026-01-22 00:00,3,2,0,G09,solar,0.0
2026-01-22 00:00,3,2,0,G10,eolica,56.529
2026-01-22 01:00,3,2,1,G01,hidro,63.358
2026-01-22 01:00,3,2,1,G02,hidro,52.747
2026-01-22 01:00,3,2,1,G03,hidro,140.767
2026-01-22 01:00,3,2,1,G04,hidro,177.966
2026-01-22 01:00,3,2,1,G05,hidro,181.94
2026-01-22 01:00,3,2,1,G06,termo,106.001
2026-01-22 01:00,3,2,1,G07,termo,91.172
2026-01-22 01:00,3,2,1,G08,solar,0.0
2026-01-22 01:00,3,2,1,G09,solar,0.0
2026-01-22 01:00,3,2,1,G10,eolica,59.101
2026-01-22 02:00,3,2,2,G01,hidro,61.149
2026-01-22 02:00,3,2,2,G02,hidro,64.262
2026-01-22 02:00,3,2,2,G03,hidro,121.432
2026-01-22 02:00,3,2,2,G04,hidro,157.221
2026-01-22 02:00,3,2,2,G05,hidro,144.557
2026-01-22 02:00,3,2,2,G06,termo,96.524
2026-01-22 02:00,3,2,2,G07,termo,97.651
2026-01-22 02:00,3,2,2,G08,solar,0.0
2026-01-22 02:00,3,2,2,G09,solar,0.0
2026-01-22 02:00,3,2,2,G10,eolica,66.246
2026-01-22 03:00,3,2,3,G01,hidro,55.27
2026-01-22 03:00,3,2,3,G02,hidro,61.083
2026-01-22 03:00,3,2,3,G03,hidro,121.205
2026-01-22 03:00,3,2,3,G04,hidro,168.503
2026-01-22 03:00,3,2,3,G05,hidro,167.668
2026-01-22 03:00,3,2,3,G06,termo,102.711
2026-01-22 03:00,3,2,3,G07,termo,90.238
2026-01-22 03:00,3,2,3,G08,solar,0.0
2026-01-22 03:00,3,2,3,G09,solar,0.0
2026-01-22 03:00,3,2,3,G10,eolica,86.249
2026-01-22 04:00,3,2,4,G01,hidro,51.684
2026-01-22 04:00,3,2,4,G02,hidro,54.571
2026-01-22 04:00,3,2,4,G03,hidro,141.79
2026-01-22 04:00,3,2,4,G04,hidro,159.902
2026-01-22 04:00,3,2,4,G05,hidro,151.615
2026-01-22 04:00,3,2,4,G06,termo,94.387
2026-01-22 04:00,3,2,4,G07,termo,98.888
2026-01-22 04:00,3,2,4,G08,solar,0.0
2026-01-22 04:00,3,2,4,G09,solar,0.0
2026-01-22 04:00,3,2,4,G10,eolica,80.917
2026-01-22 05:00,3,2,5,G01,hidro,61.709
2026-01-22 05:00,3,2,5,G02,hidro,54.217
2026-01-22 05:00,3,2,5,G03,hidro,133.022
2026-01-22 05:00,3,2,5,G04,hidro,160.662
2026-01-22 05:00,3,2,5,G05,hidro,156.598
2026-01-22 05:00,3,2,5,G06,termo,93.597
2026-01-22 05:00,3,2,5,G07,termo,95.587
2026-01-22 05:00,3,2,5,G08,solar,0.0
2026-01-22 05:00,3,2,5,G09,solar,0.0
2026-01-22 05:00,3,2,5,G10,eolica,83.945
2026-01-22 06:00,3,2,6,G01,hidro,62.005
2026-01-22 06:00,3,2,6,G02,hidro,51.276
2026-01-22 06:00,3,2,6,G03,hidro,113.83
2026-01-22 06:00,3,2,6,G04,hidro,173.469
2026-01-22 06:00,3,2,6,G05,hidro,143.503
2026-01-22 06:00,3,2,6,G06,termo,87.455
2026-01-22 06:00,3,2,6,G07,termo,102.044
2026-01-22 06:00,3,2,6,G08,solar,0.0
2026-01-22 06:00,3,2,6,G09,solar,0.0
2026-01-22 06:00,3,2,6,G10,eolica,83.18
2026-01-22 07:00,3,2,7,G01,hidro,83.242
2026-01-22 07:00,3,2,7,G02,hidro,95.582
2026-01-22 07:00,3,2,7,G03,hidro,213.58
2026-01-22 07:00,3,2,7,G04,hidro,257.897
2026-01-22 07:00,3,2,7,G05,hidro,232.594
2026-01-22 07:00,3,2,7,G06,termo,140.411
2026-01-22 07:00,3,2,7,G07,termo,141.205
2026-01-22 07:00,3,2,7,G08,solar,40.983
2026-01-22 07:00,3,2,7,G09,solar,40.047
2026-01-22 07:00,3,2,7,G10,eolica,83.106
2026-01-22 08:00,3,2,8,G01,hidro,103.032
2026-01-22 08:00,3,2,8,G02,hidro,98.725
2026-01-22 08:00,3,2,8,G03,hidro,183.202
2026-01-22 08:00,3,2,8,G04,hidro,258.385
2026-01-22 08:00,3,2,8,G05,hidro,233.79
2026-01-22 08:00,3,2,8,G06,termo,158.544
2026-01-22 08:00,3,2,8,G07,termo,141.078
2026-01-22 08:00,3,2,8,G08,solar,41.899
2026-01-22 08:00,3,2,8,G09,solar,43.711
2026-01-22 08:00,3,2,8,G10,eolica,74.177
2026-01-22 09:00,3,2,9,G01,hidro,85.537
2026-01-22 09:00,3,2,9,G02,hidro,99.284
2026-01-22 09:00,3,2,9,G03,hidro,211.689
2026-01-22 09:00,3,2,9,G04,hidro,273.379
2026-01-22 09:00,3,2,9,G05,hidro,261.175
2026-01-22 09:00,3,2,9,G06,termo,164.838
2026-01-22 09:00,3,2,9,G07,termo,154.791
2026-01-22 09:00,3,2,9,G08,solar,124.922
2026-01-22 09:00,3,2,9,G09,solar,110.027
2026-01-22 09:00,3,2,9,G10,eolica,73.556
2026-01-22 10:00,3,2,10,G01,hidro,95.33
2026-01-22 10:00,3,2,10,G02,hidro,90.937
2026-01-22 10:00,3,2,10,G03,hidro,188.811
2026-01-22 10:00,3,2,10,G04,hidro,286.841
2026-01-22 10:00,3,2,10,G05,hidro,230.291
2026-01-22 10:00,3,2,10,G06,termo,168.763
2026-01-22 10:00,3,2,10,G07,termo,159.732
2026-01-22 10:00,3,2,10,G08,solar,123.659
2026-01-22 10:00,3,2,10,G09,solar,120.457
2026-01-22 10:00,3,2,10,G10,eolica,79.361
2026-01-22 11:00,3,2,11,G01,hidro,101.695
2026-01-22 11:00,3,2,11,G02,hidro,90.27
2026-01-22 11:00,3,2,11,G03,hidro,199.565
2026-01-22 11:00,3,2,11,G04,hidro,284.556
2026-01-22 11:00,3,2,11,G05,hidro,280.886
2026-01-22 11:00,3,2,11,G06,termo,150.504
2026-01-22 11:00,3,2,11,G07,termo,173.541
2026-01-22 11:00,3,2,11,G08,solar,114.642
2026-01-22 11:00,3,2,11,G09,solar,110.211
2026-01-22 11:00,3,2,11,G10,eolica,70.683
2026-01-22 12:00,3,2,12,G01,hidro,83.15
2026-01-22 12:00,3,2,12,G02,hidro,85.386
2026-01-22 12:00,3,2,12,G03,hidro,183.572
2026-01-22 12:00,3,2,12,G04,hidro,258.479
2026-01-22 12:00,3,2,12,G05,hidro,287.051
2026-01-22 12:00,3,2,12,G06,termo,177.673
2026-01-22 12:00,3,2,12,G07,termo,161.445
2026-01-22 12:00,3,2,12,G08,solar,140.641
2026-01-22 12:00,3,2,12,G09,solar,141.156
2026-01-22 12:00,3,2,12,G10,eolica,65.301
2026-01-22 13:00,3,2,13,G01,hidro,94.238
2026-01-22 13:00,3,2,13,G02,hidro,90.378
2026-01-22 13:00,3,2,13,G03,hidro,204.359
2026-01-22 13:00,3,2,13,G04,hidro,278.393
2026-01-22 13:00,3,2,13,G05,hidro,257.934
2026-01-22 13:00,3,2,13,G06,termo,173.491
2026-01-22 13:00,3,2,13,G07,termo,140.253
2026-01-22 13:00,3,2,13,G08,solar,130.335
2026-01-22 13:00,3,2,13,G09,solar,144.956
2026-01-22 13:00,3,2,13,G10,eolica,53.243
2026-01-22 14:00,3,2,14,G01,hidro,91.1
2026-01-22 14:00,3,2,14,G02,hidro,98.516
2026-01-22 14:00,3,2,14,G03,hidro,213.94
2026-01-22 14:00,3,2,14,G04,hidro,249.463
2026-01-22 14:00,3,2,14,G05,hidro,229.523
2026-01-22 14:00,3,2,14,G06,termo,163.762
2026-01-22 14:00,3,2,14,G07,termo,153.51
2026-01-22 14:00,3,2,14,G08,solar,132.062
2026-01-22 14:00,3,2,14,G09,solar,138.35
2026-01-22 14:00,3,2,14,G10,eolica,43.38
2026-01-22 15:00,3,2,15,G01,hidro,96.487
2026-01-22 15:00,3,2,15,G02,hidro,94.858
2026-01-22 15:00,3,2,15,G03,hidro,215.064
2026-01-22 15:00,3,2,15,G04,hidro,237.085
2026-01-22 15:00,3,2,15,G05,hidro,248.237
2026-01-22 15:00,3,2,15,G06,termo,142.829
2026-01-22 15:00,3,2,15,G07,termo,165.081
2026-01-22 15:00,3,2,15,G08,solar,127.756
2026-01-22 15:00,3,2,15,G09,solar,140.238
2026-01-22 15:00,3,2,15,G10,eolica,41.082
2026-01-22 16:00,3,2,16,G01,hidro,90.85
2026-01-22 16:00,3,2,16,G02,hidro,100.784
2026-01-22 16:00,3,2,16,G03,hidro,202.718
2026-01-22 16:00,3,2,16,G04,hidro,230.129
2026-01-22 16:00,3,2,16,G05,hidro,274.854
2026-01-22 16:00,3,2,16,G06,termo,154.433
2026-01-22 16:00,3,2,16,G07,termo,163.745
2026-01-22 16:00,3,2,16,G08,solar,76.936
2026-01-22 16:00,3,2,16,G09,solar,71.564
2026-01-22 16:00,3,2,16,G10,eolica,38.477
2026-01-22 17:00,3,2,17,G01,hidro,93.37
2026-01-22 17:00,3,2,17,G02,hidro,82.156
2026-01-22 17:00,3,2,17,G03,hidro,205.06
2026-01-22 17:00,3,2,17,G04,hidro,274.765
2026-01-22 17:00,3,2,17,G05,hidro,276.867
2026-01-22 17:00,3,2,17,G06,termo,164.977
2026-01-22 17:00,3,2,17,G07,termo,166.336
2026-01-22 17:00,3,2,17,G08,solar,77.335
2026-01-22 17:00,3,2,17,G09,solar,81.28
2026-01-22 17:00,3,2,17,G10,eolica,30.266
2026-01-22 18:00,3,2,18,G01,hidro,90.002
2026-01-22 18:00,3,2,18,G02,hidro,101.992
2026-01-22 18:00,3,2,18,G03,hidro,207.084
2026-01-22 18:00,3,2,18,G04,hidro,263.873
2026-01-22 18:00,3,2,18,G05,hidro,275.519
2026-01-22 18:00,3,2,18,G06,termo,167.78
2026-01-22 18:00,3,2,18,G07,termo,158.104
2026-01-22 18:00,3,2,18,G08,solar,14.525
2026-01-22 18:00,3,2,18,G09,solar,13.0
2026-01-22 18:00,3,2,18,G10,eolica,33.955
2026-01-22 19:00,3,2,19,G01,hidro,83.527
2026-01-22 19:00,3,2,19,G02,hidro,82.229
2026-01-22 19:00,3,2,19,G03,hidro,173.399
2026-01-22 19:00,3,2,19,G04,hidro,219.671
2026-01-22 19:00,3,2,19,G05,hidro,236.215
2026-01-22 19:00,3,2,19,G06,termo,139.137
2026-01-22 19:00,3,2,19,G07,termo,151.757
2026-01-22 19:00,3,2,19,G08,solar,13.914
2026-01-22 19:00,3,2,19,G09,solar,13.965
2026-01-22 19:00,3,2,19,G10,eolica,33.688
2026-01-22 20:00,3,2,20,G01,hidro,77.917
2026-01-22 20:00,3,2,20,G02,hidro,79.225
2026-01-22 20:00,3,2,20,G03,hidro,184.429
2026-01-22 20:00,3,2,20,G04,hidro,243.132
2026-01-22 20:00,3,2,20,G05,hidro,213.567
2026-01-22 20:00,3,2,20,G06,termo,136.691
2026-01-22 20:00,3,2,20,G07,termo,138.143
2026-01-22 20:00,3,2,20,G08,solar,0.0
2026-01-22 20:00,3,2,20,G09,solar,0.0
2026-01-22 20:00,3,2,20,G10,eolica,39.47
2026-01-22 21:00,3,2,21,G01,hidro,87.466
2026-01-22 21:00,3,2,21,G02,hidro,94.542
2026-01-22 21:00,3,2,21,G03,hidro,163.946
2026-01-22 21:00,3,2,21,G04,hidro,258.674
2026-01-22 21:00,3,2,21,G05,hidro,221.438
2026-01-22 21:00,3,2,21,G06,termo,156.08
2026-01-22 21:00,3,2,21,G07,termo,144.708
2026-01-22 21:00,3,2,21,G08,solar,0.0
2026-01-22 21:00,3,2,21,G09,solar,0.0
2026-01-22 21:00,3,2,21,G10,eolica,40.08
2026-01-22 22:00,3,2,22,G01,hidro,81.137
2026-01-22 22:00,3,2,22,G02,hidro,77.203
2026-01-22 22:00,3,2,22,G03,hidro,166.085
2026-01-22 22:00,3,2,22,G04,hidro,249.999
2026-01-22 22:00,3,2,22,G05,hidro,255.806
2026-01-22 22:00,3,2,22,G06,termo,128.975
2026-01-22 22:00,3,2,22,G07,termo,155.235
2026-01-22 22:00,3,2,22,G08,solar,0.0
2026-01-22 22:00,3,2,22,G09,solar,0.0
2026-01-22 22:00,3,2,22,G10,eolica,49.855
2026-01-22 23:00,3,2,23,G01,hidro,61.789
2026-01-22 23:00,3,2,23,G02,hidro,58.262
2026-01-22 23:00,3,2,23,G03,hidro,139.947
2026-01-22 23:00,3,2,23,G04,hidro,172.944
2026-01-22 23:00,3,2,23,G05,hidro,171.499
2026-01-22 23:00,3,2,23,G06,termo,102.607
2026-01-22 23:00,3,2,23,G07,termo,101.219
2026-01-22 23:00,3,2,23,G08,solar,0.0
2026-01-22 23:00,3,2,23,G09,solar,0.0
2026-01-22 23:00,3,2,23,G10,eolica,53.473
2026-01-23 00:00,3,3,0,G01,hidro,59.851
2026-01-23 00:00,3,3,0,G02,hidro,55.799
2026-01-23 00:00,3,3,0,G03,hidro,133.513
2026-01-23 00:00,3,3,0,G04,hidro,144.566
2026-01-23 00:00,3,3,0,G05,hidro,145.369
2026-01-23 00:00,3,3,0,G06,termo,94.794
2026-01-23 00:00,3,3,0,G07,termo,89.849
2026-01-23 00:00,3,3,0,G08,solar,0.0
2026-01-23 00:00,3,3,0,G09,solar,0.0
2026-01-23 00:00,3,3,0,G10,eolica,64.224
2026-01-23 01:00,3,3,1,G01,hidro,51.243
2026-01-23 01:00,3,3,1,G02,hidro,55.466
2026-01-23 01:00,3,3,1,G03,hidro,116.561
2026-01-23 01:00,3,3,1,G04,hidro,179.419
2026-01-23 01:00,3,3,1,G05,hidro,164.583
2026-01-23 01:00,3,3,1,G06,termo,88.769
2026-01-23 01:00,3,3,1,G07,termo,97.874
2026-01-23 01:00,3,3,1,G08,solar,0.0
2026-01-23 01:00,3,3,1,G09,solar,0.0
2026-01-23 01:00,3,3,1,G10,eolica,59.88
2026-01-23 02:00,3,3,2,G01,hidro,64.669
2026-01-23 02:00,3,3,2,G02,hidro,61.512
2026-01-23 02:00,3,3,2,G03,hidro,116.903
2026-01-23 02:00,3,3,2,G04,hidro,171.215
2026-01-23 02:00,3,3,2,G05,hidro,145.597
2026-01-23 02:00,3,3,2,G06,termo,90.785
2026-01-23 02:00,3,3,2,G07,termo,96.323
2026-01-23 02:00,3,3,2,G08,solar,0.0
2026-01-23 02:00,3,3,2,G09,solar,0.0
2026-01-23 02:00,3,3,2,G10,eolica,75.701
2026-01-23 03:00,3,3,3,G01,hidro,64.41
2026-01-23 03:00,3,3,3,G02,hidro,58.076
2026-01-23 03:00,3,3,3,G03,hidro,137.437
2026-01-23 03:00,3,3,3,G04,hidro,175.776
2026-01-23 03:00,3,3,3,G05,hidro,176.703
2026-01-23 03:00,3,3,3,G06,termo,101.942
2026-01-23 03:00,3,3,3,G07,termo,101.505
2026-01-23 03:00,3,3,3,G08,solar,0.0
2026-01-23 03:00,3,3,3,G09,solar,0.0
2026-01-23 03:00,3,3,3,G10,eolica,70.368
2026-01-23 04:00,3,3,4,G01,hidro,63.728
2026-01-23 04:00,3,3,4,G02,hidro,60.725
2026-01-23 04:00,3,3,4,G03,hidro,140.155
2026-01-23 04:00,3,3,4,G04,hidro,147.703
2026-01-23 04:00,3,3,4,G05,hidro,169.247
2026-01-23 04:00,3,3,4,G06,termo,95.57
2026-01-23 04:00,3,3,4,G07,termo,106.703
2026-01-23 04:00,3,3,4,G08,solar,0.0
2026-01-23 04:00,3,3,4,G09,solar,0.0
2026-01-23 04:00,3,3,4,G10,eolica,85.612
2026-01-23 05:00,3,3,5,G01,hidro,63.811
2026-01-23 05:00,3,3,5,G02,hidro,61.017
2026-01-23 05:00,3,3,5,G03,hidro,134.545
2026-01-23 05:00,3,3,5,G04,hidro,179.376
2026-01-23 05:00,3,3,5,G05,hidro,173.502
2026-01-23 05:00,3,3,5,G06,termo,102.298
2026-01-23 05:00,3,3,5,G07,termo,95.623
2026-01-23 05:00,3,3,5,G08,solar,0.0
2026-01-23 05:00,3,3,5,G09,solar,0.0
2026-01-23 05:00,3,3,5,G10,eolica,84.603
2026-01-23 06:00,3,3,6,G01,hidro,57.678
2026-01-23 06:00,3,3,6,G02,hidro,53.741
2026-01-23 06:00,3,3,6,G03,hidro,131.628
2026-01-23 06:00,3,3,6,G04,hidro,155.132
2026-01-23 06:00,3,3,6,G05,hidro,156.052
2026-01-23 06:00,3,3,6,G06,termo,97.495
2026-01-23 06:00,3,3,6,G07,termo,92.255
2026-01-23 06:00,3,3,6,G08,solar,0.0
2026-01-23 06:00,3,3,6,G09,solar,0.0
2026-01-23 06:00,3,3,6,G10,eolica,77.307
2026-01-23 07:00,3,3,7,G01,hidro,94.058
2026-01-23 07:00,3,3,7,G02,hidro,95.563
2026-01-23 07:00,3,3,7,G03,hidro,200.896
2026-01-23 07:00,3,3,7,G04,hidro,282.033
2026-01-23 07:00,3,3,7,G05,hidro,239.971
2026-01-23 07:00,3,3,7,G06,termo,144.593
2026-01-23 07:00,3,3,7,G07,termo,145.734
2026-01-23 07:00,3,3,7,G08,solar,40.689
2026-01-23 07:00,3,3,7,G09,solar,41.819
2026-01-23 07:00,3,3,7,G10,eolica,77.479
2026-01-23 08:00,3,3,8,G01,hidro,96.764
2026-01-23 08:00,3,3,8,G02,hidro,99.883
2026-01-23 08:00,3,3,8,G03,hidro,217.934
2026-01-23 08:00,3,3,8,G04,hidro,244.901
2026-01-23 08:00,3,3,8,G05,hidro,287.263
2026-01-23 08:00,3,3,8,G06,termo,174.131
2026-01-23 08:00,3,3,8,G07,termo,174.326
2026-01-23 08:00,3,3,8,G08,solar,42.77
2026-01-23 08:00,3,3,8,G09,solar,41.298
2026-01-23 08:00,3,3,8,G10,eolica,86.577
2026-01-23 09:00,3,3,9,G01,hidro,87.284
2026-01-23 09:00,3,3,9,G02,hidro,102.145
2026-01-23 09:00,3,3,9,G03,hidro,208.867
2026-01-23 09:00,3,3,9,G04,hidro,293.53
2026-01-23 09:00,3,3,9,G05,hidro,230.006
2026-01-23 09:00,3,3,9,G06,termo,158.816
2026-01-23 09:00,3,3,9,G07,termo,176.944
2026-01-23 09:00,3,3,9,G08,solar,109.022
2026-01-23 09:00,3,3,9,G09,solar,115.634
2026-01-23 09:00,3,3,9,G10,eolica,78.197
2026-01-23 10:00,3,3,10,G01,hidro,93.156
2026-01-23 10:00,3,3,10,G02,hidro,92.965
2026-01-23 10:00,3,3,10,G03,hidro,202.435
2026-01-23 10:00,3,3,10,G04,hidro,271.875
2026-01-23 10:00,3,3,10,G05,hidro,264.38
2026-01-23 10:00,3,3,10,G06,termo,147.385
2026-01-23 10:00,3,3,10,G07,termo,162.496
2026-01-23 10:00,3,3,10,G08,solar,122.348
2026-01-23 10:00,3,3,10,G09,solar,118.797
2026-01-23 10:00,3,3,10,G10,eolica,74.114
2026-01-23 11:00,3,3,11,G01,hidro,96.857
2026-01-23 11:00,3,3,11,G02,hidro,94.661
2026-01-23 11:00,3,3,11,G03,hidro,224.595
2026-01-23 11:00,3,3,11,G04,hidro,293.37
2026-01-23 11:00,3,3,11,G05,hidro,273.98
2026-01-23 11:00,3,3,11,G06,termo,177.987
2026-01-23 11:00,3,3,11,G07,termo,151.201
2026-01-23 11:00,3,3,11,G08,solar,120.04
2026-01-23 11:00,3,3,11,G09,solar,127.171
2026-01-23 11:00,3,3,11,G10,eolica,64.292
2026-01-23 12:00,3,3,12,G01,hidro,83.709
2026-01-23 12:00,3,3,12,G02,hidro,101.38
2026-01-23 12:00,3,3,12,G03,hidro,190.205
2026-01-23 12:00,3,3,12,G04,hidro,265.511
2026-01-23 12:00,3,3,12,G05,hidro,245.88
2026-01-23 12:00,3,3,12,G06,termo,153.54
2026-01-23 12:00,3,3,12,G07,termo,163.927
2026-01-23 12:00,3,3,12,G08,solar,128.958
2026-01-23 12:00,3,3,12,G09,solar,132.413
2026-01-23 12:00,3,3,12,G10,eolica,56.131
2026-01-23 13:00,3,3,13,G01,hidro,103.494
2026-01-23 13:00,3,3,13,G02,hidro,89.968
2026-01-23 13:00,3,3,13,G03,hidro,200.425
2026-01-23 13:00,3,3,13,G04,hidro,239.282
2026-01-23 13:00,3,3,13,G05,hidro,241.75
2026-01-23 13:00,3,3,13,G06,termo,166.953
2026-01-23 13:00,3,3,13,G07,termo,169.931
2026-01-23 13:00,3,3,13,G08,solar,131.032
2026-01-23 13:00,3,3,13,G09,solar,139.129
2026-01-23 13:00,3,3,13,G10,eolica,52.61
2026-01-23 14:00,3,3,14,G01,hidro,82.657
2026-01-23 14:00,3,3,14,G02,hidro,94.292
2026-01-23 14:00,3,3,14,G03,hidro,220.343
2026-01-23 14:00,3,3,14,G04,hidro,274.646
2026-01-23 14:00,3,3,14,G05,hidro,281.759
2026-01-23 14:00,3,3,14,G06,termo,139.679
2026-01-23 14:00,3,3,14,G07,termo,147.151
2026-01-23 14:00,3,3,14,G08,solar,135.779
2026-01-23 14:00,3,3,14,G09,solar,144.54
2026-01-23 14:00,3,3,14,G10,eolica,47.497
2026-01-23 15:00,3,3,15,G01,hidro,101.037
2026-01-23 15:00,3,3,15,G02,hidro,82.298
2026-01-23 15:00,3,3,15,G03,hidro,216.985
2026-01-23 15:00,3,3,15,G04,hidro,260.597
2026-01-23 15:00,3,3,15,G05,hidro,273.96
2026-01-23 15:00,3,3,15,G06,termo,157.008
2026-01-23 15:00,3,3,15,G07,termo,176.142
2026-01-23 15:00,3,3,15,G08,solar,136.697
2026-01-23 15:00,3,3,15,G09,solar,141.402
2026-01-23 15:00,3,3,15,G10,eolica,38.211
2026-01-23 16:00,3,3,16,G01,hidro,86.165
2026-01-23 16:00,3,3,16,G02,hidro,101.483
2026-01-23 16:00,3,3,16,G03,hidro,182.082
2026-01-23 16:00,3,3,16,G04,hidro,239.053
2026-01-23 16:00,3,3,16,G05,hidro,264.196
2026-01-23 16:00,3,3,16,G06,termo,176.367
2026-01-23 16:00,3,3,16,G07,termo,169.28
2026-01-23 16:00,3,3,16,G08,solar,81.284
2026-01-23 16:00,3,3,16,G09,solar,78.333
2026-01-23 16:00,3,3,16,G10,eolica,39.995
2026-01-23 17:00,3,3,17,G01,hidro,99.629
2026-01-23 17:00,3,3,17,G02,hidro,100.812
2026-01-23 17:00,3,3,17,G03,hidro,218.542
2026-01-23 17:00,3,3,17,G04,hidro,284.838
2026-01-23 17:00,3,3,17,G05,hidro,269.285
2026-01-23 17:00,3,3,17,G06,termo,154.987
2026-01-23 17:00,3,3,17,G07,termo,154.361
2026-01-23 17:00,3,3,17,G08,solar,82.119
2026-01-23 17:00,3,3,17,G09,solar,75.424
2026-01-23 17:00,3,3,17,G10,eolica,31.346
2026-01-23 18:00,3,3,18,G01,hidro,86.805
2026-01-23 18:00,3,3,18,G02,hidro,85.765
2026-01-23 18:00,3,3,18,G03,hidro,207.568
2026-01-23 18:00,3,3,18,G04,hidro,249.973
2026-01-23 18:00,3,3,18,G05,hidro,266.689
2026-01-23 18:00,3,3,18,G06,termo,152.999
2026-01-23 18:00,3,3,18,G07,termo,140.103
2026-01-23 18:00,3,3,18,G08,solar,14.027
2026-01-23 18:00,3,3,18,G09,solar,13.868
2026-01-23 18:00,3,3,18,G10,eolica,30.265
2026-01-23 19:00,3,3,19,G01,hidro,90.751
2026-01-23 19:00,3,3,19,G02,hidro,74.369
2026-01-23 19:00,3,3,19,G03,hidro,198.567
2026-01-23 19:00,3,3,19,G04,hidro,217.766
2026-01-23 19:00,3,3,19,G05,hidro,265.267
2026-01-23 19:00,3,3,19,G06,termo,151.631
2026-01-23 19:00,3,3,19,G07,termo,131.189
2026-01-23 19:00,3,3,19,G08,solar,14.725
2026-01-23 19:00,3,3,19,G09,solar,14.871
2026-01-23 19:00,3,3,19,G10,eolica,33.716
2026-01-23 20:00,3,3,20,G01,hidro,79.926
2026-01-23 20:00,3,3,20,G02,hidro,85.39
2026-01-23 20:00,3,3,20,G03,hidro,183.52
2026-01-23 20:00,3,3,20,G04,hidro,234.245
2026-01-23 20:00,3,3,20,G05,hidro,226.565
2026-01-23 20:00,3,3,20,G06,termo,159.983
2026-01-23 20:00,3,3,20,G07,termo,139.178
2026-01-23 20:00,3,3,20,G08,solar,0.0
2026-01-23 20:00,3,3,20,G09,solar,0.0
2026-01-23 20:00,3,3,20,G10,eolica,36.943
2026-01-23 21:00,3,3,21,G01,hidro,77.448
2026-01-23 21:00,3,3,21,G02,hidro,89.307
2026-01-23 21:00,3,3,21,G03,hidro,193.566
2026-01-23 21:00,3,3,21,G04,hidro,218.509
2026-01-23 21:00,3,3,21,G05,hidro,216.751
2026-01-23 21:00,3,3,21,G06,termo,130.702
2026-01-23 21:00,3,3,21,G07,termo,158.495
2026-01-23 21:00,3,3,21,G08,solar,0.0
2026-01-23 21:00,3,3,21,G09,solar,0.0
2026-01-23 21:00,3,3,21,G10,eolica,43.17
2026-01-23 22:00,3,3,22,G01,hidro,85.037
2026-01-23 22:00,3,3,22,G02,hidro,87.506
2026-01-23 22:00,3,3,22,G03,hidro,200.292
2026-01-23 22:00,3,3,22,G04,hidro,264.667
2026-01-23 22:00,3,3,22,G05,hidro,219.378
2026-01-23 22:00,3,3,22,G06,termo,137.999
2026-01-23 22:00,3,3,22,G07,termo,145.546
2026-01-23 22:00,3,3,22,G08,solar,0.0
2026-01-23 22:00,3,3,22,G09,solar,0.0
2026-01-23 22:00,3,3,22,G10,eolica,43.519
2026-01-23 23:00,3,3,23,G01,hidro,62.115
2026-01-23 23:00,3,3,23,G02,hidro,68.02
2026-01-23 23:00,3,3,23,G03,hidro,151.996
2026-01-23 23:00,3,3,23,G04,hidro,180.56
2026-01-23 23:00,3,3,23,G05,hidro,178.317
2026-01-23 23:00,3,3,23,G06,termo,111.793
2026-01-23 23:00,3,3,23,G07,termo,115.786
2026-01-23 23:00,3,3,23,G08,solar,0.0
2026-01-23 23:00,3,3,23,G09,solar,0.0
2026-01-23 23:00,3,3,23,G10,eolica,53.871
2026-01-24 00:00,3,4,0,G01,hidro,55.379
2026-01-24 00:00,3,4,0,G02,hidro,54.951
2026-01-24 00:00,3,4,0,G03,hidro,118.536
2026-01-24 00:00,3,4,0,G04,hidro,157.909
2026-01-24 00:00,3,4,0,G05,hidro,166.85
2026-01-24 00:00,3,4,0,G06,termo,88.409
2026-01-24 00:00,3,4,0,G07,termo,101.654
2026-01-24 00:00,3,4,0,G08,solar,0.0
2026-01-24 00:00,3,4,0,G09,solar,0.0
2026-01-24 00:00,3,4,0,G10,eolica,59.355
2026-01-24 01:00,3,4,1,G01,hidro,63.456
2026-01-24 01:00,3,4,1,G02,hidro,54.013
2026-01-24 01:00,3,4,1,G03,hidro,120.36
2026-01-24 01:00,3,4,1,G04,hidro,159.76
2026-01-24 01:00,3,4,1,G05,hidro,178.07
2026-01-24 01:00,3,4,1,G06,termo,91.008
2026-01-24 01:00,3,4,1,G07,termo,91.064
2026-01-24 01:00,3,4,1,G08,solar,0.0
2026-01-24 01:00,3,4,1,G09,solar,0.0
2026-01-24 01:00,3,4,1,G10,eolica,67.799
2026-01-24 02:00,3,4,2,G01,hidro,59.364
2026-01-24 02:00,3,4,2,G02,hidro,55.296
2026-01-24 02:00,3,4,2,G03,hidro,115.626
2026-01-24 02:00,3,4,2,G04,hidro,161.946
2026-01-24 02:00,3,4,2,G05,hidro,161.684
2026-01-24 02:00,3,4,2,G06,termo,106.242
2026-01-24 02:00,3,4,2,G07,termo,105.833
2026-01-24 02:00,3,4,2,G08,solar,0.0
2026-01-24 02:00,3,4,2,G09,solar,0.0
2026-01-24 02:00,3,4,2,G10,eolica,71.82
2026-01-24 03:00,3,4,3,G01,hidro,61.928
2026-01-24 03:00,3,4,3,G02,hidro,51.779
2026-01-24 03:00,3,4,3,G03,hidro,119.375
2026-01-24 03:00,3,4,3,G04,hidro,174.942
2026-01-24 03:00,3,4,3,G05,hidro,169.27
2026-01-24 03:00,3,4,3,G06,termo,109.107
2026-01-24 03:00,3,4,3,G07,termo,109.078
2026-01-24 03:00,3,4,3,G08,solar,0.0
2026-01-24 03:00,3,4,3,G09,solar,0.0
2026-01-24 03:00,3,4,3,G10,eolica,71.85
2026-01-24 04:00,3,4,4,G01,hidro,54.865
2026-01-24 04:00,3,4,4,G02,hidro,52.892
2026-01-24 04:00,3,4,4,G03,hidro,115.226
2026-01-24 04:00,3,4,4,G04,hidro,179.213
2026-01-24 04:00,3,4,4,G05,hidro,163.564
2026-01-24 04:00,3,4,4,G06,termo,93.549
2026-01-24 04:00,3,4,4,G07,termo,97.627
2026-01-24 04:00,3,4,4,G08,solar,0.0
2026-01-24 04:00,3,4,4,G09,solar,0.0
2026-01-24 04:00,3,4,4,G10,eolica,78.765
2026-01-24 05:00,3,4,5,G01,hidro,53.709
2026-01-24 05:00,3,4,5,G02,hidro,62.244
2026-01-24 05:00,3,4,5,G03,hidro,122.838
2026-01-24 05:00,3,4,5,G04,hidro,176.818
2026-01-24 05:00,3,4,5,G05,hidro,159.05
2026-01-24 05:00,3,4,5,G06,termo,101.36
2026-01-24 05:00,3,4,5,G07,termo,103.241
2026-01-24 05:00,3,4,5,G08,solar,0.0
2026-01-24 05:00,3,4,5,G09,solar,0.0
2026-01-24 05:00,3,4,5,G10,eolica,93.968
2026-01-24 06:00,3,4,6,G01,hidro,57.276
2026-01-24 06:00,3,4,6,G02,hidro,53.629
2026-01-24 06:00,3,4,6,G03,hidro,131.885
2026-01-24 06:00,3,4,6,G04,hidro,164.694
2026-01-24 06:00,3,4,6,G05,hidro,163.461
2026-01-24 06:00,3,4,6,G06,termo,101.269
2026-01-24 06:00,3,4,6,G07,termo,98.775
2026-01-24 06:00,3,4,6,G08,solar,0.0
2026-01-24 06:00,3,4,6,G09,solar,0.0
2026-01-24 06:00,3,4,6,G10,eolica,79.331
2026-01-24 07:00,3,4,7,G01,hidro,84.596
2026-01-24 07:00,3,4,7,G02,hidro,84.19
2026-01-24 07:00,3,4,7,G03,hidro,211.946
2026-01-24 07:00,3,4,7,G04,hidro,253.406
2026-01-24 07:00,3,4,7,G05,hidro,292.715
2026-01-24 07:00,3,4,7,G06,termo,172.28
2026-01-24 07:00,3,4,7,G07,termo,146.969
2026-01-24 07:00,3,4,7,G08,solar,43.303
2026-01-24 07:00,3,4,7,G09,solar,41.059
2026-01-24 07:00,3,4,7,G10,eolica,92.174
2026-01-24 08:00,3,4,8,G01,hidro,83.614
2026-01-24 08:00,3,4,8,G02,hidro,93.47
2026-01-24 08:00,3,4,8,G03,hidro,188.675
2026-01-24 08:00,3,4,8,G04,hidro,281.721
2026-01-24 08:00,3,4,8,G05,hidro,264.452
2026-01-24 08:00,3,4,8,G06,termo,154.493
2026-01-24 08:00,3,4,8,G07,termo,164.721
2026-01-24 08:00,3,4,8,G08,solar,44.632
2026-01-24 08:00,3,4,8,G09,solar,44.371
2026-01-24 08:00,3,4,8,G10,eolica,85.84
2026-01-24 09:00,3,4,9,G01,hidro,98.11
2026-01-24 09:00,3,4,9,G02,hidro,93.08
2026-01-24 09:00,3,4,9,G03,hidro,194.917
2026-01-24 09:00,3,4,9,G04,hidro,275.176
2026-01-24 09:00,3,4,9,G05,hidro,260.866
2026-01-24 09:00,3,4,9,G06,termo,168.652
2026-01-24 09:00,3,4,9,G07,termo,153.435
2026-01-24 09:00,3,4,9,G08,solar,116.607
2026-01-24 09:00,3,4,9,G09,solar,115.489
2026-01-24 09:00,3,4,9,G10,eolica,86.484
2026-01-24 10:00,3,4,10,G01,hidro,89.569
2026-01-24 10:00,3,4,10,G02,hidro,86.556
2026-01-24 10:00,3,4,10,G03,hidro,227.229
2026-01-24 10:00,3,4,10,G04,hidro,263.356
2026-01-24 10:00,3,4,10,G05,hidro,235.144
2026-01-24 10:00,3,4,10,G06,termo,159.467
2026-01-24 10:00,3,4,10,G07,termo,164.035
2026-01-24 10:00,3,4,10,G08,solar,113.319
2026-01-24 10:00,3,4,10,G09,solar,118.317
2026-01-24 10:00,3,4,10,G10,eolica,66.545
2026-01-24 11:00,3,4,11,G01,hidro,84.623
2026-01-24 11:00,3,4,11,G02,hidro,89.112
2026-01-24 11:00,3,4,11,G03,hidro,228.237
2026-01-24 11:00,3,4,11,G04,hidro,288.919
2026-01-24 11:00,3,4,11,G05,hidro,283.052
2026-01-24 11:00,3,4,11,G06,termo,142.75
2026-01-24 11:00,3,4,11,G07,termo,146.096
2026-01-24 11:00,3,4,11,G08,solar,116.835
2026-01-24 11:00,3,4,11,G09,solar,113.994
2026-01-24 11:00,3,4,11,G10,eolica,71.512
2026-01-24 12:00,3,4,12,G01,hidro,96.504
2026-01-24 12:00,3,4,12,G02,hidro,96.95
2026-01-24 12:00,3,4,12,G03,hidro,199.288
2026-01-24 12:00,3,4,12,G04,hidro,238.289
2026-01-24 12:00,3,4,12,G05,hidro,242.0
2026-01-24 12:00,3,4,12,G06,termo,150.238
2026-01-24 12:00,3,4,12,G07,termo,147.167
2026-01-24 12:00,3,4,12,G08,solar,142.653
2026-01-24 12:00,3,4,12,G09,solar,149.047
2026-01-24 12:00,3,4,12,G10,eolica,63.733
2026-01-24 13:00,3,4,13,G01,hidro,97.641
2026-01-24 13:00,3,4,13,G02,hidro,94.239
2026-01-24 13:00,3,4,13,G03,hidro,191.69
2026-01-24 13:00,3,4,13,G04,hidro,256.015
2026-01-24 13:00,3,4,13,G05,hidro,257.375
2026-01-24 13:00,3,4,13,G06,termo,175.593
2026-01-24 13:00,3,4,13,G07,termo,153.259
2026-01-24 13:00,3,4,13,G08,solar,136.598
2026-01-24 13:00,3,4,13,G09,solar,140.527
2026-01-24 13:00,3,4,13,G10,eolica,49.197
2026-01-24 14:00,3,4,14,G01,hidro,92.941
2026-01-24 14:00,3,4,14,G02,hidro,98.536
2026-01-24 14:00,3,4,14,G03,hidro,205.16
2026-01-24 14:00,3,4,14,G04,hidro,245.401
2026-01-24 14:00,3,4,14,G05,hidro,285.357
2026-01-24 14:00,3,4,14,G06,termo,151.871
2026-01-24 14:00,3,4,14,G07,termo,164.703
2026-01-24 14:00,3,4,14,G08,solar,140.267
2026-01-24 14:00,3,4,14,G09,solar,145.967
2026-01-24 14:00,3,4,14,G10,eolica,46.491
2026-01-24 15:00,3,4,15,G01,hidro,104.207
2026-01-24 15:00,3,4,15,G02,hidro,83.946
2026-01-24 15:00,3,4,15,G03,hidro,228.098
2026-01-24 15:00,3,4,15,G04,hidro,259.024
2026-01-24 15:00,3,4,15,G05,hidro,266.887
2026-01-24 15:00,3,4,15,G06,termo,150.643
2026-01-24 15:00,3,4,15,G07,termo,157.269
2026-01-24 15:00,3,4,15,G08,solar,144.15
2026-01-24 15:00,3,4,15,G09,solar,128.364
2026-01-24 15:00,3,4,15,G10,eolica,43.319
2026-01-24 16:00,3,4,16,G01,hidro,81.902
2026-01-24 16:00,3,4,16,G02,hidro,93.787
2026-01-24 16:00,3,4,16,G03,hidro,190.979
2026-01-24 16:00,3,4,16,G04,hidro,283.337
2026-01-24 16:00,3,4,16,G05,hidro,278.506
2026-01-24 16:00,3,4,16,G06,termo,170.552
2026-01-24 16:00,3,4,16,G07,termo,140.94
2026-01-24 16:00,3,4,16,G08,solar,82.394
2026-01-24 16:00,3,4,16,G09,solar,75.426
2026-01-24 16:00,3,4,16,G10,eolica,37.613
2026-01-24 17:00,3,4,17,G01,hidro,93.042
2026-01-24 17:00,3,4,17,G02,hidro,91.745
2026-01-24 17:00,3,4,17,G03,hidro,213.163
2026-01-24 17:00,3,4,17,G04,hidro,275.794
2026-01-24 17:00,3,4,17,G05,hidro,274.847
2026-01-24 17:00,3,4,17,G06,termo,166.121
2026-01-24 17:00,3,4,17,G07,termo,143.574
2026-01-24 17:00,3,4,17,G08,solar,75.95
2026-01-24 17:00,3,4,17,G09,solar,72.874
2026-01-24 17:00,3,4,17,G10,eolica,34.214
2026-01-24 18:00,3,4,18,G01,hidro,96.721
2026-01-24 18:00,3,4,18,G02,hidro,83.967
2026-01-24 18:00,3,4,18,G03,hidro,199.191
2026-01-24 18:00,3,4,18,G04,hidro,240.473
2026-01-24 18:00,3,4,18,G05,hidro,236.877
2026-01-24 18:00,3,4,18,G06,termo,169.406
2026-01-24 18:00,3,4,18,G07,termo,141.99
2026-01-24 18:00,3,4,18,G08,solar,14.121
2026-01-24 18:00,3,4,18,G09,solar,14.15
2026-01-24 18:00,3,4,18,G10,eolica,30.436
2026-01-24 19:00,3,4,19,G01,hidro,75.441
2026-01-24 19:00,3,4,19,G02,hidro,94.39
2026-01-24 19:00,3,4,19,G03,hidro,196.377
2026-01-24 19:00,3,4,19,G04,hidro,265.12
2026-01-24 19:00,3,4,19,G05,hidro,251.186
2026-01-24 19:00,3,4,19,G06,termo,128.594
2026-01-24 19:00,3,4,19,G07,termo,154.713
2026-01-24 19:00,3,4,19,G08,solar,12.919
2026-01-24 19:00,3,4,19,G09,solar,13.098
2026-01-24 19:00,3,4,19,G10,eolica,35.642
2026-01-24 20:00,3,4,20,G01,hidro,89.409
2026-01-24 20:00,3,4,20,G02,hidro,84.206
2026-01-24 20:00,3,4,20,G03,hidro,201.462
2026-01-24 20:00,3,4,20,G04,hidro,261.119
2026-01-24 20:00,3,4,20,G05,hidro,221.447
2026-01-24 20:00,3,4,20,G06,termo,144.821
2026-01-24 20:00,3,4,20,G07,termo,147.682
2026-01-24 20:00,3,4,20,G08,solar,0.0
2026-01-24 20:00,3,4,20,G09,solar,0.0
2026-01-24 20:00,3,4,20,G10,eolica,35.743
2026-01-24 21:00,3,4,21,G01,hidro,78.309
2026-01-24 21:00,3,4,21,G02,hidro,82.283
2026-01-24 21:00,3,4,21,G03,hidro,192.182
2026-01-24 21:00,3,4,21,G04,hidro,227.621
2026-01-24 21:00,3,4,21,G05,hidro,242.567
2026-01-24 21:00,3,4,21,G06,termo,139.096
2026-01-24 21:00,3,4,21,G07,termo,135.712
2026-01-24 21:00,3,4,21,G08,solar,0.0
2026-01-24 21:00,3,4,21,G09,solar,0.0
2026-01-24 21:00,3,4,21,G10,eolica,41.286
2026-01-24 22:00,3,4,22,G01,hidro,81.512
2026-01-24 22:00,3,4,22,G02,hidro,83.167
2026-01-24 22:00,3,4,22,G03,hidro,175.502
2026-01-24 22:00,3,4,22,G04,hidro,249.289
2026-01-24 22:00,3,4,22,G05,hidro,229.329
2026-01-24 22:00,3,4,22,G06,termo,157.21
2026-01-24 22:00,3,4,22,G07,termo,160.882
2026-01-24 22:00,3,4,22,G08,solar,0.0
2026-01-24 22:00,3,4,22,G09,solar,0.0
2026-01-24 22:00,3,4,22,G10,eolica,45.078
2026-01-24 23:00,3,4,23,G01,hidro,67.51
2026-01-24 23:00,3,4,23,G02,hidro,60.542
2026-01-24 23:00,3,4,23,G03,hidro,128.232
2026-01-24 23:00,3,4,23,G04,hidro,177.231
2026-01-24 23:00,3,4,23,G05,hidro,182.024
2026-01-24 23:00,3,4,23,G06,termo,108.757
2026-01-24 23:00,3,4,23,G07,termo,98.181
2026-01-24 23:00,3,4,23,G08,solar,0.0
2026-01-24 23:00,3,4,23,G09,solar,0.0
2026-01-24 23:00,3,4,23,G10,eolica,52.067
2026-01-25 00:00,3,5,0,G01,hidro,52.749
2026-01-25 00:00,3,5,0,G02,hidro,58.136
2026-01-25 00:00,3,5,0,G03,hidro,123.269
2026-01-25 00:00,3,5,0,G04,hidro,161.231
2026-01-25 00:00,3,5,0,G05,hidro,160.219
2026-01-25 00:00,3,5,0,G06,termo,97.913
2026-01-25 00:00,3,5,0,G07,termo,99.568
2026-01-25 00:00,3,5,0,G08,solar,0.0
2026-01-25 00:00,3,5,0,G09,solar,0.0
2026-01-25 00:00,3,5,0,G10,eolica,53.561
2026-01-25 01:00,3,5,1,G01,hidro,61.121
2026-01-25 01:00,3,5,1,G02,hidro,62.739
2026-01-25 01:00,3,5,1,G03,hidro,114.135
2026-01-25 01:00,3,5,1,G04,hidro,177.563
2026-01-25 01:00,3,5,1,G05,hidro,149.584
2026-01-25 01:00,3,5,1,G06,termo,90.937
2026-01-25 01:00,3,5,1,G07,termo,90.508
2026-01-25 01:00,3,5,1,G08,solar,0.0
2026-01-25 01:00,3,5,1,G09,solar,0.0
2026-01-25 01:00,3,5,1,G10,eolica,65.922
2026-01-25 02:00,3,5,2,G01,hidro,62.644
2026-01-25 02:00,3,5,2,G02,hidro,59.927
2026-01-25 02:00,3,5,2,G03,hidro,139.227
2026-01-25 02:00,3,5,2,G04,hidro,149.549
2026-01-25 02:00,3,5,2,G05,hidro,164.271
2026-01-25 02:00,3,5,2,G06,termo,100.914
2026-01-25 02:00,3,5,2,G07,termo,106.246
2026-01-25 02:00,3,5,2,G08,solar,0.0
2026-01-25 02:00,3,5,2,G09,solar,0.0
2026-01-25 02:00,3,5,2,G10,eolica,66.118
2026-01-25 03:00,3,5,3,G01,hidro,54.237
2026-01-25 03:00,3,5,3,G02,hidro,59.133
2026-01-25 03:00,3,5,3,G03,hidro,121.437
2026-01-25 03:00,3,5,3,G04,hidro,180.555
2026-01-25 03:00,3,5,3,G05,hidro,142.763
2026-01-25 03:00,3,5,3,G06,termo,108.48
2026-01-25 03:00,3,5,3,G07,termo,89.59
2026-01-25 03:00,3,5,3,G08,solar,0.0
2026-01-25 03:00,3,5,3,G09,solar,0.0
2026-01-25 03:00,3,5,3,G10,eolica,85.54
2026-01-25 04:00,3,5,4,G01,hidro,56.594
2026-01-25 04:00,3,5,4,G02,hidro,61.462
2026-01-25 04:00,3,5,4,G03,hidro,136.409
2026-01-25 04:00,3,5,4,G04,hidro,167.698
2026-01-25 04:00,3,5,4,G05,hidro,170.062
2026-01-25 04:00,3,5,4,G06,termo,105.114
2026-01-25 04:00,3,5,4,G07,termo,107.721
2026-01-25 04:00,3,5,4,G08,solar,0.0
2026-01-25 04:00,3,5,4,G09,solar,0.0
2026-01-25 04:00,3,5,4,G10,eolica,89.504
2026-01-25 05:00,3,5,5,G01,hidro,59.294
2026-01-25 05:00,3,5,5,G02,hidro,54.982
2026-01-25 05:00,3,5,5,G03,hidro,124.688
2026-01-25 05:00,3,5,5,G04,hidro,159.086
2026-01-25 05:00,3,5,5,G05,hidro,180.248
2026-01-25 05:00,3,5,5,G06,termo,87.577
2026-01-25 05:00,3,5,5,G07,termo,103.441
2026-01-25 05:00,3,5,5,G08,solar,0.0
2026-01-25 05:00,3,5,5,G09,solar,0.0
2026-01-25 05:00,3,5,5,G10,eolica,86.828
2026-01-25 06:00,3,5,6,G01,hidro,56.516
2026-01-25 06:00,3,5,6,G02,hidro,64.308
2026-01-25 06:00,3,5,6,G03,hidro,111.651
2026-01-25 06:00,3,5,6,G04,hidro,175.545
2026-01-25 06:00,3,5,6,G05,hidro,163.76
2026-01-25 06:00,3,5,6,G06,termo,107.363
2026-01-25 06:00,3,5,6,G07,termo,104.874
2026-01-25 06:00,3,5,6,G08,solar,0.0
2026-01-25 06:00,3,5,6,G09,solar,0.0
2026-01-25 06:00,3,5,6,G10,eolica,81.347
2026-01-25 07:00,3,5,7,G01,hidro,99.032
2026-01-25 07:00,3,5,7,G02,hidro,103.949
2026-01-25 07:00,3,5,7,G03,hidro,195.93
2026-01-25 07:00,3,5,7,G04,hidro,272.112
2026-01-25 07:00,3,5,7,G05,hidro,246.391
2026-01-25 07:00,3,5,7,G06,termo,142.209
2026-01-25 07:00,3,5,7,G07,termo,170.709
2026-01-25 07:00,3,5,7,G08,solar,43.998
2026-01-25 07:00,3,5,7,G09,solar,41.914
2026-01-25 07:00,3,5,7,G10,eolica,80.875
2026-01-25 08:00,3,5,8,G01,hidro,104.748
2026-01-25 08:00,3,5,8,G02,hidro,88.149
2026-01-25 08:00,3,5,8,G03,hidro,227.346
2026-01-25 08:00,3,5,8,G04,hidro,232.128
2026-01-25 08:00,3,5,8,G05,hidro,285.79
2026-01-25 08:00,3,5,8,G06,termo,142.189
2026-01-25 08:00,3,5,8,G07,termo,171.944
2026-01-25 08:00,3,5,8,G08,solar,38.918
2026-01-25 08:00,3,5,8,G09,solar,42.702
2026-01-25 08:00,3,5,8,G10,eolica,76.355
2026-01-25 09:00,3,5,9,G01,hidro,90.764
2026-01-25 09:00,3,5,9,G02,hidro,91.746
2026-01-25 09:00,3,5,9,G03,hidro,205.305
2026-01-25 09:00,3,5,9,G04,hidro,293.88
2026-01-25 09:00,3,5,9,G05,hidro,274.14
2026-01-25 09:00,3,5,9,G06,termo,157.676
2026-01-25 09:00,3,5,9,G07,termo,155.76
2026-01-25 09:00,3,5,9,G08,solar,121.261
2026-01-25 09:00,3,5,9,G09,solar,124.231
2026-01-25 09:00,3,5,9,G10,eolica,77.944
2026-01-25 10:00,3,5,10,G01,hidro,104.598
2026-01-25 10:00,3,5,10,G02,hidro,104.142
2026-01-25 10:00,3,5,10,G03,hidro,182.228
2026-01-25 10:00,3,5,10,G04,hidro,280.288
2026-01-25 10:00,3,5,10,G05,hidro,263.551
2026-01-25 10:00,3,5,10,G06,termo,154.365
2026-01-25 10:00,3,5,10,G07,termo,146.057
2026-01-25 10:00,3,5,10,G08,solar,116.018
2026-01-25 10:00,3,5,10,G09,solar,122.029
2026-01-25 10:00,3,5,10,G10,eolica,66.386
2026-01-25 11:00,3,5,11,G01,hidro,94.085
2026-01-25 11:00,3,5,11,G02,hidro,97.956
2026-01-25 11:00,3,5,11,G03,hidro,210.728
2026-01-25 11:00,3,5,11,G04,hidro,240.544
2026-01-25 11:00,3,5,11,G05,hidro,240.005
2026-01-25 11:00,3,5,11,G06,termo,152.261
2026-01-25 11:00,3,5,11,G07,termo,155.917
2026-01-25 11:00,3,5,11,G08,solar,123.886
2026-01-25 11:00,3,5,11,G09,solar,122.152
2026-01-25 11:00,3,5,11,G10,eolica,68.584
2026-01-25 12:00,3,5,12,G01,hidro,87.07
2026-01-25 12:00,3,5,12,G02,hidro,101.561
2026-01-25 12:00,3,5,12,G03,hidro,218.391
2026-01-25 12:00,3,5,12,G04,hidro,278.435
2026-01-25 12:00,3,5,12,G05,hidro,261.143
2026-01-25 12:00,3,5,12,G06,termo,139.453
2026-01-25 12:00,3,5,12,G07,termo,165.21
2026-01-25 12:00,3,5,12,G08,solar,128.825
2026-01-25 12:00,3,5,12,G09,solar,145.86
2026-01-25 12:00,3,5,12,G10,eolica,59.379
2026-01-25 13:00,3,5,13,G01,hidro,89.607
2026-01-25 13:00,3,5,13,G02,hidro,100.024
2026-01-25 13:00,3,5,13,G03,hidro,197.094
2026-01-25 13:00,3,5,13,G04,hidro,241.692
2026-01-25 13:00,3,5,13,G05,hidro,272.254
2026-01-25 13:00,3,5,13,G06,termo,172.745
2026-01-25 13:00,3,5,13,G07,termo,152.052
2026-01-25 13:00,3,5,13,G08,solar,130.872
2026-01-25 13:00,3,5,13,G09,solar,137.172
2026-01-25 13:00,3,5,13,G10,eolica,54.769
2026-01-25 14:00,3,5,14,G01,hidro,90.884
2026-01-25 14:00,3,5,14,G02,hidro,100.103
2026-01-25 14:00,3,5,14,G03,hidro,213.987
2026-01-25 14:00,3,5,14,G04,hidro,277.208
2026-01-25 14:00,3,5,14,G05,hidro,270.422
2026-01-25 14:00,3,5,14,G06,termo,170.872
2026-01-25 14:00,3,5,14,G07,termo,169.833
2026-01-25 14:00,3,5,14,G08,solar,129.624
2026-01-25 14:00,3,5,14,G09,solar,138.631
2026-01-25 14:00,3,5,14,G10,eolica,43.085
2026-01-25 15:00,3,5,15,G01,hidro,92.099
2026-01-25 15:00,3,5,15,G02,hidro,83.4
2026-01-25 15:00,3,5,15,G03,hidro,191.572
2026-01-25 15:00,3,5,15,G04,hidro,258.362
2026-01-25 15:00,3,5,15,G05,hidro,270.828
2026-01-25 15:00,3,5,15,G06,termo,158.715
2026-01-25 15:00,3,5,15,G07,termo,157.307
2026-01-25 15:00,3,5,15,G08,solar,149.259
2026-01-25 15:00,3,5,15,G09,solar,140.863
2026-01-25 15:00,3,5,15,G10,eolica,36.21
2026-01-25 16:00,3,5,16,G01,hidro,104.542
2026-01-25 16:00,3,5,16,G02,hidro,104.107
2026-01-25 16:00,3,5,16,G03,hidro,204.039
2026-01-25 16:00,3,5,16,G04,hidro,253.013
2026-01-25 16:00,3,5,16,G05,hidro,229.432
2026-01-25 16:00,3,5,16,G06,termo,152.563
2026-01-25 16:00,3,5,16,G07,termo,141.215
2026-01-25 16:00,3,5,16,G08,solar,79.355
2026-01-25 16:00,3,5,16,G09,solar,78.832
2026-01-25 16:00,3,5,16,G10,eolica,39.238
2026-01-25 17:00,3,5,17,G01,hidro,96.813
2026-01-25 17:00,3,5,17,G02,hidro,89.514
2026-01-25 17:00,3,5,17,G03,hidro,205.433
2026-01-25 17:00,3,5,17,G04,hidro,262.387
2026-01-25 17:00,3,5,17,G05,hidro,238.765
2026-01-25 17:00,3,5,17,G06,termo,156.419
2026-01-25 17:00,3,5,17,G07,termo,156.244
2026-01-25 17:00,3,5,17,G08,solar,75.486
2026-01-25 17:00,3,5,17,G09,solar,78.422
2026-01-25 17:00,3,5,17,G10,eolica,32.699
2026-01-25 18:00,3,5,18,G01,hidro,100.396
2026-01-25 18:00,3,5,18,G02,hidro,88.007
2026-01-25 18:00,3,5,18,G03,hidro,199.137
2026-01-25 18:00,3,5,18,G04,hidro,273.017
2026-01-25 18:00,3,5,18,G05,hidro,264.619
2026-01-25 18:00,3,5,18,G06,termo,164.524
2026-01-25 18:00,3,5,18,G07,termo,175.214
2026-01-25 18:00,3,5,18,G08,solar,14.764
2026-01-25 18:00,3,5,18,G09,solar,14.195
2026-01-25 18:00,3,5,18,G10,eolica,29.729
2026-01-25 19:00,3,5,19,G01,hidro,85.963
2026-01-25 19:00,3,5,19,G02,hidro,76.081
2026-01-25 19:00,3,5,19,G03,hidro,177.876
2026-01-25 19:00,3,5,19,G04,hidro,263.283
2026-01-25 19:00,3,5,19,G05,hidro,242.803
2026-01-25 19:00,3,5,19,G06,termo,132.867
2026-01-25 19:00,3,5,19,G07,termo,161.242
2026-01-25 19:00,3,5,19,G08,solar,14.441
2026-01-25 19:00,3,5,19,G09,solar,13.857
2026-01-25 19:00,3,5,19,G10,eolica,30.103
2026-01-25 20:00,3,5,20,G01,hidro,78.085
2026-01-25 20:00,3,5,20,G02,hidro,78.643
2026-01-25 20:00,3,5,20,G03,hidro,168.605
2026-01-25 20:00,3,5,20,G04,hidro,224.484
2026-01-25 20:00,3,5,20,G05,hidro,207.679
2026-01-25 20:00,3,5,20,G06,termo,158.402
2026-01-25 20:00,3,5,20,G07,termo,154.129
2026-01-25 20:00,3,5,20,G08,solar,0.0
2026-01-25 20:00,3,5,20,G09,solar,0.0
2026-01-25 20:00,3,5,20,G10,eolica,37.718
2026-01-25 21:00,3,5,21,G01,hidro,87.125
2026-01-25 21:00,3,5,21,G02,hidro,90.373
2026-01-25 21:00,3,5,21,G03,hidro,169.827
2026-01-25 21:00,3,5,21,G04,hidro,232.958
2026-01-25 21:00,3,5,21,G05,hidro,252.089
2026-01-25 21:00,3,5,21,G06,termo,157.373
2026-01-25 21:00,3,5,21,G07,termo,153.687
2026-01-25 21:00,3,5,21,G08,solar,0.0
2026-01-25 21:00,3,5,21,G09,solar,0.0
2026-01-25 21:00,3,5,21,G10,eolica,42.502
2026-01-25 22:00,3,5,22,G01,hidro,93.206
2026-01-25 22:00,3,5,22,G02,hidro,76.37
2026-01-25 22:00,3,5,22,G03,hidro,181.261
2026-01-25 22:00,3,5,22,G04,hidro,216.082
2026-01-25 22:00,3,5,22,G05,hidro,209.012
2026-01-25 22:00,3,5,22,G06,termo,134.223
2026-01-25 22:00,3,5,22,G07,termo,145.939
2026-01-25 22:00,3,5,22,G08,solar,0.0
2026-01-25 22:00,3,5,22,G09,solar,0.0
2026-01-25 22:00,3,5,22,G10,eolica,45.565
2026-01-25 23:00,3,5,23,G01,hidro,55.229
2026-01-25 23:00,3,5,23,G02,hidro,59.557
2026-01-25 23:00,3,5,23,G03,hidro,137.717
2026-01-25 23:00,3,5,23,G04,hidro,154.975
2026-01-25 23:00,3,5,23,G05,hidro,193.359
2026-01-25 23:00,3,5,23,G06,termo,114.009
2026-01-25 23:00,3,5,23,G07,termo,101.483
2026-01-25 23:00,3,5,23,G08,solar,0.0
2026-01-25 23:00,3,5,23,G09,solar,0.0
2026-01-25 23:00,3,5,23,G10,eolica,50.369
2026-01-26 00:00,3,6,0,G01,hidro,60.221
2026-01-26 00:00,3,6,0,G02,hidro,61.868
2026-01-26 00:00,3,6,0,G03,hidro,125.428
2026-01-26 00:00,3,6,0,G04,hidro,180.446
2026-01-26 00:00,3,6,0,G05,hidro,161.732
2026-01-26 00:00,3,6,0,G06,termo,98.678
2026-01-26 00:00,3,6,0,G07,termo,105.217
2026-01-26 00:00,3,6,0,G08,solar,0.0
2026-01-26 00:00,3,6,0,G09,solar,0.0
2026-01-26 00:00,3,6,0,G10,eolica,60.772
2026-01-26 01:00,3,6,1,G01,hidro,50.91
2026-01-26 01:00,3,6,1,G02,hidro,53.312
2026-01-26 01:00,3,6,1,G03,hidro,121.985
2026-01-26 01:00,3,6,1,G04,hidro,158.233
2026-01-26 01:00,3,6,1,G05,hidro,169.539
2026-01-26 01:00,3,6,1,G06,termo,97.34
2026-01-26 01:00,3,6,1,G07,termo,90.629
2026-01-26 01:00,3,6,1,G08,solar,0.0
2026-01-26 01:00,3,6,1,G09,solar,0.0
2026-01-26 01:00,3,6,1,G10,eolica,64.275
2026-01-26 02:00,3,6,2,G01,hidro,57.762
2026-01-26 02:00,3,6,2,G02,hidro,57.091
2026-01-26 02:00,3,6,2,G03,hidro,125.615
2026-01-26 02:00,3,6,2,G04,hidro,145.645
2026-01-26 02:00,3,6,2,G05,hidro,180.984
2026-01-26 02:00,3,6,2,G06,termo,86.931
2026-01-26 02:00,3,6,2,G07,termo,97.477
2026-01-26 02:00,3,6,2,G08,solar,0.0
2026-01-26 02:00,3,6,2,G09,solar,0.0
2026-01-26 02:00,3,6,2,G10,eolica,73.118
2026-01-26 03:00,3,6,3,G01,hidro,55.581
2026-01-26 03:00,3,6,3,G02,hidro,53.422
2026-01-26 03:00,3,6,3,G03,hidro,141.482
2026-01-26 03:00,3,6,3,G04,hidro,165.085
2026-01-26 03:00,3,6,3,G05,hidro,151.525
2026-01-26 03:00,3,6,3,G06,termo,87.317
2026-01-26 03:00,3,6,3,G07,termo,94.087
2026-01-26 03:00,3,6,3,G08,solar,0.0
2026-01-26 03:00,3,6,3,G09,solar,0.0
2026-01-26 03:00,3,6,3,G10,eolica,75.0
2026-01-26 04:00,3,6,4,G01,hidro,58.828
2026-01-26 04:00,3,6,4,G02,hidro,58.289
2026-01-26 04:00,3,6,4,G03,hidro,117.595
2026-01-26 04:00,3,6,4,G04,hidro,150.823
2026-01-26 04:00,3,6,4,G05,hidro,148.359
2026-01-26 04:00,3,6,4,G06,termo,100.77
2026-01-26 04:00,3,6,4,G07,termo,110.342
2026-01-26 04:00,3,6,4,G08,solar,0.0
2026-01-26 04:00,3,6,4,G09,solar,0.0
2026-01-26 04:00,3,6,4,G10,eolica,81.776
2026-01-26 05:00,3,6,5,G01,hidro,54.412
2026-01-26 05:00,3,6,5,G02,hidro,63.072
2026-01-26 05:00,3,6,5,G03,hidro,138.476
2026-01-26 05:00,3,6,5,G04,hidro,179.375
2026-01-26 05:00,3,6,5,G05,hidro,154.252
2026-01-26 05:00,3,6,5,G06,termo,109.395
2026-01-26 05:00,3,6,5,G07,termo,105.625
2026-01-26 05:00,3,6,5,G08,solar,0.0
2026-01-26 05:00,3,6,5,G09,solar,0.0
2026-01-26 05:00,3,6,5,G10,eolica,94.149
2026-01-26 06:00,3,6,6,G01,hidro,51.99
2026-01-26 06:00,3,6,6,G02,hidro,57.089
2026-01-26 06:00,3,6,6,G03,hidro,125.315
2026-01-26 06:00,3,6,6,G04,hidro,149.122
2026-01-26 06:00,3,6,6,G05,hidro,156.909
2026-01-26 06:00,3,6,6,G06,termo,108.154
2026-01-26 06:00,3,6,6,G07,termo,105.878
2026-01-26 06:00,3,6,6,G08,solar,0.0
2026-01-26 06:00,3,6,6,G09,solar,0.0
2026-01-26 06:00,3,6,6,G10,eolica,82.544
2026-01-26 07:00,3,6,7,G01,hidro,90.056
2026-01-26 07:00,3,6,7,G02,hidro,92.392
2026-01-26 07:00,3,6,7,G03,hidro,210.38
2026-01-26 07:00,3,6,7,G04,hidro,278.768
2026-01-26 07:00,3,6,7,G05,hidro,280.022
2026-01-26 07:00,3,6,7,G06,termo,165.409
2026-01-26 07:00,3,6,7,G07,termo,155.617
2026-01-26 07:00,3,6,7,G08,solar,40.367
2026-01-26 07:00,3,6,7,G09,solar,44.796
2026-01-26 07:00,3,6,7,G10,eolica,76.27
2026-01-26 08:00,3,6,8,G01,hidro,97.174
2026-01-26 08:00,3,6,8,G02,hidro,102.401
2026-01-26 08:00,3,6,8,G03,hidro,203.625
2026-01-26 08:00,3,6,8,G04,hidro,241.534
2026-01-26 08:00,3,6,8,G05,hidro,265.452
2026-01-26 08:00,3,6,8,G06,termo,150.403
2026-01-26 08:00,3,6,8,G07,termo,173.893
2026-01-26 08:00,3,6,8,G08,solar,43.68
2026-01-26 08:00,3,6,8,G09,solar,40.043
2026-01-26 08:00,3,6,8,G10,eolica,88.789
2026-01-26 09:00,3,6,9,G01,hidro,96.151
2026-01-26 09:00,3,6,9,G02,hidro,84.482
2026-01-26 09:00,3,6,9,G03,hidro,214.88
2026-01-26 09:00,3,6,9,G04,hidro,251.334
2026-01-26 09:00,3,6,9,G05,hidro,265.268
2026-01-26 09:00,3,6,9,G06,termo,151.726
2026-01-26 09:00,3,6,9,G07,termo,174.573
2026-01-26 09:00,3,6,9,G08,solar,114.503
2026-01-26 09:00,3,6,9,G09,solar,115.371
2026-01-26 09:00,3,6,9,G10,eolica,73.785
2026-01-26 10:00,3,6,10,G01,hidro,90.503
2026-01-26 10:00,3,6,10,G02,hidro,103.068
2026-01-26 10:00,3,6,10,G03,hidro,192.195
2026-01-26 10:00,3,6,10,G04,hidro,285.734
2026-01-26 10:00,3,6,10,G05,hidro,244.022
2026-01-26 10:00,3,6,10,G06,termo,169.096
2026-01-26 10:00,3,6,10,G07,termo,150.045
2026-01-26 10:00,3,6,10,G08,solar,122.422
2026-01-26 10:00,3,6,10,G09,solar,123.031
2026-01-26 10:00,3,6,10,G10,eolica,71.0
2026-01-26 11:00,3,6,11,G01,hidro,84.605
2026-01-26 11:00,3,6,11,G02,hidro,104.951
2026-01-26 11:00,3,6,11,G03,hidro,204.707
2026-01-26 11:00,3,6,11,G04,hidro,262.096
2026-01-26 11:00,3,6,11,G05,hidro,259.757
2026-01-26 11:00,3,6,11,G06,termo,172.761
2026-01-26 11:00,3,6,11,G07,termo,166.066
2026-01-26 11:00,3,6,11,G08,solar,111.205
2026-01-26 11:00,3,6,11,G09,solar,121.122
2026-01-26 11:00,3,6,11,G10,eolica,72.232
2026-01-26 12:00,3,6,12,G01,hidro,93.219
2026-01-26 12:00,3,6,12,G02,hidro,98.105
2026-01-26 12:00,3,6,12,G03,hidro,200.881
2026-01-26 12:00,3,6,12,G04,hidro,286.583
2026-01-26 12:00,3,6,12,G05,hidro,232.762
2026-01-26 12:00,3,6,12,G06,termo,153.608
2026-01-26 12:00,3,6,12,G07,termo,160.345
2026-01-26 12:00,3,6,12,G08,solar,138.173
2026-01-26 12:00,3,6,12,G09,solar,134.346
2026-01-26 12:00,3,6,12,G10,eolica,56.083
2026-01-26 13:00,3,6,13,G01,hidro,88.232
2026-01-26 13:00,3,6,13,G02,hidro,88.416
2026-01-26 13:00,3,6,13,G03,hidro,207.975
2026-01-26 13:00,3,6,13,G04,hidro,279.535
2026-01-26 13:00,3,6,13,G05,hidro,248.353
2026-01-26 13:00,3,6,13,G06,termo,141.109
2026-01-26 13:00,3,6,13,G07,termo,165.969
2026-01-26 13:00,3,6,13,G08,solar,128.206
2026-01-26 13:00,3,6,13,G09,solar,141.638
2026-01-26 13:00,3,6,13,G10,eolica,48.181
2026-01-26 14:00,3,6,14,G01,hidro,97.186
2026-01-26 14:00,3,6,14,G02,hidro,95.487
2026-01-26 14:00,3,6,14,G03,hidro,189.67
2026-01-26 14:00,3,6,14,G04,hidro,269.084
2026-01-26 14:00,3,6,14,G05,hidro,288.992
2026-01-26 14:00,3,6,14,G06,termo,156.684
2026-01-26 14:00,3,6,14,G07,termo,157.583
2026-01-26 14:00,3,6,14,G08,solar,145.179
2026-01-26 14:00,3,6,14,G09,solar,137.685
2026-01-26 14:00,3,6,14,G10,eolica,41.612
2026-01-26 15:00,3,6,15,G01,hidro,87.473
2026-01-26 15:00,3,6,15,G02,hidro,101.64
2026-01-26 15:00,3,6,15,G03,hidro,212.449
2026-01-26 15:00,3,6,15,G04,hidro,274.387
2026-01-26 15:00,3,6,15,G05,hidro,283.331
2026-01-26 15:00,3,6,15,G06,termo,145.52
2026-01-26 15:00,3,6,15,G07,termo,154.921
2026-01-26 15:00,3,6,15,G08,solar,135.097
2026-01-26 15:00,3,6,15,G09,solar,135.753
2026-01-26 15:00,3,6,15,G10,eolica,38.558
2026-01-26 16:00,3,6,16,G01,hidro,89.553
2026-01-26 16:00,3,6,16,G02,hidro,99.95
2026-01-26 16:00,3,6,16,G03,hidro,226.678
2026-01-26 16:00,3,6,16,G04,hidro,257.821
2026-01-26 16:00,3,6,16,G05,hidro,251.371
2026-01-26 16:00,3,6,16,G06,termo,149.892
2026-01-26 16:00,3,6,16,G07,termo,174.633
2026-01-26 16:00,3,6,16,G08,solar,79.575
2026-01-26 16:00,3,6,16,G09,solar,73.404
2026-01-26 16:00,3,6,16,G10,eolica,35.438
2026-01-26 17:00,3,6,17,G01,hidro,92.971
2026-01-26 17:00,3,6,17,G02,hidro,92.821
2026-01-26 17:00,3,6,17,G03,hidro,218.203
2026-01-26 17:00,3,6,17,G04,hidro,290.453
2026-01-26 17:00,3,6,17,G05,hidro,271.39
2026-01-26 17:00,3,6,17,G06,termo,162.7
2026-01-26 17:00,3,6,17,G07,termo,168.326
2026-01-26 17:00,3,6,17,G08,solar,77.962
2026-01-26 17:00,3,6,17,G09,solar,82.42
2026-01-26 17:00,3,6,17,G10,eolica,36.479
2026-01-26 18:00,3,6,18,G01,hidro,100.093
2026-01-26 18:00,3,6,18,G02,hidro,83.347
2026-01-26 18:00,3,6,18,G03,hidro,212.375
2026-01-26 18:00,3,6,18,G04,hidro,238.595
2026-01-26 18:00,3,6,18,G05,hidro,277.674
2026-01-26 18:00,3,6,18,G06,termo,163.553
2026-01-26 18:00,3,6,18,G07,termo,172.457
2026-01-26 18:00,3,6,18,G08,solar,13.351
2026-01-26 18:00,3,6,18,G09,solar,12.89
2026-01-26 18:00,3,6,18,G10,eolica,31.448
2026-01-26 19:00,3,6,19,G01,hidro,75.693
2026-01-26 19:00,3,6,19,G02,hidro,94.885
2026-01-26 19:00,3,6,19,G03,hidro,173.102
2026-01-26 19:00,3,6,19,G04,hidro,227.556
2026-01-26 19:00,3,6,19,G05,hidro,237.647
2026-01-26 19:00,3,6,19,G06,termo,137.459
2026-01-26 19:00,3,6,19,G07,termo,156.822
2026-01-26 19:00,3,6,19,G08,solar,14.3
2026-01-26 19:00,3,6,19,G09,solar,14.247
2026-01-26 19:00,3,6,19,G10,eolica,31.682
2026-01-26 20:00,3,6,20,G01,hidro,89.955
2026-01-26 20:00,3,6,20,G02,hidro,93.933
2026-01-26 20:00,3,6,20,G03,hidro,190.045
2026-01-26 20:00,3,6,20,G04,hidro,255.131
2026-01-26 20:00,3,6,20,G05,hidro,248.002
2026-01-26 20:00,3,6,20,G06,termo,129.848
2026-01-26 20:00,3,6,20,G07,termo,143.495
2026-01-26 20:00,3,6,20,G08,solar,0.0
2026-01-26 20:00,3,6,20,G09,solar,0.0
2026-01-26 20:00,3,6,20,G10,eolica,37.68
2026-01-26 21:00,3,6,21,G01,hidro,79.45
2026-01-26 21:00,3,6,21,G02,hidro,90.764
2026-01-26 21:00,3,6,21,G03,hidro,199.209
2026-01-26 21:00,3,6,21,G04,hidro,254.067
2026-01-26 21:00,3,6,21,G05,hidro,250.391
2026-01-26 21:00,3,6,21,G06,termo,158.29
2026-01-26 21:00,3,6,21,G07,termo,139.255
2026-01-26 21:00,3,6,21,G08,solar,0.0
2026-01-26 21:00,3,6,21,G09,solar,0.0
2026-01-26 21:00,3,6,21,G10,eolica,41.171
2026-01-26 22:00,3,6,22,G01,hidro,76.813
2026-01-26 22:00,3,6,22,G02,hidro,88.038
2026-01-26 22:00,3,6,22,G03,hidro,178.329
2026-01-26 22:00,3,6,22,G04,hidro,254.264
2026-01-26 22:00,3,6,22,G05,hidro,212.867
2026-01-26 22:00,3,6,22,G06,termo,146.943
2026-01-26 22:00,3,6,22,G07,termo,154.835
2026-01-26 22:00,3,6,22,G08,solar,0.0
2026-01-26 22:00,3,6,22,G09,solar,0.0
2026-01-26 22:00,3,6,22,G10,eolica,47.704
2026-01-26 23:00,3,6,23,G01,hidro,58.747
2026-01-26 23:00,3,6,23,G02,hidro,55.189
2026-01-26 23:00,3,6,23,G03,hidro,132.633
2026-01-26 23:00,3,6,23,G04,hidro,165.079
2026-01-26 23:00,3,6,23,G05,hidro,166.611
2026-01-26 23:00,3,6,23,G06,termo,109.242
2026-01-26 23:00,3,6,23,G07,termo,103.654
2026-01-26 23:00,3,6,23,G08,solar,0.0
2026-01-26 23:00,3,6,23,G09,solar,0.0
2026-01-26 23:00,3,6,23,G10,eolica,51.177
2026-01-27 00:00,4,0,0,G01,hidro,60.774
2026-01-27 00:00,4,0,0,G02,hidro,63.001
2026-01-27 00:00,4,0,0,G03,hidro,119.75
2026-01-27 00:00,4,0,0,G04,hidro,180.825
2026-01-27 00:00,4,0,0,G05,hidro,151.973
2026-01-27 00:00,4,0,0,G06,termo,110.219
2026-01-27 00:00,4,0,0,G07,termo,86.453
2026-01-27 00:00,4,0,0,G08,solar,0.0
2026-01-27 00:00,4,0,0,G09,solar,0.0
2026-01-27 00:00,4,0,0,G10,eolica,56.754
2026-01-27 01:00,4,0,1,G01,hidro,60.816
2026-01-27 01:00,4,0,1,G02,hidro,51.72
2026-01-27 01:00,4,0,1,G03,hidro,142.647
2026-01-27 01:00,4,0,1,G04,hidro,158.919
2026-01-27 01:00,4,0,1,G05,hidro,166.527
2026-01-27 01:00,4,0,1,G06,termo,86.818
2026-01-27 01:00,4,0,1,G07,termo,98.267
2026-01-27 01:00,4,0,1,G08,solar,0.0
2026-01-27 01:00,4,0,1,G09,solar,0.0
2026-01-27 01:00,4,0,1,G10,eolica,64.141
2026-01-27 02:00,4,0,2,G01,hidro,58.989
2026-01-27 02:00,4,0,2,G02,hidro,61.23
2026-01-27 02:00,4,0,2,G03,hidro,127.715
2026-01-27 02:00,4,0,2,G04,hidro,173.86
2026-01-27 02:00,4,0,2,G05,hidro,151.398
2026-01-27 02:00,4,0,2,G06,termo,98.143
2026-01-27 02:00,4,0,2,G07,termo,89.885
2026-01-27 02:00,4,0,2,G08,solar,0.0
2026-01-27 02:00,4,0,2,G09,solar,0.0
2026-01-27 02:00,4,0,2,G10,eolica,69.346
2026-01-27 03:00,4,0,3,G01,hidro,64.305
2026-01-27 03:00,4,0,3,G02,hidro,54.07
2026-01-27 03:00,4,0,3,G03,hidro,136.598
2026-01-27 03:00,4,0,3,G04,hidro,166.042
2026-01-27 03:00,4,0,3,G05,hidro,164.406
2026-01-27 03:00,4,0,3,G06,termo,87.18
2026-01-27 03:00,4,0,3,G07,termo,102.594
2026-01-27 03:00,4,0,3,G08,solar,0.0
2026-01-27 03:00,4,0,3,G09,solar,0.0
2026-01-27 03:00,4,0,3,G10,eolica,81.922
2026-01-27 04:00,4,0,4,G01,hidro,57.968
2026-01-27 04:00,4,0,4,G02,hidro,60.554
2026-01-27 04:00,4,0,4,G03,hidro,117.7
2026-01-27 04:00,4,0,4,G04,hidro,173.856
2026-01-27 04:00,4,0,4,G05,hidro,178.973
2026-01-27 04:00,4,0,4,G06,termo,108.497
2026-01-27 04:00,4,0,4,G07,termo,90.333
2026-01-27 04:00,4,0,4,G08,solar,0.0
2026-01-27 04:00,4,0,4,G09,solar,0.0
2026-01-27 04:00,4,0,4,G10,eolica,84.207
2026-01-27 05:00,4,0,5,G01,hidro,63.833
2026-01-27 05:00,4,0,5,G02,hidro,56.428
2026-01-27 05:00,4,0,5,G03,hidro,123.48
2026-01-27 05:00,4,0,5,G04,hidro,167.275
2026-01-27 05:00,4,0,5,G05,hidro,158.131
2026-01-27 05:00,4,0,5,G06,termo,87.182
2026-01-27 05:00,4,0,5,G07,termo,98.566
2026-01-27 05:00,4,0,5,G08,solar,0.0
2026-01-27 05:00,4,0,5,G09,solar,0.0
2026-01-27 05:00,4,0,5,G10,eolica,76.347
2026-01-27 06:00,4,0,6,G01,hidro,64.628
2026-01-27 06:00,4,0,6,G02,hidro,61.648
2026-01-27 06:00,4,0,6,G03,hidro,135.865
2026-01-27 06:00,4,0,6,G04,hidro,163.526
2026-01-27 06:00,4,0,6,G05,hidro,149.122
2026-01-27 06:00,4,0,6,G06,termo,110.233
2026-01-27 06:00,4,0,6,G07,termo,102.525
2026-01-27 06:00,4,0,6,G08,solar,0.0
2026-01-27 06:00,4,0,6,G09,solar,0.0
2026-01-27 06:00,4,0,6,G10,eolica,77.246
2026-01-27 07:00,4,0,7,G01,hidro,93.622
2026-01-27 07:00,4,0,7,G02,hidro,97.726
2026-01-27 07:00,4,0,7,G03,hidro,187.561
2026-01-27 07:00,4,0,7,G04,hidro,275.967
2026-01-27 07:00,4,0,7,G05,hidro,277.797
2026-01-27 07:00,4,0,7,G06,termo,160.234
2026-01-27 07:00,4,0,7,G07,termo,178.342
2026-01-27 07:00,4,0,7,G08,solar,44.364
2026-01-27 07:00,4,0,7,G09,solar,39.975
2026-01-27 07:00,4,0,7,G10,eolica,89.402
2026-01-27 08:00,4,0,8,G01,hidro,100.788
2026-01-27 08:00,4,0,8,G02,hidro,88.303
2026-01-27 08:00,4,0,8,G03,hidro,198.114
2026-01-27 08:00,4,0,8,G04,hidro,292.265
2026-01-27 08:00,4,0,8,G05,hidro,254.916
2026-01-27 08:00,4,0,8,G06,termo,170.681
2026-01-27 08:00,4,0,8,G07,termo,172.268
2026-01-27 08:00,4,0,8,G08,solar,38.407
2026-01-27 08:00,4,0,8,G09,solar,38.627
2026-01-27 08:00,4,0,8,G10,eolica,91.411
2026-01-27 09:00,4,0,9,G01,hidro,83.325
2026-01-27 09:00,4,0,9,G02,hidro,97.208
2026-01-27 09:00,4,0,9,G03,hidro,229.332
2026-01-27 09:00,4,0,9,G04,hidro,262.621
2026-01-27 09:00,4,0,9,G05,hidro,278.519
2026-01-27 09:00,4,0,9,G06,termo,155.082
2026-01-27 09:00,4,0,9,G07,termo,163.525
2026-01-27 09:00,4,0,9,G08,solar,126.609
2026-01-27 09:00,4,0,9,G09,solar,123.487
2026-01-27 09:00,4,0,9,G10,eolica,70.299
2026-01-27 10:00,4,0,10,G01,hidro,98.585
2026-01-27 10:00,4,0,10,G02,hidro,87.469
2026-01-27 10:00,4,0,10,G03,hidro,204.004
2026-01-27 10:00,4,0,10,G04,hidro,263.633
2026-01-27 10:00,4,0,10,G05,hidro,260.032
2026-01-27 10:00,4,0,10,G06,termo,153.112
2026-01-27 10:00,4,0,10,G07,termo,164.959
2026-01-27 10:00,4,0,10,G08,solar,117.36
2026-01-27 10:00,4,0,10,G09,solar,126.253
2026-01-27 10:00,4,0,10,G10,eolica,64.97
2026-01-27 11:00,4,0,11,G01,hidro,92.084
2026-01-27 11:00,4,0,11,G02,hidro,104.891
2026-01-27 11:00,4,0,11,G03,hidro,206.934
2026-01-27 11:00,4,0,11,G04,hidro,250.581
2026-01-27 11:00,4,0,11,G05,hidro,281.654
2026-01-27 11:00,4,0,11,G06,termo,173.059
2026-01-27 11:00,4,0,11,G07,termo,159.582
2026-01-27 11:00,4,0,11,G08,solar,115.121
2026-01-27 11:00,4,0,11,G09,solar,115.985
2026-01-27 11:00,4,0,11,G10,eolica,72.97
2026-01-27 12:00,4,0,12,G01,hidro,89.745
2026-01-27 12:00,4,0,12,G02,hidro,101.329
2026-01-27 12:00,4,0,12,G03,hidro,185.955
2026-01-27 12:00,4,0,12,G04,hidro,258.893
2026-01-27 12:00,4,0,12,G05,hidro,284.052
2026-01-27 12:00,4,0,12,G06,termo,147.42
2026-01-27 12:00,4,0,12,G07,termo,155.174
2026-01-27 12:00,4,0,12,G08,solar,129.149
2026-01-27 12:00,4,0,12,G09,solar,134.119
2026-01-27 12:00,4,0,12,G10,eolica,61.493
2026-01-27 13:00,4,0,13,G01,hidro,91.276
2026-01-27 13:00,4,0,13,G02,hidro,92.511
2026-01-27 13:00,4,0,13,G03,hidro,218.736
2026-01-27 13:00,4,0,13,G04,hidro,248.609
2026-01-27 13:00,4,0,13,G05,hidro,252.037
2026-01-27 13:00,4,0,13,G06,termo,139.498
2026-01-27 13:00,4,0,13,G07,termo,173.776
2026-01-27 13:00,4,0,13,G08,solar,145.938
2026-01-27 13:00,4,0,13,G09,solar,141.952
2026-01-27 13:00,4,0,13,G10,eolica,57.078
2026-01-27 14:00,4,0,14,G01,hidro,85.44
2026-01-27 14:00,4,0,14,G02,hidro,103.373
2026-01-27 14:00,4,0,14,G03,hidro,180.349
2026-01-27 14:00,4,0,14,G04,hidro,245.386
2026-01-27 14:00,4,0,14,G05,hidro,229.881
2026-01-27 14:00,4,0,14,G06,termo,162.618
2026-01-27 14:00,4,0,14,G07,termo,176.041
2026-01-27 14:00,4,0,14,G08,solar,135.038
2026-01-27 14:00,4,0,14,G09,solar,137.238
2026-01-27 14:00,4,0,14,G10,eolica,49.813
2026-01-27 15:00,4,0,15,G01,hidro,83.157
2026-01-27 15:00,4,0,15,G02,hidro,82.37
2026-01-27 15:00,4,0,15,G03,hidro,209.581
2026-01-27 15:00,4,0,15,G04,hidro,267.699
2026-01-27 15:00,4,0,15,G05,hidro,270.773
2026-01-27 15:00,4,0,15,G06,termo,166.734
2026-01-27 15:00,4,0,15,G07,termo,168.514
2026-01-27 15:00,4,0,15,G08,solar,128.962
2026-01-27 15:00,4,0,15,G09,solar,149.397
2026-01-27 15:00,4,0,15,G10,eolica,36.348
2026-01-27 16:00,4,0,16,G01,hidro,94.644
2026-01-27 16:00,4,0,16,G02,hidro,99.475
2026-01-27 16:00,4,0,16,G03,hidro,210.089
2026-01-27 16:00,4,0,16,G04,hidro,243.056
2026-01-27 16:00,4,0,16,G05,hidro,232.349
2026-01-27 16:00,4,0,16,G06,termo,145.724
2026-01-27 16:00,4,0,16,G07,termo,155.5
2026-01-27 16:00,4,0,16,G08,solar,77.554
2026-01-27 16:00,4,0,16,G09,solar,77.916
2026-01-27 16:00,4,0,16,G10,eolica,33.804
2026-01-27 17:00,4,0,17,G01,hidro,91.68
2026-01-27 17:00,4,0,17,G02,hidro,94.214
2026-01-27 17:00,4,0,17,G03,hidro,220.253
2026-01-27 17:00,4,0,17,G04,hidro,279.895
2026-01-27 17:00,4,0,17,G05,hidro,266.573
2026-01-27 17:00,4,0,17,G06,termo,177.048
2026-01-27 17:00,4,0,17,G07,termo,152.243
2026-01-27 17:00,4,0,17,G08,solar,73.731
2026-01-27 17:00,4,0,17,G09,solar,76.801
2026-01-27 17:00,4,0,17,G10,eolica,35.066
2026-01-27 18:00,4,0,18,G01,hidro,85.717
2026-01-27 18:00,4,0,18,G02,hidro,90.379
2026-01-27 18:00,4,0,18,G03,hidro,185.914
2026-01-27 18:00,4,0,18,G04,hidro,264.78
2026-01-27 18:00,4,0,18,G05,hidro,289.65
2026-01-27 18:00,4,0,18,G06,termo,163.358
2026-01-27 18:00,4,0,18,G07,termo,177.834
2026-01-27 18:00,4,0,18,G08,solar,14.867
2026-01-27 18:00,4,0,18,G09,solar,13.12
2026-01-27 18:00,4,0,18,G10,eolica,34.681
2026-01-27 19:00,4,0,19,G01,hidro,76.437
2026-01-27 19:00,4,0,19,G02,hidro,94.516
2026-01-27 19:00,4,0,19,G03,hidro,165.044
2026-01-27 19:00,4,0,19,G04,hidro,212.63
2026-01-27 19:00,4,0,19,G05,hidro,250.706
2026-01-27 19:00,4,0,19,G06,termo,137.427
2026-01-27 19:00,4,0,19,G07,termo,146.097
2026-01-27 19:00,4,0,19,G08,solar,13.531
2026-01-27 19:00,4,0,19,G09,solar,14.752
2026-01-27 19:00,4,0,19,G10,eolica,36.941
2026-01-27 20:00,4,0,20,G01,hidro,77.849
2026-01-27 20:00,4,0,20,G02,hidro,88.681
2026-01-27 20:00,4,0,20,G03,hidro,168.831
2026-01-27 20:00,4,0,20,G04,hidro,243.044
2026-01-27 20:00,4,0,20,G05,hidro,235.966
2026-01-27 20:00,4,0,20,G06,termo,148.501
2026-01-27 20:00,4,0,20,G07,termo,145.115
2026-01-27 20:00,4,0,20,G08,solar,0.0
2026-01-27 20:00,4,0,20,G09,solar,0.0
2026-01-27 20:00,4,0,20,G10,eolica,36.718
2026-01-27 21:00,4,0,21,G01,hidro,84.873
2026-01-27 21:00,4,0,21,G02,hidro,92.537
2026-01-27 21:00,4,0,21,G03,hidro,203.813
2026-01-27 21:00,4,0,21,G04,hidro,237.666
2026-01-27 21:00,4,0,21,G05,hidro,255.807
2026-01-27 21:00,4,0,21,G06,termo,147.172
2026-01-27 21:00,4,0,21,G07,termo,157.285
2026-01-27 21:00,4,0,21,G08,solar,0.0
2026-01-27 21:00,4,0,21,G09,solar,0.0
2026-01-27 21:00,4,0,21,G10,eolica,44.047
2026-01-27 22:00,4,0,22,G01,hidro,94.947
2026-01-27 22:00,4,0,22,G02,hidro,77.804
2026-01-27 22:00,4,0,22,G03,hidro,180.435
2026-01-27 22:00,4,0,22,G04,hidro,228.812
2026-01-27 22:00,4,0,22,G05,hidro,224.182
2026-01-27 22:00,4,0,22,G06,termo,126.653
2026-01-27 22:00,4,0,22,G07,termo,134.167
2026-01-27 22:00,4,0,22,G08,solar,0.0
2026-01-27 22:00,4,0,22,G09,solar,0.0
2026-01-27 22:00,4,0,22,G10,eolica,42.03
2026-01-27 23:00,4,0,23,G01,hidro,55.173
2026-01-27 23:00,4,0,23,G02,hidro,63.025
2026-01-27 23:00,4,0,23,G03,hidro,146.17
2026-01-27 23:00,4,0,23,G04,hidro,176.247
2026-01-27 23:00,4,0,23,G05,hidro,189.121
2026-01-27 23:00,4,0,23,G06,termo,95.931
2026-01-27 23:00,4,0,23,G07,termo,105.645
2026-01-27 23:00,4,0,23,G08,solar,0.0
2026-01-27 23:00,4,0,23,G09,solar,0.0
2026-01-27 23:00,4,0,23,G10,eolica,50.663
2026-01-28 00:00,4,1,0,G01,hidro,57.01
2026-01-28 00:00,4,1,0,G02,hidro,57.108
2026-01-28 00:00,4,1,0,G03,hidro,135.654
2026-01-28 00:00,4,1,0,G04,hidro,167.451
2026-01-28 00:00,4,1,0,G05,hidro,161.287
2026-01-28 00:00,4,1,0,G06,termo,94.45
2026-01-28 00:00,4,1,0,G07,termo,96.058
2026-01-28 00:00,4,1,0,G08,solar,0.0
2026-01-28 00:00,4,1,0,G09,solar,0.0
2026-01-28 00:00,4,1,0,G10,eolica,64.1
2026-01-28 01:00,4,1,1,G01,hidro,57.463
2026-01-28 01:00,4,1,1,G02,hidro,52.098
2026-01-28 01:00,4,1,1,G03,hidro,114.772
2026-01-28 01:00,4,1,1,G04,hidro,147.528
2026-01-28 01:00,4,1,1,G05,hidro,145.675
2026-01-28 01:00,4,1,1,G06,termo,90.875
2026-01-28 01:00,4,1,1,G07,termo,90.089
2026-01-28 01:00,4,1,1,G08,solar,0.0
2026-01-28 01:00,4,1,1,G09,solar,0.0
2026-01-28 01:00,4,1,1,G10,eolica,69.186
2026-01-28 02:00,4,1,2,G01,hidro,60.635
2026-01-28 02:00,4,1,2,G02,hidro,61.163
2026-01-28 02:00,4,1,2,G03,hidro,122.026
2026-01-28 02:00,4,1,2,G04,hidro,168.656
2026-01-28 02:00,4,1,2,G05,hidro,173.307
2026-01-28 02:00,4,1,2,G06,termo,91.288
2026-01-28 02:00,4,1,2,G07,termo,93.121
2026-01-28 02:00,4,1,2,G08,solar,0.0
2026-01-28 02:00,4,1,2,G09,solar,0.0
2026-01-28 02:00,4,1,2,G10,eolica,76.709
2026-01-28 03:00,4,1,3,G01,hidro,61.864
2026-01-28 03:00,4,1,3,G02,hidro,62.402
2026-01-28 03:00,4,1,3,G03,hidro,132.052
2026-01-28 03:00,4,1,3,G04,hidro,146.726
2026-01-28 03:00,4,1,3,G05,hidro,168.748
2026-01-28 03:00,4,1,3,G06,termo,103.383
2026-01-28 03:00,4,1,3,G07,termo,105.499
2026-01-28 03:00,4,1,3,G08,solar,0.0
2026-01-28 03:00,4,1,3,G09,solar,0.0
2026-01-28 03:00,4,1,3,G10,eolica,73.34
2026-01-28 04:00,4,1,4,G01,hidro,58.321
2026-01-28 04:00,4,1,4,G02,hidro,51.275
2026-01-28 04:00,4,1,4,G03,hidro,126.008
2026-01-28 04:00,4,1,4,G04,hidro,180.372
2026-01-28 04:00,4,1,4,G05,hidro,166.49
2026-01-28 04:00,4,1,4,G06,termo,101.7
2026-01-28 04:00,4,1,4,G07,termo,106.845
2026-01-28 04:00,4,1,4,G08,solar,0.0
2026-01-28 04:00,4,1,4,G09,solar,0.0
2026-01-28 04:00,4,1,4,G10,eolica,79.611
2026-01-28 05:00,4,1,5,G01,hidro,58.465
2026-01-28 05:00,4,1,5,G02,hidro,56.371
2026-01-28 05:00,4,1,5,G03,hidro,134.745
2026-01-28 05:00,4,1,5,G04,hidro,157.311
2026-01-28 05:00,4,1,5,G05,hidro,155.914
2026-01-28 05:00,4,1,5,G06,termo,107.952
2026-01-28 05:00,4,1,5,G07,termo,110.146
2026-01-28 05:00,4,1,5,G08,solar,0.0
2026-01-28 05:00,4,1,5,G09,solar,0.0
2026-01-28 05:00,4,1,5,G10,eolica,88.347
2026-01-28 06:00,4,1,6,G01,hidro,52.383
2026-01-28 06:00,4,1,6,G02,hidro,60.788
2026-01-28 06:00,4,1,6,G03,hidro,134.918
2026-01-28 06:00,4,1,6,G04,hidro,161.124
2026-01-28 06:00,4,1,6,G05,hidro,160.4
2026-01-28 06:00,4,1,6,G06,termo,90.865
2026-01-28 06:00,4,1,6,G07,termo,86.674
2026-01-28 06:00,4,1,6,G08,solar,0.0
2026-01-28 06:00,4,1,6,G09,solar,0.0
2026-01-28 06:00,4,1,6,G10,eolica,81.234
2026-01-28 07:00,4,1,7,G01,hidro,85.965
2026-01-28 07:00,4,1,7,G02,hidro,84.017
2026-01-28 07:00,4,1,7,G03,hidro,192.558
2026-01-28 07:00,4,1,7,G04,hidro,258.984
2026-01-28 07:00,4,1,7,G05,hidro,257.976
2026-01-28 07:00,4,1,7,G06,termo,159.031
2026-01-28 07:00,4,1,7,G07,termo,156.631
2026-01-28 07:00,4,1,7,G08,solar,39.241
2026-01-28 07:00,4,1,7,G09,solar,44.75
2026-01-28 07:00,4,1,7,G10,eolica,87.496
2026-01-28 08:00,4,1,8,G01,hidro,102.903
2026-01-28 08:00,4,1,8,G02,hidro,83.229
2026-01-28 08:00,4,1,8,G03,hidro,228.647
2026-01-28 08:00,4,1,8,G04,hidro,285.13
2026-01-28 08:00,4,1,8,G05,hidro,230.89
2026-01-28 08:00,4,1,8,G06,termo,171.646
2026-01-28 08:00,4,1,8,G07,termo,140.921
2026-01-28 08:00,4,1,8,G08,solar,40.511
2026-01-28 08:00,4,1,8,G09,solar,41.628
2026-01-28 08:00,4,1,8,G10,eolica,80.645
2026-01-28 09:00,4,1,9,G01,hidro,86.729
2026-01-28 09:00,4,1,9,G02,hidro,94.206
2026-01-28 09:00,4,1,9,G03,hidro,203.164
2026-01-28 09:00,4,1,9,G04,hidro,288.688
2026-01-28 09:00,4,1,9,G05,hidro,278.951
2026-01-28 09:00,4,1,9,G06,termo,142.547
2026-01-28 09:00,4,1,9,G07,termo,147.549
2026-01-28 09:00,4,1,9,G08,solar,125.483
2026-01-28 09:00,4,1,9,G09,solar,120.64
2026-01-28 09:00,4,1,9,G10,eolica,83.616
2026-01-28 10:00,4,1,10,G01,hidro,83.052
2026-01-28 10:00,4,1,10,G02,hidro,104.044
2026-01-28 10:00,4,1,10,G03,hidro,195.973
2026-01-28 10:00,4,1,10,G04,hidro,242.265
2026-01-28 10:00,4,1,10,G05,hidro,290.544
2026-01-28 10:00,4,1,10,G06,termo,169.912
2026-01-28 10:00,4,1,10,G07,termo,165.088
2026-01-28 10:00,4,1,10,G08,solar,110.754
2026-01-28 10:00,4,1,10,G09,solar,120.853
2026-01-28 10:00,4,1,10,G10,eolica,75.454
2026-01-28 11:00,4,1,11,G01,hidro,85.393
2026-01-28 11:00,4,1,11,G02,hidro,83.928
2026-01-28 11:00,4,1,11,G03,hidro,181.741
2026-01-28 11:00,4,1,11,G04,hidro,247.1
2026-01-28 11:00,4,1,11,G05,hidro,284.64
2026-01-28 11:00,4,1,11,G06,termo,155.517
2026-01-28 11:00,4,1,11,G07,termo,161.291
2026-01-28 11:00,4,1,11,G08,solar,110.13
2026-01-28 11:00,4,1,11,G09,solar,108.91
2026-01-28 11:00,4,1,11,G10,eolica,66.17
2026-01-28 12:00,4,1,12,G01,hidro,85.959
2026-01-28 12:00,4,1,12,G02,hidro,83.105
2026-01-28 12:00,4,1,12,G03,hidro,191.901
2026-01-28 12:00,4,1,12,G04,hidro,246.778
2026-01-28 12:00,4,1,12,G05,hidro,288.527
2026-01-28 12:00,4,1,12,G06,termo,144.015
2026-01-28 12:00,4,1,12,G07,termo,167.879
2026-01-28 12:00,4,1,12,G08,solar,131.739
2026-01-28 12:00,4,1,12,G09,solar,148.58
2026-01-28 12:00,4,1,12,G10,eolica,58.065
2026-01-28 13:00,4,1,13,G01,hidro,90.863
2026-01-28 13:00,4,1,13,G02,hidro,84.749
2026-01-28 13:00,4,1,13,G03,hidro,187.624
2026-01-28 13:00,4,1,13,G04,hidro,240.286
2026-01-28 13:00,4,1,13,G05,hidro,275.419
2026-01-28 13:00,4,1,13,G06,termo,155.854
2026-01-28 13:00,4,1,13,G07,termo,157.403
2026-01-28 13:00,4,1,13,G08,solar,146.331
2026-01-28 13:00,4,1,13,G09,solar,138.851
2026-01-28 13:00,4,1,13,G10,eolica,50.455
2026-01-28 14:00,4,1,14,G01,hidro,85.445
2026-01-28 14:00,4,1,14,G02,hidro,100.308
2026-01-28 14:00,4,1,14,G03,hidro,218.125
2026-01-28 14:00,4,1,14,G04,hidro,273.764
2026-01-28 14:00,4,1,14,G05,hidro,242.861
2026-01-28 14:00,4,1,14,G06,termo,141.894
2026-01-28 14:00,4,1,14,G07,termo,177.608
2026-01-28 14:00,4,1,14,G08,solar,146.496
2026-01-28 14:00,4,1,14,G09,solar,144.742
2026-01-28 14:00,4,1,14,G10,eolica,43.566
2026-01-28 15:00,4,1,15,G01,hidro,92.447
2026-01-28 15:00,4,1,15,G02,hidro,95.671
2026-01-28 15:00,4,1,15,G03,hidro,181.153
2026-01-28 15:00,4,1,15,G04,hidro,236.06
2026-01-28 15:00,4,1,15,G05,hidro,280.104
2026-01-28 15:00,4,1,15,G06,termo,145.555
2026-01-28 15:00,4,1,15,G07,termo,142.594
2026-01-28 15:00,4,1,15,G08,solar,142.754
2026-01-28 15:00,4,1,15,G09,solar,147.944
2026-01-28 15:00,4,1,15,G10,eolica,41.037
2026-01-28 16:00,4,1,16,G01,hidro,81.984
2026-01-28 16:00,4,1,16,G02,hidro,97.937
2026-01-28 16:00,4,1,16,G03,hidro,206.72
2026-01-28 16:00,4,1,16,G04,hidro,231.997
2026-01-28 16:00,4,1,16,G05,hidro,280.455
2026-01-28 16:00,4,1,16,G06,termo,158.178
2026-01-28 16:00,4,1,16,G07,termo,142.53
2026-01-28 16:00,4,1,16,G08,solar,76.927
2026-01-28 16:00,4,1,16,G09,solar,77.478
2026-01-28 16:00,4,1,16,G10,eolica,33.07
2026-01-28 17:00,4,1,17,G01,hidro,101.482
2026-01-28 17:00,4,1,17,G02,hidro,87.595
2026-01-28 17:00,4,1,17,G03,hidro,197.191
2026-01-28 17:00,4,1,17,G04,hidro,241.426
2026-01-28 17:00,4,1,17,G05,hidro,263.195
2026-01-28 17:00,4,1,17,G06,termo,148.722
2026-01-28 17:00,4,1,17,G07,termo,161.097
2026-01-28 17:00,4,1,17,G08,solar,82.453
2026-01-28 17:00,4,1,17,G09,solar,71.993
2026-01-28 17:00,4,1,17,G10,eolica,33.931
2026-01-28 18:00,4,1,18,G01,hidro,86.217
2026-01-28 18:00,4,1,18,G02,hidro,84.663
2026-01-28 18:00,4,1,18,G03,hidro,226.207
2026-01-28 18:00,4,1,18,G04,hidro,229.499
2026-01-28 18:00,4,1,18,G05,hidro,232.567
2026-01-28 18:00,4,1,18,G06,termo,161.088
2026-01-28 18:00,4,1,18,G07,termo,151.857
2026-01-28 18:00,4,1,18,G08,solar,14.652
2026-01-28 18:00,4,1,18,G09,solar,14.844
2026-01-28 18:00,4,1,18,G10,eolica,28.822
2026-01-28 19:00,4,1,19,G01,hidro,76.243
2026-01-28 19:00,4,1,19,G02,hidro,74.406
2026-01-28 19:00,4,1,19,G03,hidro,195.669
2026-01-28 19:00,4,1,19,G04,hidro,225.731
2026-01-28 19:00,4,1,19,G05,hidro,256.842
2026-01-28 19:00,4,1,19,G06,termo,144.561
2026-01-28 19:00,4,1,19,G07,termo,156.276
2026-01-28 19:00,4,1,19,G08,solar,14.626
2026-01-28 19:00,4,1,19,G09,solar,14.594
2026-01-28 19:00,4,1,19,G10,eolica,32.727
2026-01-28 20:00,4,1,20,G01,hidro,79.778
2026-01-28 20:00,4,1,20,G02,hidro,92.62
2026-01-28 20:00,4,1,20,G03,hidro,194.932
2026-01-28 20:00,4,1,20,G04,hidro,234.52
2026-01-28 20:00,4,1,20,G05,hidro,212.339
2026-01-28 20:00,4,1,20,G06,termo,134.835
2026-01-28 20:00,4,1,20,G07,termo,158.391
2026-01-28 20:00,4,1,20,G08,solar,0.0
2026-01-28 20:00,4,1,20,G09,solar,0.0
2026-01-28 20:00,4,1,20,G10,eolica,36.766
2026-01-28 21:00,4,1,21,G01,hidro,74.49
2026-01-28 21:00,4,1,21,G02,hidro,80.836
2026-01-28 21:00,4,1,21,G03,hidro,197.503
2026-01-28 21:00,4,1,21,G04,hidro,209.566
2026-01-28 21:00,4,1,21,G05,hidro,209.92
2026-01-28 21:00,4,1,21,G06,termo,146.531
2026-01-28 21:00,4,1,21,G07,termo,129.403
2026-01-28 21:00,4,1,21,G08,solar,0.0
2026-01-28 21:00,4,1,21,G09,solar,0.0
2026-01-28 21:00,4,1,21,G10,eolica,39.237
2026-01-28 22:00,4,1,22,G01,hidro,85.053
2026-01-28 22:00,4,1,22,G02,hidro,94.629
2026-01-28 22:00,4,1,22,G03,hidro,203.413
2026-01-28 22:00,4,1,22,G04,hidro,209.403
2026-01-28 22:00,4,1,22,G05,hidro,261.972
2026-01-28 22:00,4,1,22,G06,termo,151.096
2026-01-28 22:00,4,1,22,G07,termo,130.622
2026-01-28 22:00,4,1,22,G08,solar,0.0
2026-01-28 22:00,4,1,22,G09,solar,0.0
2026-01-28 22:00,4,1,22,G10,eolica,43.058
2026-01-28 23:00,4,1,23,G01,hidro,55.775
2026-01-28 23:00,4,1,23,G02,hidro,64.87
2026-01-28 23:00,4,1,23,G03,hidro,134.455
2026-01-28 23:00,4,1,23,G04,hidro,154.602
2026-01-28 23:00,4,1,23,G05,hidro,158.634
2026-01-28 23:00,4,1,23,G06,termo,106.451
2026-01-28 23:00,4,1,23,G07,termo,110.776
2026-01-28 23:00,4,1,23,G08,solar,0.0
2026-01-28 23:00,4,1,23,G09,solar,0.0
2026-01-28 23:00,4,1,23,G10,eolica,46.589
2026-01-29 00:00,4,2,0,G01,hidro,56.597
2026-01-29 00:00,4,2,0,G02,hidro,59.384
2026-01-29 00:00,4,2,0,G03,hidro,137.179
2026-01-29 00:00,4,2,0,G04,hidro,142.184
2026-01-29 00:00,4,2,0,G05,hidro,145.792
2026-01-29 00:00,4,2,0,G06,termo,93.96
2026-01-29 00:00,4,2,0,G07,termo,88.423
2026-01-29 00:00,4,2,0,G08,solar,0.0
2026-01-29 00:00,4,2,0,G09,solar,0.0
2026-01-29 00:00,4,2,0,G10,eolica,63.144
2026-01-29 01:00,4,2,1,G01,hidro,63.08
2026-01-29 01:00,4,2,1,G02,hidro,62.289
2026-01-29 01:00,4,2,1,G03,hidro,131.339
2026-01-29 01:00,4,2,1,G04,hidro,178.81
2026-01-29 01:00,4,2,1,G05,hidro,168.036
2026-01-29 01:00,4,2,1,G06,termo,95.895
2026-01-29 01:00,4,2,1,G07,termo,95.737
2026-01-29 01:00,4,2,1,G08,solar,0.0
2026-01-29 01:00,4,2,1,G09,solar,0.0
2026-01-29 01:00,4,2,1,G10,eolica,68.244
2026-01-29 02:00,4,2,2,G01,hidro,56.249
2026-01-29 02:00,4,2,2,G02,hidro,58.891
2026-01-29 02:00,4,2,2,G03,hidro,119.296
2026-01-29 02:00,4,2,2,G04,hidro,168.263
2026-01-29 02:00,4,2,2,G05,hidro,164.484
2026-01-29 02:00,4,2,2,G06,termo,94.173
2026-01-29 02:00,4,2,2,G07,termo,98.145
2026-01-29 02:00,4,2,2,G08,solar,0.0
2026-01-29 02:00,4,2,2,G09,solar,0.0
2026-01-29 02:00,4,2,2,G10,eolica,68.116
2026-01-29 03:00,4,2,3,G01,hidro,62.011
2026-01-29 03:00,4,2,3,G02,hidro,61.571
2026-01-29 03:00,4,2,3,G03,hidro,119.563
2026-01-29 03:00,4,2,3,G04,hidro,162.468
2026-01-29 03:00,4,2,3,G05,hidro,148.397
2026-01-29 03:00,4,2,3,G06,termo,100.484
2026-01-29 03:00,4,2,3,G07,termo,89.481
2026-01-29 03:00,4,2,3,G08,solar,0.0
2026-01-29 03:00,4,2,3,G09,solar,0.0
2026-01-29 03:00,4,2,3,G10,eolica,70.641
2026-01-29 04:00,4,2,4,G01,hidro,52.631
2026-01-29 04:00,4,2,4,G02,hidro,51.657
2026-01-29 04:00,4,2,4,G03,hidro,118.301
2026-01-29 04:00,4,2,4,G04,hidro,177.383
2026-01-29 04:00,4,2,4,G05,hidro,156.189
2026-01-29 04:00,4,2,4,G06,termo,99.897
2026-01-29 04:00,4,2,4,G07,termo,101.715
2026-01-29 04:00,4,2,4,G08,solar,0.0
2026-01-29 04:00,4,2,4,G09,solar,0.0
2026-01-29 04:00,4,2,4,G10,eolica,74.009
2026-01-29 05:00,4,2,5,G01,hidro,59.181
2026-01-29 05:00,4,2,5,G02,hidro,61.799
2026-01-29 05:00,4,2,5,G03,hidro,131.038
2026-01-29 05:00,4,2,5,G04,hidro,150.585
2026-01-29 05:00,4,2,5,G05,hidro,145.48
2026-01-29 05:00,4,2,5,G06,termo,91.305
2026-01-29 05:00,4,2,5,G07,termo,103.485
2026-01-29 05:00,4,2,5,G08,solar,0.0
2026-01-29 05:00,4,2,5,G09,solar,0.0
2026-01-29 05:00,4,2,5,G10,eolica,86.68
2026-01-29 06:00,4,2,6,G01,hidro,50.899
2026-01-29 06:00,4,2,6,G02,hidro,53.041
2026-01-29 06:00,4,2,6,G03,hidro,127.21
2026-01-29 06:00,4,2,6,G04,hidro,179.31
2026-01-29 06:00,4,2,6,G05,hidro,163.991
2026-01-29 06:00,4,2,6,G06,termo,108.026
2026-01-29 06:00,4,2,6,G07,termo,88.743
2026-01-29 06:00,4,2,6,G08,solar,0.0
2026-01-29 06:00,4,2,6,G09,solar,0.0
2026-01-29 06:00,4,2,6,G10,eolica,83.134
2026-01-29 07:00,4,2,7,G01,hidro,93.354
2026-01-29 07:00,4,2,7,G02,hidro,89.013
2026-01-29 07:00,4,2,7,G03,hidro,193.329
2026-01-29 07:00,4,2,7,G04,hidro,292.052
2026-01-29 07:00,4,2,7,G05,hidro,272.802
2026-01-29 07:00,4,2,7,G06,termo,144.292
2026-01-29 07:00,4,2,7,G07,termo,150.969
2026-01-29 07:00,4,2,7,G08,solar,44.046
2026-01-29 07:00,4,2,7,G09,solar,40.199
2026-01-29 07:00,4,2,7,G10,eolica,81.43
2026-01-29 08:00,4,2,8,G01,hidro,84.151
2026-01-29 08:00,4,2,8,G02,hidro,100.122
2026-01-29 08:00,4,2,8,G03,hidro,229.494
2026-01-29 08:00,4,2,8,G04,hidro,289.294
2026-01-29 08:00,4,2,8,G05,hidro,236.617
2026-01-29 08:00,4,2,8,G06,termo,172.041
2026-01-29 08:00,4,2,8,G07,termo,146.93
2026-01-29 08:00,4,2,8,G08,solar,42.412
2026-01-29 08:00,4,2,8,G09,solar,44.625
2026-01-29 08:00,4,2,8,G10,eolica,84.884
2026-01-29 09:00,4,2,9,G01,hidro,93.807
2026-01-29 09:00,4,2,9,G02,hidro,83.022
2026-01-29 09:00,4,2,9,G03,hidro,216.377
2026-01-29 09:00,4,2,9,G04,hidro,288.908
2026-01-29 09:00,4,2,9,G05,hidro,253.497
2026-01-29 09:00,4,2,9,G06,termo,160.91
2026-01-29 09:00,4,2,9,G07,termo,175.21
2026-01-29 09:00,4,2,9,G08,solar,117.743
2026-01-29 09:00,4,2,9,G09,solar,124.749
2026-01-29 09:00,4,2,9,G10,eolica,85.58
2026-01-29 10:00,4,2,10,G01,hidro,93.03
2026-01-29 10:00,4,2,10,G02,hidro,86.889
2026-01-29 10:00,4,2,10,G03,hidro,193.283
2026-01-29 10:00,4,2,10,G04,hidro,253.916
2026-01-29 10:00,4,2,10,G05,hidro,244.161
2026-01-29 10:00,4,2,10,G06,termo,143.909
2026-01-29 10:00,4,2,10,G07,termo,143.942
2026-01-29 10:00,4,2,10,G08,solar,117.589
2026-01-29 10:00,4,2,10,G09,solar,123.688
2026-01-29 10:00,4,2,10,G10,eolica,71.537
2026-01-29 11:00,4,2,11,G01,hidro,104.412
2026-01-29 11:00,4,2,11,G02,hidro,83.783
2026-01-29 11:00,4,2,11,G03,hidro,186.67
2026-01-29 11:00,4,2,11,G04,hidro,240.942
2026-01-29 11:00,4,2,11,G05,hidro,262.962
2026-01-29 11:00,4,2,11,G06,termo,141.715
2026-01-29 11:00,4,2,11,G07,termo,173.147
2026-01-29 11:00,4,2,11,G08,solar,117.795
2026-01-29 11:00,4,2,11,G09,solar,111.508
2026-01-29 11:00,4,2,11,G10,eolica,69.757
2026-01-29 12:00,4,2,12,G01,hidro,91.427
2026-01-29 12:00,4,2,12,G02,hidro,104.586
2026-01-29 12:00,4,2,12,G03,hidro,228.031
2026-01-29 12:00,4,2,12,G04,hidro,261.974
2026-01-29 12:00,4,2,12,G05,hidro,237.527
2026-01-29 12:00,4,2,12,G06,termo,158.431
2026-01-29 12:00,4,2,12,G07,termo,167.989
2026-01-29 12:00,4,2,12,G08,solar,137.793
2026-01-29 12:00,4,2,12,G09,solar,137.18
2026-01-29 12:00,4,2,12,G10,eolica,60.127
2026-01-29 13:00,4,2,13,G01,hidro,103.653
2026-01-29 13:00,4,2,13,G02,hidro,103.047
2026-01-29 13:00,4,2,13,G03,hidro,185.786
2026-01-29 13:00,4,2,13,G04,hidro,244.278
2026-01-29 13:00,4,2,13,G05,hidro,269.151
2026-01-29 13:00,4,2,13,G06,termo,157.484
2026-01-29 13:00,4,2,13,G07,termo,161.186
2026-01-29 13:00,4,2,13,G08,solar,149.918
2026-01-29 13:00,4,2,13,G09,solar,142.47
2026-01-29 13:00,4,2,13,G10,eolica,50.099
2026-01-29 14:00,4,2,14,G01,hidro,102.333
2026-01-29 14:00,4,2,14,G02,hidro,99.701
2026-01-29 14:00,4,2,14,G03,hidro,213.705
2026-01-29 14:00,4,2,14,G04,hidro,245.796
2026-01-29 14:00,4,2,14,G05,hidro,236.157
2026-01-29 14:00,4,2,14,G06,termo,158.819
2026-01-29 14:00,4,2,14,G07,termo,160.175
2026-01-29 14:00,4,2,14,G08,solar,147.133
2026-01-29 14:00,4,2,14,G09,solar,149.897
2026-01-29 14:00,4,2,14,G10,eolica,47.487
2026-01-29 15:00,4,2,15,G01,hidro,95.16
2026-01-29 15:00,4,2,15,G02,hidro,94.733
2026-01-29 15:00,4,2,15,G03,hidro,230.65
2026-01-29 15:00,4,2,15,G04,hidro,273.378
2026-01-29 15:00,4,2,15,G05,hidro,277.949
2026-01-29 15:00,4,2,15,G06,termo,161.73
2026-01-29 15:00,4,2,15,G07,termo,141.252
2026-01-29 15:00,4,2,15,G08,solar,136.21
2026-01-29 15:00,4,2,15,G09,solar,128.289
2026-01-29 15:00,4,2,15,G10,eolica,38.835
2026-01-29 16:00,4,2,16,G01,hidro,94.373
2026-01-29 16:00,4,2,16,G02,hidro,84.141
2026-01-29 16:00,4,2,16,G03,hidro,197.914
2026-01-29 16:00,4,2,16,G04,hidro,273.664
2026-01-29 16:00,4,2,16,G05,hidro,263.885
2026-01-29 16:00,4,2,16,G06,termo,169.205
2026-01-29 16:00,4,2,16,G07,termo,151.144
2026-01-29 16:00,4,2,16,G08,solar,72.002
2026-01-29 16:00,4,2,16,G09,solar,77.163
2026-01-29 16:00,4,2,16,G10,eolica,37.822
2026-01-29 17:00,4,2,17,G01,hidro,87.998
2026-01-29 17:00,4,2,17,G02,hidro,91.559
2026-01-29 17:00,4,2,17,G03,hidro,223.518
2026-01-29 17:00,4,2,17,G04,hidro,293.668
2026-01-29 17:00,4,2,17,G05,hidro,229.783
2026-01-29 17:00,4,2,17,G06,termo,162.464
2026-01-29 17:00,4,2,17,G07,termo,149.046
2026-01-29 17:00,4,2,17,G08,solar,75.148
2026-01-29 17:00,4,2,17,G09,solar,71.687
2026-01-29 17:00,4,2,17,G10,eolica,35.007
2026-01-29 18:00,4,2,18,G01,hidro,100.321
2026-01-29 18:00,4,2,18,G02,hidro,104.685
2026-01-29 18:00,4,2,18,G03,hidro,222.133
2026-01-29 18:00,4,2,18,G04,hidro,267.192
2026-01-29 18:00,4,2,18,G05,hidro,233.902
2026-01-29 18:00,4,2,18,G06,termo,168.401
2026-01-29 18:00,4,2,18,G07,termo,165.83
2026-01-29 18:00,4,2,18,G08,solar,12.962
2026-01-29 18:00,4,2,18,G09,solar,14.808
2026-01-29 18:00,4,2,18,G10,eolica,33.345
2026-01-29 19:00,4,2,19,G01,hidro,93.868
2026-01-29 19:00,4,2,19,G02,hidro,89.917
2026-01-29 19:00,4,2,19,G03,hidro,183.35
2026-01-29 19:00,4,2,19,G04,hidro,222.186
2026-01-29 19:00,4,2,19,G05,hidro,245.626
2026-01-29 19:00,4,2,19,G06,termo,150.957
2026-01-29 19:00,4,2,19,G07,termo,160.612
2026-01-29 19:00,4,2,19,G08,solar,13.516
2026-01-29 19:00,4,2,19,G09,solar,14.607
2026-01-29 19:00,4,2,19,G10,eolica,35.247
2026-01-29 20:00,4,2,20,G01,hidro,87.002
2026-01-29 20:00,4,2,20,G02,hidro,86.306
2026-01-29 20:00,4,2,20,G03,hidro,180.157
2026-01-29 20:00,4,2,20,G04,hidro,255.079
2026-01-29 20:00,4,2,20,G05,hidro,250.414
2026-01-29 20:00,4,2,20,G06,termo,133.498
2026-01-29 20:00,4,2,20,G07,termo,140.813
2026-01-29 20:00,4,2,20,G08,solar,0.0
2026-01-29 20:00,4,2,20,G09,solar,0.0
2026-01-29 20:00,4,2,20,G10,eolica,37.871
2026-01-29 21:00,4,2,21,G01,hidro,82.481
2026-01-29 21:00,4,2,21,G02,hidro,81.002
2026-01-29 21:00,4,2,21,G03,hidro,165.973
2026-01-29 21:00,4,2,21,G04,hidro,248.622
2026-01-29 21:00,4,2,21,G05,hidro,218.699
2026-01-29 21:00,4,2,21,G06,termo,133.232
2026-01-29 21:00,4,2,21,G07,termo,150.631
2026-01-29 21:00,4,2,21,G08,solar,0.0
2026-01-29 21:00,4,2,21,G09,solar,0.0
2026-01-29 21:00,4,2,21,G10,eolica,40.232
2026-01-29 22:00,4,2,22,G01,hidro,89.602
2026-01-29 22:00,4,2,22,G02,hidro,90.667
2026-01-29 22:00,4,2,22,G03,hidro,203.946
2026-01-29 22:00,4,2,22,G04,hidro,263.791
2026-01-29 22:00,4,2,22,G05,hidro,249.756
2026-01-29 22:00,4,2,22,G06,termo,126.638
2026-01-29 22:00,4,2,22,G07,termo,153.146
2026-01-29 22:00,4,2,22,G08,solar,0.0
2026-01-29 22:00,4,2,22,G09,solar,0.0
2026-01-29 22:00,4,2,22,G10,eolica,41.344
2026-01-29 23:00,4,2,23,G01,hidro,59.841
2026-01-29 23:00,4,2,23,G02,hidro,65.354
2026-01-29 23:00,4,2,23,G03,hidro,149.258
2026-01-29 23:00,4,2,23,G04,hidro,191.066
2026-01-29 23:00,4,2,23,G05,hidro,169.593
2026-01-29 23:00,4,2,23,G06,termo,118.088
2026-01-29 23:00,4,2,23,G07,termo,103.419
2026-01-29 23:00,4,2,23,G08,solar,0.0
2026-01-29 23:00,4,2,23,G09,solar,0.0
2026-01-29 23:00,4,2,23,G10,eolica,49.851
2026-01-30 00:00,4,3,0,G01,hidro,57.558
2026-01-30 00:00,4,3,0,G02,hidro,52.781
2026-01-30 00:00,4,3,0,G03,hidro,127.121
2026-01-30 00:00,4,3,0,G04,hidro,178.682
2026-01-30 00:00,4,3,0,G05,hidro,169.208
2026-01-30 00:00,4,3,0,G06,termo,98.826
2026-01-30 00:00,4,3,0,G07,termo,90.51
2026-01-30 00:00,4,3,0,G08,solar,0.0
2026-01-30 00:00,4,3,0,G09,solar,0.0
2026-01-30 00:00,4,3,0,G10,eolica,56.515
2026-01-30 01:00,4,3,1,G01,hidro,54.917
2026-01-30 01:00,4,3,1,G02,hidro,55.235
2026-01-30 01:00,4,3,1,G03,hidro,137.195
2026-01-30 01:00,4,3,1,G04,hidro,158.769
2026-01-30 01:00,4,3,1,G05,hidro,168.204
2026-01-30 01:00,4,3,1,G06,termo,88.324
2026-01-30 01:00,4,3,1,G07,termo,96.436
2026-01-30 01:00,4,3,1,G08,solar,0.0
2026-01-30 01:00,4,3,1,G09,solar,0.0
2026-01-30 01:00,4,3,1,G10,eolica,60.074
2026-01-30 02:00,4,3,2,G01,hidro,52.068
2026-01-30 02:00,4,3,2,G02,hidro,57.112
2026-01-30 02:00,4,3,2,G03,hidro,124.523
2026-01-30 02:00,4,3,2,G04,hidro,177.08
2026-01-30 02:00,4,3,2,G05,hidro,161.132
2026-01-30 02:00,4,3,2,G06,termo,87.391
2026-01-30 02:00,4,3,2,G07,termo,99.296
2026-01-30 02:00,4,3,2,G08,solar,0.0
2026-01-30 02:00,4,3,2,G09,solar,0.0
2026-01-30 02:00,4,3,2,G10,eolica,78.883
2026-01-30 03:00,4,3,3,G01,hidro,56.585
2026-01-30 03:00,4,3,3,G02,hidro,62.877
2026-01-30 03:00,4,3,3,G03,hidro,119.094
2026-01-30 03:00,4,3,3,G04,hidro,160.763
2026-01-30 03:00,4,3,3,G05,hidro,146.787
2026-01-30 03:00,4,3,3,G06,termo,89.641
2026-01-30 03:00,4,3,3,G07,termo,90.769
2026-01-30 03:00,4,3,3,G08,solar,0.0
2026-01-30 03:00,4,3,3,G09,solar,0.0
2026-01-30 03:00,4,3,3,G10,eolica,81.124
2026-01-30 04:00,4,3,4,G01,hidro,54.25
2026-01-30 04:00,4,3,4,G02,hidro,50.987
2026-01-30 04:00,4,3,4,G03,hidro,136.49
2026-01-30 04:00,4,3,4,G04,hidro,151.786
2026-01-30 04:00,4,3,4,G05,hidro,151.893
2026-01-30 04:00,4,3,4,G06,termo,90.166
2026-01-30 04:00,4,3,4,G07,termo,103.999
2026-01-30 04:00,4,3,4,G08,solar,0.0
2026-01-30 04:00,4,3,4,G09,solar,0.0
2026-01-30 04:00,4,3,4,G10,eolica,77.404
2026-01-30 05:00,4,3,5,G01,hidro,62.15
2026-01-30 05:00,4,3,5,G02,hidro,55.981
2026-01-30 05:00,4,3,5,G03,hidro,136.405
2026-01-30 05:00,4,3,5,G04,hidro,144.926
2026-01-30 05:00,4,3,5,G05,hidro,171.291
2026-01-30 05:00,4,3,5,G06,termo,108.375
2026-01-30 05:00,4,3,5,G07,termo,98.713
2026-01-30 05:00,4,3,5,G08,solar,0.0
2026-01-30 05:00,4,3,5,G09,solar,0.0
2026-01-30 05:00,4,3,5,G10,eolica,87.281
2026-01-30 06:00,4,3,6,G01,hidro,54.083
2026-01-30 06:00,4,3,6,G02,hidro,52.425
2026-01-30 06:00,4,3,6,G03,hidro,131.724
2026-01-30 06:00,4,3,6,G04,hidro,168.96
2026-01-30 06:00,4,3,6,G05,hidro,147.739
2026-01-30 06:00,4,3,6,G06,termo,105.363
2026-01-30 06:00,4,3,6,G07,termo,103.838
2026-01-30 06:00,4,3,6,G08,solar,0.0
2026-01-30 06:00,4,3,6,G09,solar,0.0
2026-01-30 06:00,4,3,6,G10,eolica,94.88
2026-01-30 07:00,4,3,7,G01,hidro,95.845
2026-01-30 07:00,4,3,7,G02,hidro,88.029
2026-01-30 07:00,4,3,7,G03,hidro,228.526
2026-01-30 07:00,4,3,7,G04,hidro,277.911
2026-01-30 07:00,4,3,7,G05,hidro,273.063
2026-01-30 07:00,4,3,7,G06,termo,154.059
2026-01-30 07:00,4,3,7,G07,termo,166.394
2026-01-30 07:00,4,3,7,G08,solar,44.528
2026-01-30 07:00,4,3,7,G09,solar,39.202
2026-01-30 07:00,4,3,7,G10,eolica,93.368
2026-01-30 08:00,4,3,8,G01,hidro,92.966
2026-01-30 08:00,4,3,8,G02,hidro,97.698
2026-01-30 08:00,4,3,8,G03,hidro,196.763
2026-01-30 08:00,4,3,8,G04,hidro,233.069
2026-01-30 08:00,4,3,8,G05,hidro,240.583
2026-01-30 08:00,4,3,8,G06,termo,155.78
2026-01-30 08:00,4,3,8,G07,termo,145.965
2026-01-30 08:00,4,3,8,G08,solar,44.938
2026-01-30 08:00,4,3,8,G09,solar,43.354
2026-01-30 08:00,4,3,8,G10,eolica,84.215
2026-01-30 09:00,4,3,9,G01,hidro,83.456
2026-01-30 09:00,4,3,9,G02,hidro,87.824
2026-01-30 09:00,4,3,9,G03,hidro,186.74
2026-01-30 09:00,4,3,9,G04,hidro,255.862
2026-01-30 09:00,4,3,9,G05,hidro,277.164
2026-01-30 09:00,4,3,9,G06,termo,164.219
2026-01-30 09:00,4,3,9,G07,termo,162.595
2026-01-30 09:00,4,3,9,G08,solar,126.616
2026-01-30 09:00,4,3,9,G09,solar,121.346
2026-01-30 09:00,4,3,9,G10,eolica,84.585
2026-01-30 10:00,4,3,10,G01,hidro,103.252
2026-01-30 10:00,4,3,10,G02,hidro,87.414
2026-01-30 10:00,4,3,10,G03,hidro,202.435
2026-01-30 10:00,4,3,10,G04,hidro,258.26
2026-01-30 10:00,4,3,10,G05,hidro,265.029
2026-01-30 10:00,4,3,10,G06,termo,153.626
2026-01-30 10:00,4,3,10,G07,termo,154.998
2026-01-30 10:00,4,3,10,G08,solar,112.075
2026-01-30 10:00,4,3,10,G09,solar,109.721
2026-01-30 10:00,4,3,10,G10,eolica,75.518
2026-01-30 11:00,4,3,11,G01,hidro,90.471
2026-01-30 11:00,4,3,11,G02,hidro,88.071
2026-01-30 11:00,4,3,11,G03,hidro,185.612
2026-01-30 11:00,4,3,11,G04,hidro,245.241
2026-01-30 11:00,4,3,11,G05,hidro,258.936
2026-01-30 11:00,4,3,11,G06,termo,177.123
2026-01-30 11:00,4,3,11,G07,termo,155.709
2026-01-30 11:00,4,3,11,G08,solar,125.464
2026-01-30 11:00,4,3,11,G09,solar,114.555
2026-01-30 11:00,4,3,11,G10,eolica,66.926
2026-01-30 12:00,4,3,12,G01,hidro,95.455
2026-01-30 12:00,4,3,12,G02,hidro,93.907
2026-01-30 12:00,4,3,12,G03,hidro,207.606
2026-01-30 12:00,4,3,12,G04,hidro,253.069
2026-01-30 12:00,4,3,12,G05,hidro,233.102
2026-01-30 12:00,4,3,12,G06,termo,177.832
2026-01-30 12:00,4,3,12,G07,termo,170.135
2026-01-30 12:00,4,3,12,G08,solar,135.003
2026-01-30 12:00,4,3,12,G09,solar,143.334
2026-01-30 12:00,4,3,12,G10,eolica,60.445
2026-01-30 13:00,4,3,13,G01,hidro,92.21
2026-01-30 13:00,4,3,13,G02,hidro,85.676
2026-01-30 13:00,4,3,13,G03,hidro,196.832
2026-01-30 13:00,4,3,13,G04,hidro,265.732
2026-01-30 13:00,4,3,13,G05,hidro,262.621
2026-01-30 13:00,4,3,13,G06,termo,154.714
2026-01-30 13:00,4,3,13,G07,termo,177.225
2026-01-30 13:00,4,3,13,G08,solar,142.481
2026-01-30 13:00,4,3,13,G09,solar,129.894
2026-01-30 13:00,4,3,13,G10,eolica,56.194
2026-01-30 14:00,4,3,14,G01,hidro,99.127
2026-01-30 14:00,4,3,14,G02,hidro,93.209
2026-01-30 14:00,4,3,14,G03,hidro,192.616
2026-01-30 14:00,4,3,14,G04,hidro,284.176
2026-01-30 14:00,4,3,14,G05,hidro,274.133
2026-01-30 14:00,4,3,14,G06,termo,148.389
2026-01-30 14:00,4,3,14,G07,termo,160.484
2026-01-30 14:00,4,3,14,G08,solar,139.864
2026-01-30 14:00,4,3,14,G09,solar,127.623
2026-01-30 14:00,4,3,14,G10,eolica,48.558
2026-01-30 15:00,4,3,15,G01,hidro,82.086
2026-01-30 15:00,4,3,15,G02,hidro,86.359
2026-01-30 15:00,4,3,15,G03,hidro,186.963
2026-01-30 15:00,4,3,15,G04,hidro,259.839
2026-01-30 15:00,4,3,15,G05,hidro,269.172
2026-01-30 15:00,4,3,15,G06,termo,155.572
2026-01-30 15:00,4,3,15,G07,termo,177.103
2026-01-30 15:00,4,3,15,G08,solar,141.841
2026-01-30 15:00,4,3,15,G09,solar,138.367
2026-01-30 15:00,4,3,15,G10,eolica,42.736
2026-01-30 16:00,4,3,16,G01,hidro,99.77
2026-01-30 16:00,4,3,16,G02,hidro,91.641
2026-01-30 16:00,4,3,16,G03,hidro,222.657
2026-01-30 16:00,4,3,16,G04,hidro,253.767
2026-01-30 16:00,4,3,16,G05,hidro,291.376
2026-01-30 16:00,4,3,16,G06,termo,171.988
2026-01-30 16:00,4,3,16,G07,termo,150.951
2026-01-30 16:00,4,3,16,G08,solar,71.818
2026-01-30 16:00,4,3,16,G09,solar,82.159
2026-01-30 16:00,4,3,16,G10,eolica,38.046
2026-01-30 17:00,4,3,17,G01,hidro,93.402
2026-01-30 17:00,4,3,17,G02,hidro,86.472
2026-01-30 17:00,4,3,17,G03,hidro,228.537
2026-01-30 17:00,4,3,17,G04,hidro,292.361
2026-01-30 17:00,4,3,17,G05,hidro,266.057
2026-01-30 17:00,4,3,17,G06,termo,163.762
2026-01-30 17:00,4,3,17,G07,termo,150.193
2026-01-30 17:00,4,3,17,G08,solar,81.924
2026-01-30 17:00,4,3,17,G09,solar,71.366
2026-01-30 17:00,4,3,17,G10,eolica,31.006
2026-01-30 18:00,4,3,18,G01,hidro,93.856
2026-01-30 18:00,4,3,18,G02,hidro,104.965
2026-01-30 18:00,4,3,18,G03,hidro,209.341
2026-01-30 18:00,4,3,18,G04,hidro,255.171
2026-01-30 18:00,4,3,18,G05,hidro,253.405
2026-01-30 18:00,4,3,18,G06,termo,152.367
2026-01-30 18:00,4,3,18,G07,termo,150.531
2026-01-30 18:00,4,3,18,G08,solar,13.571
2026-01-30 18:00,4,3,18,G09,solar,14.511
2026-01-30 18:00,4,3,18,G10,eolica,33.648
2026-01-30 19:00,4,3,19,G01,hidro,74.95
2026-01-30 19:00,4,3,19,G02,hidro,90.699
2026-01-30 19:00,4,3,19,G03,hidro,166.418
2026-01-30 19:00,4,3,19,G04,hidro,241.781
2026-01-30 19:00,4,3,19,G05,hidro,211.565
2026-01-30 19:00,4,3,19,G06,termo,145.865
2026-01-30 19:00,4,3,19,G07,termo,160.606
2026-01-30 19:00,4,3,19,G08,solar,13.135
2026-01-30 19:00,4,3,19,G09,solar,13.496
2026-01-30 19:00,4,3,19,G10,eolica,33.995
2026-01-30 20:00,4,3,20,G01,hidro,76.897
2026-01-30 20:00,4,3,20,G02,hidro,89.998
2026-01-30 20:00,4,3,20,G03,hidro,199.946
2026-01-30 20:00,4,3,20,G04,hidro,241.273
2026-01-30 20:00,4,3,20,G05,hidro,230.897
2026-01-30 20:00,4,3,20,G06,termo,128.448
2026-01-30 20:00,4,3,20,G07,termo,128.699
2026-01-30 20:00,4,3,20,G08,solar,0.0
2026-01-30 20:00,4,3,20,G09,solar,0.0
2026-01-30 20:00,4,3,20,G10,eolica,35.239
2026-01-30 21:00,4,3,21,G01,hidro,84.24
2026-01-30 21:00,4,3,21,G02,hidro,87.255
2026-01-30 21:00,4,3,21,G03,hidro,176.83
2026-01-30 21:00,4,3,21,G04,hidro,217.544
2026-01-30 21:00,4,3,21,G05,hidro,262.3
2026-01-30 21:00,4,3,21,G06,termo,133.13
2026-01-30 21:00,4,3,21,G07,termo,150.892
2026-01-30 21:00,4,3,21,G08,solar,0.0
2026-01-30 21:00,4,3,21,G09,solar,0.0
2026-01-30 21:00,4,3,21,G10,eolica,40.907
2026-01-30 22:00,4,3,22,G01,hidro,81.744
2026-01-30 22:00,4,3,22,G02,hidro,76.644
2026-01-30 22:00,4,3,22,G03,hidro,178.211
2026-01-30 22:00,4,3,22,G04,hidro,255.905
2026-01-30 22:00,4,3,22,G05,hidro,220.088
2026-01-30 22:00,4,3,22,G06,termo,149.368
2026-01-30 22:00,4,3,22,G07,termo,131.049
2026-01-30 22:00,4,3,22,G08,solar,0.0
2026-01-30 22:00,4,3,22,G09,solar,0.0
2026-01-30 22:00,4,3,22,G10,eolica,48.428
2026-01-30 23:00,4,3,23,G01,hidro,57.462
2026-01-30 23:00,4,3,23,G02,hidro,63.859
2026-01-30 23:00,4,3,23,G03,hidro,135.676
2026-01-30 23:00,4,3,23,G04,hidro,189.448
2026-01-30 23:00,4,3,23,G05,hidro,178.973
2026-01-30 23:00,4,3,23,G06,termo,93.963
2026-01-30 23:00,4,3,23,G07,termo,104.4
2026-01-30 23:00,4,3,23,G08,solar,0.0
2026-01-30 23:00,4,3,23,G09,solar,0.0
2026-01-30 23:00,4,3,23,G10,eolica,46.836
2026-01-31 00:00,4,4,0,G01,hidro,57.39
2026-01-31 00:00,4,4,0,G02,hidro,61.878
2026-01-31 00:00,4,4,0,G03,hidro,118.601
2026-01-31 00:00,4,4,0,G04,hidro,159.057
2026-01-31 00:00,4,4,0,G05,hidro,146.395
2026-01-31 00:00,4,4,0,G06,termo,101.085
2026-01-31 00:00,4,4,0,G07,termo,87.063
2026-01-31 00:00,4,4,0,G08,solar,0.0
2026-01-31 00:00,4,4,0,G09,solar,0.0
2026-01-31 00:00,4,4,0,G10,eolica,57.593
2026-01-31 01:00,4,4,1,G01,hidro,53.596
2026-01-31 01:00,4,4,1,G02,hidro,57.289
2026-01-31 01:00,4,4,1,G03,hidro,114.452
2026-01-31 01:00,4,4,1,G04,hidro,142.598
2026-01-31 01:00,4,4,1,G05,hidro,160.255
2026-01-31 01:00,4,4,1,G06,termo,101.625
2026-01-31 01:00,4,4,1,G07,termo,93.209
2026-01-31 01:00,4,4,1,G08,solar,0.0
2026-01-31 01:00,4,4,1,G09,solar,0.0
2026-01-31 01:00,4,4,1,G10,eolica,65.752
2026-01-31 02:00,4,4,2,G01,hidro,54.538
2026-01-31 02:00,4,4,2,G02,hidro,64.52
2026-01-31 02:00,4,4,2,G03,hidro,137.336
2026-01-31 02:00,4,4,2,G04,hidro,153.159
2026-01-31 02:00,4,4,2,G05,hidro,174.6
2026-01-31 02:00,4,4,2,G06,termo,109.277
2026-01-31 02:00,4,4,2,G07,termo,86.541
2026-01-31 02:00,4,4,2,G08,solar,0.0
2026-01-31 02:00,4,4,2,G09,solar,0.0
2026-01-31 02:00,4,4,2,G10,eolica,70.177
2026-01-31 03:00,4,4,3,G01,hidro,62.321
2026-01-31 03:00,4,4,3,G02,hidro,59.506
2026-01-31 03:00,4,4,3,G03,hidro,135.258
2026-01-31 03:00,4,4,3,G04,hidro,174.833
2026-01-31 03:00,4,4,3,G05,hidro,161.854
2026-01-31 03:00,4,4,3,G06,termo,101.345
2026-01-31 03:00,4,4,3,G07,termo,89.545
2026-01-31 03:00,4,4,3,G08,solar,0.0
2026-01-31 03:00,4,4,3,G09,solar,0.0
2026-01-31 03:00,4,4,3,G10,eolica,78.954
2026-01-31 04:00,4,4,4,G01,hidro,59.178
2026-01-31 04:00,4,4,4,G02,hidro,62.834
2026-01-31 04:00,4,4,4,G03,hidro,122.99
2026-01-31 04:00,4,4,4,G04,hidro,174.637
2026-01-31 04:00,4,4,4,G05,hidro,169.229
2026-01-31 04:00,4,4,4,G06,termo,98.025
2026-01-31 04:00,4,4,4,G07,termo,102.991
2026-01-31 04:00,4,4,4,G08,solar,0.0
2026-01-31 04:00,4,4,4,G09,solar,0.0
2026-01-31 04:00,4,4,4,G10,eolica,84.543
2026-01-31 05:00,4,4,5,G01,hidro,52.886
2026-01-31 05:00,4,4,5,G02,hidro,57.902
2026-01-31 05:00,4,4,5,G03,hidro,122.482
2026-01-31 05:00,4,4,5,G04,hidro,142.418
2026-01-31 05:00,4,4,5,G05,hidro,169.973
2026-01-31 05:00,4,4,5,G06,termo,95.712
2026-01-31 05:00,4,4,5,G07,termo,99.323
2026-01-31 05:00,4,4,5,G08,solar,0.0
2026-01-31 05:00,4,4,5,G09,solar,0.0
2026-01-31 05:00,4,4,5,G10,eolica,86.898
2026-01-31 06:00,4,4,6,G01,hidro,50.732
2026-01-31 06:00,4,4,6,G02,hidro,61.519
2026-01-31 06:00,4,4,6,G03,hidro,137.62
2026-01-31 06:00,4,4,6,G04,hidro,167.703
2026-01-31 06:00,4,4,6,G05,hidro,173.504
2026-01-31 06:00,4,4,6,G06,termo,91.346
2026-01-31 06:00,4,4,6,G07,termo,107.626
2026-01-31 06:00,4,4,6,G08,solar,0.0
2026-01-31 06:00,4,4,6,G09,solar,0.0
2026-01-31 06:00,4,4,6,G10,eolica,92.033
2026-01-31 07:00,4,4,7,G01,hidro,102.392
2026-01-31 07:00,4,4,7,G02,hidro,85.374
2026-01-31 07:00,4,4,7,G03,hidro,212.305
2026-01-31 07:00,4,4,7,G04,hidro,269.024
2026-01-31 07:00,4,4,7,G05,hidro,230.375
2026-01-31 07:00,4,4,7,G06,termo,145.857
2026-01-31 07:00,4,4,7,G07,termo,157.207
2026-01-31 07:00,4,4,7,G08,solar,39.654
2026-01-31 07:00,4,4,7,G09,solar,42.634
2026-01-31 07:00,4,4,7,G10,eolica,78.861
2026-01-31 08:00,4,4,8,G01,hidro,93.18
2026-01-31 08:00,4,4,8,G02,hidro,99.721
2026-01-31 08:00,4,4,8,G03,hidro,182.352
2026-01-31 08:00,4,4,8,G04,hidro,238.941
2026-01-31 08:00,4,4,8,G05,hidro,261.389
2026-01-31 08:00,4,4,8,G06,termo,148.875
2026-01-31 08:00,4,4,8,G07,termo,162.579
2026-01-31 08:00,4,4,8,G08,solar,43.106
2026-01-31 08:00,4,4,8,G09,solar,42.101
2026-01-31 08:00,4,4,8,G10,eolica,87.601
2026-01-31 09:00,4,4,9,G01,hidro,87.909
2026-01-31 09:00,4,4,9,G02,hidro,86.132
2026-01-31 09:00,4,4,9,G03,hidro,184.471
2026-01-31 09:00,4,4,9,G04,hidro,258.321
2026-01-31 09:00,4,4,9,G05,hidro,232.969
2026-01-31 09:00,4,4,9,G06,termo,165.562
2026-01-31 09:00,4,4,9,G07,termo,176.003
2026-01-31 09:00,4,4,9,G08,solar,112.833
2026-01-31 09:00,4,4,9,G09,solar,127.163
2026-01-31 09:00,4,4,9,G10,eolica,75.929
2026-01-31 10:00,4,4,10,G01,hidro,93.63
2026-01-31 10:00,4,4,10,G02,hidro,97.111
2026-01-31 10:00,4,4,10,G03,hidro,188.045
2026-01-31 10:00,4,4,10,G04,hidro,263.739
2026-01-31 10:00,4,4,10,G05,hidro,255.661
2026-01-31 10:00,4,4,10,G06,termo,163.657
2026-01-31 10:00,4,4,10,G07,termo,147.991
2026-01-31 10:00,4,4,10,G08,solar,117.39
2026-01-31 10:00,4,4,10,G09,solar,116.828
2026-01-31 10:00,4,4,10,G10,eolica,74.95
2026-01-31 11:00,4,4,11,G01,hidro,87.623
2026-01-31 11:00,4,4,11,G02,hidro,94.144
2026-01-31 11:00,4,4,11,G03,hidro,182.545
2026-01-31 11:00,4,4,11,G04,hidro,282.617
2026-01-31 11:00,4,4,11,G05,hidro,244.129
2026-01-31 11:00,4,4,11,G06,termo,153.476
2026-01-31 11:00,4,4,11,G07,termo,141.474
2026-01-31 11:00,4,4,11,G08,solar,117.718
2026-01-31 11:00,4,4,11,G09,solar,123.397
2026-01-31 11:00,4,4,11,G10,eolica,60.061
2026-01-31 12:00,4,4,12,G01,hidro,93.724
2026-01-31 12:00,4,4,12,G02,hidro,91.921
2026-01-31 12:00,4,4,12,G03,hidro,224.869
2026-01-31 12:00,4,4,12,G04,hidro,231.356
2026-01-31 12:00,4,4,12,G05,hidro,235.019
2026-01-31 12:00,4,4,12,G06,termo,157.641
2026-01-31 12:00,4,4,12,G07,termo,149.722
2026-01-31 12:00,4,4,12,G08,solar,129.765
2026-01-31 12:00,4,4,12,G09,solar,129.189
2026-01-31 12:00,4,4,12,G10,eolica,52.963
2026-01-31 13:00,4,4,13,G01,hidro,103.99
2026-01-31 13:00,4,4,13,G02,hidro,85.804
2026-01-31 13:00,4,4,13,G03,hidro,191.701
2026-01-31 13:00,4,4,13,G04,hidro,251.828
2026-01-31 13:00,4,4,13,G05,hidro,235.772
2026-01-31 13:00,4,4,13,G06,termo,146.909
2026-01-31 13:00,4,4,13,G07,termo,139.233
2026-01-31 13:00,4,4,13,G08,solar,139.164
2026-01-31 13:00,4,4,13,G09,solar,133.594
2026-01-31 13:00,4,4,13,G10,eolica,53.597
2026-01-31 14:00,4,4,14,G01,hidro,85.482
2026-01-31 14:00,4,4,14,G02,hidro,82.195
2026-01-31 14:00,4,4,14,G03,hidro,194.235
2026-01-31 14:00,4,4,14,G04,hidro,243.305
2026-01-31 14:00,4,4,14,G05,hidro,275.702
2026-01-31 14:00,4,4,14,G06,termo,142.667
2026-01-31 14:00,4,4,14,G07,termo,149.092
2026-01-31 14:00,4,4,14,G08,solar,128.58
2026-01-31 14:00,4,4,14,G09,solar,127.84
2026-01-31 14:00,4,4,14,G10,eolica,44.62
2026-01-31 15:00,4,4,15,G01,hidro,82.65
2026-01-31 15:00,4,4,15,G02,hidro,96.318
2026-01-31 15:00,4,4,15,G03,hidro,196.429
2026-01-31 15:00,4,4,15,G04,hidro,256.096
2026-01-31 15:00,4,4,15,G05,hidro,268.504
2026-01-31 15:00,4,4,15,G06,termo,155.835
2026-01-31 15:00,4,4,15,G07,termo,142.098
2026-01-31 15:00,4,4,15,G08,solar,139.646
2026-01-31 15:00,4,4,15,G09,solar,128.33
2026-01-31 15:00,4,4,15,G10,eolica,36.159
2026-01-31 16:00,4,4,16,G01,hidro,95.63
2026-01-31 16:00,4,4,16,G02,hidro,104.615
2026-01-31 16:00,4,4,16,G03,hidro,204.728
2026-01-31 16:00,4,4,16,G04,hidro,281.99
2026-01-31 16:00,4,4,16,G05,hidro,258.716
2026-01-31 16:00,4,4,16,G06,termo,153.139
2026-01-31 16:00,4,4,16,G07,termo,147.852
2026-01-31 16:00,4,4,16,G08,solar,81.06
2026-01-31 16:00,4,4,16,G09,solar,82.405
2026-01-31 16:00,4,4,16,G10,eolica,36.189
2026-01-31 17:00,4,4,17,G01,hidro,90.393
2026-01-31 17:00,4,4,17,G02,hidro,83.015
2026-01-31 17:00,4,4,17,G03,hidro,188.841
2026-01-31 17:00,4,4,17,G04,hidro,275.09
2026-01-31 17:00,4,4,17,G05,hidro,240.275
2026-01-31 17:00,4,4,17,G06,termo,165.688
2026-01-31 17:00,4,4,17,G07,termo,170.869
2026-01-31 17:00,4,4,17,G08,solar,74.281
2026-01-31 17:00,4,4,17,G09,solar,73.585
2026-01-31 17:00,4,4,17,G10,eolica,31.155
2026-01-31 18:00,4,4,18,G01,hidro,93.346
2026-01-31 18:00,4,4,18,G02,hidro,93.534
2026-01-31 18:00,4,4,18,G03,hidro,220.149
2026-01-31 18:00,4,4,18,G04,hidro,278.974
2026-01-31 18:00,4,4,18,G05,hidro,265.585
2026-01-31 18:00,4,4,18,G06,termo,176.874
2026-01-31 18:00,4,4,18,G07,termo,149.992
2026-01-31 18:00,4,4,18,G08,solar,14.861
2026-01-31 18:00,4,4,18,G09,solar,13.47
2026-01-31 18:00,4,4,18,G10,eolica,30.495
2026-01-31 19:00,4,4,19,G01,hidro,81.589
2026-01-31 19:00,4,4,19,G02,hidro,87.967
2026-01-31 19:00,4,4,19,G03,hidro,194.823
2026-01-31 19:00,4,4,19,G04,hidro,234.033
2026-01-31 19:00,4,4,19,G05,hidro,255.379
2026-01-31 19:00,4,4,19,G06,termo,134.586
2026-01-31 19:00,4,4,19,G07,termo,138.475
2026-01-31 19:00,4,4,19,G08,solar,13.504
2026-01-31 19:00,4,4,19,G09,solar,14.827
2026-01-31 19:00,4,4,19,G10,eolica,30.968
2026-01-31 20:00,4,4,20,G01,hidro,87.822
2026-01-31 20:00,4,4,20,G02,hidro,75.929
2026-01-31 20:00,4,4,20,G03,hidro,181.966
2026-01-31 20:00,4,4,20,G04,hidro,245.322
2026-01-31 20:00,4,4,20,G05,hidro,262.897
2026-01-31 20:00,4,4,20,G06,termo,132.469
2026-01-31 20:00,4,4,20,G07,termo,151.189
2026-01-31 20:00,4,4,20,G08,solar,0.0
2026-01-31 20:00,4,4,20,G09,solar,0.0
2026-01-31 20:00,4,4,20,G10,eolica,38.771
2026-01-31 21:00,4,4,21,G01,hidro,94.516
2026-01-31 21:00,4,4,21,G02,hidro,82.976
2026-01-31 21:00,4,4,21,G03,hidro,183.829
2026-01-31 21:00,4,4,21,G04,hidro,226.8
2026-01-31 21:00,4,4,21,G05,hidro,234.735
2026-01-31 21:00,4,4,21,G06,termo,147.749
2026-01-31 21:00,4,4,21,G07,termo,151.091
2026-01-31 21:00,4,4,21,G08,solar,0.0
2026-01-31 21:00,4,4,21,G09,solar,0.0
2026-01-31 21:00,4,4,21,G10,eolica,38.619
2026-01-31 22:00,4,4,22,G01,hidro,89.001
2026-01-31 22:00,4,4,22,G02,hidro,74.111
2026-01-31 22:00,4,4,22,G03,hidro,166.581
2026-01-31 22:00,4,4,22,G04,hidro,225.0
2026-01-31 22:00,4,4,22,G05,hidro,236.455
2026-01-31 22:00,4,4,22,G06,termo,156.84
2026-01-31 22:00,4,4,22,G07,termo,130.421
2026-01-31 22:00,4,4,22,G08,solar,0.0
2026-01-31 22:00,4,4,22,G09,solar,0.0
2026-01-31 22:00,4,4,22,G10,eolica,45.861
2026-01-31 23:00,4,4,23,G01,hidro,66.532
2026-01-31 23:00,4,4,23,G02,hidro,56.97
2026-01-31 23:00,4,4,23,G03,hidro,151.131
2026-01-31 23:00,4,4,23,G04,hidro,167.714
2026-01-31 23:00,4,4,23,G05,hidro,164.026
2026-01-31 23:00,4,4,23,G06,termo,106.245
2026-01-31 23:00,4,4,23,G07,termo,111.769
2026-01-31 23:00,4,4,23,G08,solar,0.0
2026-01-31 23:00,4,4,23,G09,solar,0.0
2026-01-31 23:00,4,4,23,G10,eolica,49.592
2026-02-01 00:00,4,5,0,G01,hidro,60.473
2026-02-01 00:00,4,5,0,G02,hidro,58.184
2026-02-01 00:00,4,5,0,G03,hidro,130.574
2026-02-01 00:00,4,5,0,G04,hidro,160.05
2026-02-01 00:00,4,5,0,G05,hidro,144.118
2026-02-01 00:00,4,5,0,G06,termo,109.63
2026-02-01 00:00,4,5,0,G07,termo,101.796
2026-02-01 00:00,4,5,0,G08,solar,0.0
2026-02-01 00:00,4,5,0,G09,solar,0.0
2026-02-01 00:00,4,5,0,G10,eolica,65.783
2026-02-01 01:00,4,5,1,G01,hidro,58.541
2026-02-01 01:00,4,5,1,G02,hidro,64.818
2026-02-01 01:00,4,5,1,G03,hidro,135.541
2026-02-01 01:00,4,5,1,G04,hidro,172.722
2026-02-01 01:00,4,5,1,G05,hidro,155.55
2026-02-01 01:00,4,5,1,G06,termo,92.615
2026-02-01 01:00,4,5,1,G07,termo,88.953
2026-02-01 01:00,4,5,1,G08,solar,0.0
2026-02-01 01:00,4,5,1,G09,solar,0.0
2026-02-01 01:00,4,5,1,G10,eolica,59.664
2026-02-01 02:00,4,5,2,G01,hidro,52.021
2026-02-01 02:00,4,5,2,G02,hidro,63.819
2026-02-01 02:00,4,5,2,G03,hidro,122.989
2026-02-01 02:00,4,5,2,G04,hidro,180.289
2026-02-01 02:00,4,5,2,G05,hidro,145.222
2026-02-01 02:00,4,5,2,G06,termo,103.418
2026-02-01 02:00,4,5,2,G07,termo,104.104
2026-02-01 02:00,4,5,2,G08,solar,0.0
2026-02-01 02:00,4,5,2,G09,solar,0.0
2026-02-01 02:00,4,5,2,G10,eolica,74.393
2026-02-01 03:00,4,5,3,G01,hidro,55.578
2026-02-01 03:00,4,5,3,G02,hidro,60.106
2026-02-01 03:00,4,5,3,G03,hidro,138.989
2026-02-01 03:00,4,5,3,G04,hidro,144.067
2026-02-01 03:00,4,5,3,G05,hidro,173.976
2026-02-01 03:00,4,5,3,G06,termo,105.603
2026-02-01 03:00,4,5,3,G07,termo,104.987
2026-02-01 03:00,4,5,3,G08,solar,0.0
2026-02-01 03:00,4,5,3,G09,solar,0.0
2026-02-01 03:00,4,5,3,G10,eolica,77.674
2026-02-01 04:00,4,5,4,G01,hidro,53.454
2026-02-01 04:00,4,5,4,G02,hidro,50.794
2026-02-01 04:00,4,5,4,G03,hidro,134.244
2026-02-01 04:00,4,5,4,G04,hidro,144.407
2026-02-01 04:00,4,5,4,G05,hidro,181.099
2026-02-01 04:00,4,5,4,G06,termo,107.516
2026-02-01 04:00,4,5,4,G07,termo,87.642
2026-02-01 04:00,4,5,4,G08,solar,0.0
2026-02-01 04:00,4,5,4,G09,solar,0.0
2026-02-01 04:00,4,5,4,G10,eolica,75.399
2026-02-01 05:00,4,5,5,G01,hidro,56.764
2026-02-01 05:00,4,5,5,G02,hidro,54.068
2026-02-01 05:00,4,5,5,G03,hidro,129.214
2026-02-01 05:00,4,5,5,G04,hidro,150.117
2026-02-01 05:00,4,5,5,G05,hidro,153.752
2026-02-01 05:00,4,5,5,G06,termo,89.997
2026-02-01 05:00,4,5,5,G07,termo,97.004
2026-02-01 05:00,4,5,5,G08,solar,0.0
2026-02-01 05:00,4,5,5,G09,solar,0.0
2026-02-01 05:00,4,5,5,G10,eolica,84.123
2026-02-01 06:00,4,5,6,G01,hidro,58.367
2026-02-01 06:00,4,5,6,G02,hidro,54.19
2026-02-01 06:00,4,5,6,G03,hidro,135.423
2026-02-01 06:00,4,5,6,G04,hidro,148.7
2026-02-01 06:00,4,5,6,G05,hidro,145.16
2026-02-01 06:00,4,5,6,G06,termo,107.474
2026-02-01 06:00,4,5,6,G07,termo,100.222
2026-02-01 06:00,4,5,6,G08,solar,0.0
2026-02-01 06:00,4,5,6,G09,solar,0.0
2026-02-01 06:00,4,5,6,G10,eolica,89.965
2026-02-01 07:00,4,5,7,G01,hidro,94.975
2026-02-01 07:00,4,5,7,G02,hidro,92.921
2026-02-01 07:00,4,5,7,G03,hidro,196.429
2026-02-01 07:00,4,5,7,G04,hidro,238.064
2026-02-01 07:00,4,5,7,G05,hidro,281.66
2026-02-01 07:00,4,5,7,G06,termo,171.184
2026-02-01 07:00,4,5,7,G07,termo,176.519
2026-02-01 07:00,4,5,7,G08,solar,44.698
2026-02-01 07:00,4,5,7,G09,solar,44.362
2026-02-01 07:00,4,5,7,G10,eolica,82.942
2026-02-01 08:00,4,5,8,G01,hidro,91.719
2026-02-01 08:00,4,5,8,G02,hidro,93.955
2026-02-01 08:00,4,5,8,G03,hidro,209.455
2026-02-01 08:00,4,5,8,G04,hidro,270.104
2026-02-01 08:00,4,5,8,G05,hidro,258.756
2026-02-01 08:00,4,5,8,G06,termo,152.977
2026-02-01 08:00,4,5,8,G07,termo,150.535
2026-02-01 08:00,4,5,8,G08,solar,42.813
2026-02-01 08:00,4,5,8,G09,solar,41.881
2026-02-01 08:00,4,5,8,G10,eolica,73.966
2026-02-01 09:00,4,5,9,G01,hidro,92.195
2026-02-01 09:00,4,5,9,G02,hidro,91.474
2026-02-01 09:00,4,5,9,G03,hidro,218.834
2026-02-01 09:00,4,5,9,G04,hidro,255.761
2026-02-01 09:00,4,5,9,G05,hidro,261.354
2026-02-01 09:00,4,5,9,G06,termo,165.547
2026-02-01 09:00,4,5,9,G07,termo,177.728
2026-02-01 09:00,4,5,9,G08,solar,113.669
2026-02-01 09:00,4,5,9,G09,solar,123.562
2026-02-01 09:00,4,5,9,G10,eolica,79.072
2026-02-01 10:00,4,5,10,G01,hidro,104.472
2026-02-01 10:00,4,5,10,G02,hidro,103.313
2026-02-01 10:00,4,5,10,G03,hidro,202.19
2026-02-01 10:00,4,5,10,G04,hidro,278.894
2026-02-01 10:00,4,5,10,G05,hidro,245.521
2026-02-01 10:00,4,5,10,G06,termo,177.126
2026-02-01 10:00,4,5,10,G07,termo,167.207
2026-02-01 10:00,4,5,10,G08,solar,112.997
2026-02-01 10:00,4,5,10,G09,solar,118.563
2026-02-01 10:00,4,5,10,G10,eolica,73.831
2026-02-01 11:00,4,5,11,G01,hidro,82.257
2026-02-01 11:00,4,5,11,G02,hidro,90.707
2026-02-01 11:00,4,5,11,G03,hidro,228.553
2026-02-01 11:00,4,5,11,G04,hidro,229.877
2026-02-01 11:00,4,5,11,G05,hidro,269.83
2026-02-01 11:00,4,5,11,G06,termo,152.478
2026-02-01 11:00,4,5,11,G07,termo,160.212
2026-02-01 11:00,4,5,11,G08,solar,109.77
2026-02-01 11:00,4,5,11,G09,solar,110.133
2026-02-01 11:00,4,5,11,G10,eolica,68.636
2026-02-01 12:00,4,5,12,G01,hidro,104.384
2026-02-01 12:00,4,5,12,G02,hidro,95.157
2026-02-01 12:00,4,5,12,G03,hidro,224.89
2026-02-01 12:00,4,5,12,G04,hidro,260.171
2026-02-01 12:00,4,5,12,G05,hidro,253.255
2026-02-01 12:00,4,5,12,G06,termo,140.193
2026-02-01 12:00,4,5,12,G07,termo,147.811
2026-02-01 12:00,4,5,12,G08,solar,137.495
2026-02-01 12:00,4,5,12,G09,solar,129.508
2026-02-01 12:00,4,5,12,G10,eolica,61.776
2026-02-01 13:00,4,5,13,G01,hidro,88.479
2026-02-01 13:00,4,5,13,G02,hidro,87.892
2026-02-01 13:00,4,5,13,G03,hidro,224.893
2026-02-01 13:00,4,5,13,G04,hidro,247.393
2026-02-01 13:00,4,5,13,G05,hidro,248.632
2026-02-01 13:00,4,5,13,G06,termo,175.783
2026-02-01 13:00,4,5,13,G07,termo,150.48
2026-02-01 13:00,4,5,13,G08,solar,128.805
2026-02-01 13:00,4,5,13,G09,solar,135.079
2026-02-01 13:00,4,5,13,G10,eolica,54.269
2026-02-01 14:00,4,5,14,G01,hidro,104.492
2026-02-01 14:00,4,5,14,G02,hidro,103.992
2026-02-01 14:00,4,5,14,G03,hidro,194.118
2026-02-01 14:00,4,5,14,G04,hidro,280.234
2026-02-01 14:00,4,5,14,G05,hidro,261.664
2026-02-01 14:00,4,5,14,G06,termo,139.922
2026-02-01 14:00,4,5,14,G07,termo,163.839
2026-02-01 14:00,4,5,14,G08,solar,147.599
2026-02-01 14:00,4,5,14,G09,solar,144.151
2026-02-01 14:00,4,5,14,G10,eolica,44.469
2026-02-01 15:00,4,5,15,G01,hidro,91.28
2026-02-01 15:00,4,5,15,G02,hidro,82.458
2026-02-01 15:00,4,5,15,G03,hidro,210.66
2026-02-01 15:00,4,5,15,G04,hidro,284.793
2026-02-01 15:00,4,5,15,G05,hidro,260.557
2026-02-01 15:00,4,5,15,G06,termo,177.546
2026-02-01 15:00,4,5,15,G07,termo,147.602
2026-02-01 15:00,4,5,15,G08,solar,145.015
2026-02-01 15:00,4,5,15,G09,solar,132.514
2026-02-01 15:00,4,5,15,G10,eolica,38.396
2026-02-01 16:00,4,5,16,G01,hidro,99.931
2026-02-01 16:00,4,5,16,G02,hidro,99.031
2026-02-01 16:00,4,5,16,G03,hidro,198.281
2026-02-01 16:00,4,5,16,G04,hidro,261.9
2026-02-01 16:00,4,5,16,G05,hidro,234.701
2026-02-01 16:00,4,5,16,G06,termo,166.969
2026-02-01 16:00,4,5,16,G07,termo,149.615
2026-02-01 16:00,4,5,16,G08,solar,71.233
2026-02-01 16:00,4,5,16,G09,solar,80.179
2026-02-01 16:00,4,5,16,G10,eolica,39.969
2026-02-01 17:00,4,5,17,G01,hidro,84.536
2026-02-01 17:00,4,5,17,G02,hidro,91.764
2026-02-01 17:00,4,5,17,G03,hidro,183.726
2026-02-01 17:00,4,5,17,G04,hidro,276.096
2026-02-01 17:00,4,5,17,G05,hidro,261.863
2026-02-01 17:00,4,5,17,G06,termo,151.997
2026-02-01 17:00,4,5,17,G07,termo,164.471
2026-02-01 17:00,4,5,17,G08,solar,72.005
2026-02-01 17:00,4,5,17,G09,solar,75.964
2026-02-01 17:00,4,5,17,G10,eolica,36.828
2026-02-01 18:00,4,5,18,G01,hidro,83.648
2026-02-01 18:00,4,5,18,G02,hidro,86.685
2026-02-01 18:00,4,5,18,G03,hidro,205.721
2026-02-01 18:00,4,5,18,G04,hidro,279.288
2026-02-01 18:00,4,5,18,G05,hidro,230.451
2026-02-01 18:00,4,5,18,G06,termo,149.595
2026-02-01 18:00,4,5,18,G07,termo,155.659
2026-02-01 18:00,4,5,18,G08,solar,12.906
2026-02-01 18:00,4,5,18,G09,solar,13.714
2026-02-01 18:00,4,5,18,G10,eolica,29.513
2026-02-01 19:00,4,5,19,G01,hidro,89.14
2026-02-01 19:00,4,5,19,G02,hidro,93.962
2026-02-01 19:00,4,5,19,G03,hidro,202.071
2026-02-01 19:00,4,5,19,G04,hidro,237.286
2026-02-01 19:00,4,5,19,G05,hidro,246.538
2026-02-01 19:00,4,5,19,G06,termo,143.418
2026-02-01 19:00,4,5,19,G07,termo,137.32
2026-02-01 19:00,4,5,19,G08,solar,14.128
2026-02-01 19:00,4,5,19,G09,solar,14.318
2026-02-01 19:00,4,5,19,G10,eolica,30.35
2026-02-01 20:00,4,5,20,G01,hidro,87.459
2026-02-01 20:00,4,5,20,G02,hidro,81.742
2026-02-01 20:00,4,5,20,G03,hidro,167.607
2026-02-01 20:00,4,5,20,G04,hidro,239.854
2026-02-01 20:00,4,5,20,G05,hidro,236.529
2026-02-01 20:00,4,5,20,G06,termo,156.247
2026-02-01 20:00,4,5,20,G07,termo,137.95
2026-02-01 20:00,4,5,20,G08,solar,0.0
2026-02-01 20:00,4,5,20,G09,solar,0.0
2026-02-01 20:00,4,5,20,G10,eolica,37.761
2026-02-01 21:00,4,5,21,G01,hidro,90.543
2026-02-01 21:00,4,5,21,G02,hidro,81.106
2026-02-01 21:00,4,5,21,G03,hidro,201.216
2026-02-01 21:00,4,5,21,G04,hidro,227.804
2026-02-01 21:00,4,5,21,G05,hidro,249.487
2026-02-01 21:00,4,5,21,G06,termo,137.941
2026-02-01 21:00,4,5,21,G07,termo,144.218
2026-02-01 21:00,4,5,21,G08,solar,0.0
2026-02-01 21:00,4,5,21,G09,solar,0.0
2026-02-01 21:00,4,5,21,G10,eolica,41.929
2026-02-01 22:00,4,5,22,G01,hidro,93.274
2026-02-01 22:00,4,5,22,G02,hidro,93.969
2026-02-01 22:00,4,5,22,G03,hidro,171.751
2026-02-01 22:00,4,5,22,G04,hidro,219.322
2026-02-01 22:00,4,5,22,G05,hidro,244.216
2026-02-01 22:00,4,5,22,G06,termo,130.843
2026-02-01 22:00,4,5,22,G07,termo,134.774
2026-02-01 22:00,4,5,22,G08,solar,0.0
2026-02-01 22:00,4,5,22,G09,solar,0.0
2026-02-01 22:00,4,5,22,G10,eolica,41.117
2026-02-01 23:00,4,5,23,G01,hidro,56.777
2026-02-01 23:00,4,5,23,G02,hidro,65.423
2026-02-01 23:00,4,5,23,G03,hidro,150.826
2026-02-01 23:00,4,5,23,G04,hidro,178.628
2026-02-01 23:00,4,5,23,G05,hidro,174.955
2026-02-01 23:00,4,5,23,G06,termo,106.144
2026-02-01 23:00,4,5,23,G07,termo,116.563
2026-02-01 23:00,4,5,23,G08,solar,0.0
2026-02-01 23:00,4,5,23,G09,solar,0.0
2026-02-01 23:00,4,5,23,G10,eolica,47.782
2026-02-02 00:00,4,6,0,G01,hidro,59.625
2026-02-02 00:00,4,6,0,G02,hidro,52.657
2026-02-02 00:00,4,6,0,G03,hidro,124.679
2026-02-02 00:00,4,6,0,G04,hidro,172.327
2026-02-02 00:00,4,6,0,G05,hidro,148.086
2026-02-02 00:00,4,6,0,G06,termo,109.538
2026-02-02 00:00,4,6,0,G07,termo,89.507
2026-02-02 00:00,4,6,0,G08,solar,0.0
2026-02-02 00:00,4,6,0,G09,solar,0.0
2026-02-02 00:00,4,6,0,G10,eolica,62.867
2026-02-02 01:00,4,6,1,G01,hidro,60.112
2026-02-02 01:00,4,6,1,G02,hidro,61.445
2026-02-02 01:00,4,6,1,G03,hidro,115.097
2026-02-02 01:00,4,6,1,G04,hidro,181.11
2026-02-02 01:00,4,6,1,G05,hidro,174.082
2026-02-02 01:00,4,6,1,G06,termo,102.939
2026-02-02 01:00,4,6,1,G07,termo,91.354
2026-02-02 01:00,4,6,1,G08,solar,0.0
2026-02-02 01:00,4,6,1,G09,solar,0.0
2026-02-02 01:00,4,6,1,G10,eolica,63.867
2026-02-02 02:00,4,6,2,G01,hidro,52.733
2026-02-02 02:00,4,6,2,G02,hidro,50.824
2026-02-02 02:00,4,6,2,G03,hidro,116.554
2026-02-02 02:00,4,6,2,G04,hidro,158.181
2026-02-02 02:00,4,6,2,G05,hidro,160.888
2026-02-02 02:00,4,6,2,G06,termo,96.444
2026-02-02 02:00,4,6,2,G07,termo,108.969
2026-02-02 02:00,4,6,2,G08,solar,0.0
2026-02-02 02:00,4,6,2,G09,solar,0.0
2026-02-02 02:00,4,6,2,G10,eolica,73.008
2026-02-02 03:00,4,6,3,G01,hidro,56.692
2026-02-02 03:00,4,6,3,G02,hidro,53.469
2026-02-02 03:00,4,6,3,G03,hidro,125.814
2026-02-02 03:00,4,6,3,G04,hidro,153.952
2026-02-02 03:00,4,6,3,G05,hidro,155.311
2026-02-02 03:00,4,6,3,G06,termo,103.71
2026-02-02 03:00,4,6,3,G07,termo,91.093
2026-02-02 03:00,4,6,3,G08,solar,0.0
2026-02-02 03:00,4,6,3,G09,solar,0.0
2026-02-02 03:00,4,6,3,G10,eolica,86.616
2026-02-02 04:00,4,6,4,G01,hidro,64.943
2026-02-02 04:00,4,6,4,G02,hidro,62.027
2026-02-02 04:00,4,6,4,G03,hidro,113.459
2026-02-02 04:00,4,6,4,G04,hidro,176.864
2026-02-02 04:00,4,6,4,G05,hidro,157.465
2026-02-02 04:00,4,6,4,G06,termo,96.767
2026-02-02 04:00,4,6,4,G07,termo,94.314
2026-02-02 04:00,4,6,4,G08,solar,0.0
2026-02-02 04:00,4,6,4,G09,solar,0.0
2026-02-02 04:00,4,6,4,G10,eolica,89.937
2026-02-02 05:00,4,6,5,G01,hidro,61.391
2026-02-02 05:00,4,6,5,G02,hidro,57.911
2026-02-02 05:00,4,6,5,G03,hidro,141.476
2026-02-02 05:00,4,6,5,G04,hidro,177.36
2026-02-02 05:00,4,6,5,G05,hidro,173.495
2026-02-02 05:00,4,6,5,G06,termo,96.557
2026-02-02 05:00,4,6,5,G07,termo,87.553
2026-02-02 05:00,4,6,5,G08,solar,0.0
2026-02-02 05:00,4,6,5,G09,solar,0.0
2026-02-02 05:00,4,6,5,G10,eolica,88.293
2026-02-02 06:00,4,6,6,G01,hidro,64.664
2026-02-02 06:00,4,6,6,G02,hidro,60.746
2026-02-02 06:00,4,6,6,G03,hidro,119.599
2026-02-02 06:00,4,6,6,G04,hidro,170.532
2026-02-02 06:00,4,6,6,G05,hidro,144.805
2026-02-02 06:00,4,6,6,G06,termo,108.251
2026-02-02 06:00,4,6,6,G07,termo,99.185
2026-02-02 06:00,4,6,6,G08,solar,0.0
2026-02-02 06:00,4,6,6,G09,solar,0.0
2026-02-02 06:00,4,6,6,G10,eolica,78.312
2026-02-02 07:00,4,6,7,G01,hidro,83.261
2026-02-02 07:00,4,6,7,G02,hidro,101.393
2026-02-02 07:00,4,6,7,G03,hidro,205.683
2026-02-02 07:00,4,6,7,G04,hidro,231.891
2026-02-02 07:00,4,6,7,G05,hidro,268.077
2026-02-02 07:00,4,6,7,G06,termo,140.493
2026-02-02 07:00,4,6,7,G07,termo,166.794
2026-02-02 07:00,4,6,7,G08,solar,38.848
2026-02-02 07:00,4,6,7,G09,solar,41.079
2026-02-02 07:00,4,6,7,G10,eolica,85.552
2026-02-02 08:00,4,6,8,G01,hidro,85.475
2026-02-02 08:00,4,6,8,G02,hidro,92.652
2026-02-02 08:00,4,6,8,G03,hidro,184.554
2026-02-02 08:00,4,6,8,G04,hidro,229.415
2026-02-02 08:00,4,6,8,G05,hidro,241.582
2026-02-02 08:00,4,6,8,G06,termo,142.102
2026-02-02 08:00,4,6,8,G07,termo,147.271
2026-02-02 08:00,4,6,8,G08,solar,41.747
2026-02-02 08:00,4,6,8,G09,solar,41.561
2026-02-02 08:00,4,6,8,G10,eolica,91.628
2026-02-02 09:00,4,6,9,G01,hidro,99.538
2026-02-02 09:00,4,6,9,G02,hidro,103.143
2026-02-02 09:00,4,6,9,G03,hidro,196.857
2026-02-02 09:00,4,6,9,G04,hidro,241.779
2026-02-02 09:00,4,6,9,G05,hidro,281.266
2026-02-02 09:00,4,6,9,G06,termo,147.215
2026-02-02 09:00,4,6,9,G07,termo,169.461
2026-02-02 09:00,4,6,9,G08,solar,110.866
2026-02-02 09:00,4,6,9,G09,solar,112.336
2026-02-02 09:00,4,6,9,G10,eolica,76.906
2026-02-02 10:00,4,6,10,G01,hidro,93.255
2026-02-02 10:00,4,6,10,G02,hidro,99.167
2026-02-02 10:00,4,6,10,G03,hidro,200.756
2026-02-02 10:00,4,6,10,G04,hidro,274.042
2026-02-02 10:00,4,6,10,G05,hidro,268.857
2026-02-02 10:00,4,6,10,G06,termo,161.101
2026-02-02 10:00,4,6,10,G07,termo,158.478
2026-02-02 10:00,4,6,10,G08,solar,108.887
2026-02-02 10:00,4,6,10,G09,solar,125.386
2026-02-02 10:00,4,6,10,G10,eolica,72.747
2026-02-02 11:00,4,6,11,G01,hidro,104.171
2026-02-02 11:00,4,6,11,G02,hidro,100.657
2026-02-02 11:00,4,6,11,G03,hidro,204.612
2026-02-02 11:00,4,6,11,G04,hidro,262.954
2026-02-02 11:00,4,6,11,G05,hidro,265.261
2026-02-02 11:00,4,6,11,G06,termo,140.52
2026-02-02 11:00,4,6,11,G07,termo,142.238
2026-02-02 11:00,4,6,11,G08,solar,125.874
2026-02-02 11:00,4,6,11,G09,solar,112.739
2026-02-02 11:00,4,6,11,G10,eolica,68.6
2026-02-02 12:00,4,6,12,G01,hidro,90.755
2026-02-02 12:00,4,6,12,G02,hidro,92.038
2026-02-02 12:00,4,6,12,G03,hidro,223.106
2026-02-02 12:00,4,6,12,G04,hidro,248.408
2026-02-02 12:00,4,6,12,G05,hidro,267.323
2026-02-02 12:00,4,6,12,G06,termo,144.309
2026-02-02 12:00,4,6,12,G07,termo,160.766
2026-02-02 12:00,4,6,12,G08,solar,144.324
2026-02-02 12:00,4,6,12,G09,solar,146.646
2026-02-02 12:00,4,6,12,G10,eolica,65.952
2026-02-02 13:00,4,6,13,G01,hidro,103.657
2026-02-02 13:00,4,6,13,G02,hidro,93.762
2026-02-02 13:00,4,6,13,G03,hidro,225.403
2026-02-02 13:00,4,6,13,G04,hidro,245.589
2026-02-02 13:00,4,6,13,G05,hidro,260.947
2026-02-02 13:00,4,6,13,G06,termo,142.044
2026-02-02 13:00,4,6,13,G07,termo,161.922
2026-02-02 13:00,4,6,13,G08,solar,141.497
2026-02-02 13:00,4,6,13,G09,solar,144.698
2026-02-02 13:00,4,6,13,G10,eolica,48.827
2026-02-02 14:00,4,6,14,G01,hidro,92.721
2026-02-02 14:00,4,6,14,G02,hidro,103.359
2026-02-02 14:00,4,6,14,G03,hidro,203.98
2026-02-02 14:00,4,6,14,G04,hidro,272.898
2026-02-02 14:00,4,6,14,G05,hidro,233.548
2026-02-02 14:00,4,6,14,G06,termo,176.775
2026-02-02 14:00,4,6,14,G07,termo,153.431
2026-02-02 14:00,4,6,14,G08,solar,128.871
2026-02-02 14:00,4,6,14,G09,solar,143.191
2026-02-02 14:00,4,6,14,G10,eolica,47.386
2026-02-02 15:00,4,6,15,G01,hidro,102.984
2026-02-02 15:00,4,6,15,G02,hidro,88.35
2026-02-02 15:00,4,6,15,G03,hidro,194.255
2026-02-02 15:00,4,6,15,G04,hidro,260.254
2026-02-02 15:00,4,6,15,G05,hidro,245.148
2026-02-02 15:00,4,6,15,G06,termo,178.364
2026-02-02 15:00,4,6,15,G07,termo,167.043
2026-02-02 15:00,4,6,15,G08,solar,143.111
2026-02-02 15:00,4,6,15,G09,solar,138.289
2026-02-02 15:00,4,6,15,G10,eolica,40.697
2026-02-02 16:00,4,6,16,G01,hidro,103.557
2026-02-02 16:00,4,6,16,G02,hidro,101.044
2026-02-02 16:00,4,6,16,G03,hidro,202.088
2026-02-02 16:00,4,6,16,G04,hidro,264.889
2026-02-02 16:00,4,6,16,G05,hidro,234.804
2026-02-02 16:00,4,6,16,G06,termo,162.901
2026-02-02 16:00,4,6,16,G07,termo,142.623
2026-02-02 16:00,4,6,16,G08,solar,80.771
2026-02-02 16:00,4,6,16,G09,solar,77.273
2026-02-02 16:00,4,6,16,G10,eolica,33.898
2026-02-02 17:00,4,6,17,G01,hidro,96.758
2026-02-02 17:00,4,6,17,G02,hidro,97.809
2026-02-02 17:00,4,6,17,G03,hidro,190.105
2026-02-02 17:00,4,6,17,G04,hidro,268.609
2026-02-02 17:00,4,6,17,G05,hidro,244.938
2026-02-02 17:00,4,6,17,G06,termo,175.324
2026-02-02 17:00,4,6,17,G07,termo,168.644
2026-02-02 17:00,4,6,17,G08,solar,79.016
2026-02-02 17:00,4,6,17,G09,solar,80.02
2026-02-02 17:00,4,6,17,G10,eolica,34.368
2026-02-02 18:00,4,6,18,G01,hidro,97.62
2026-02-02 18:00,4,6,18,G02,hidro,101.974
2026-02-02 18:00,4,6,18,G03,hidro,228.844
2026-02-02 18:00,4,6,18,G04,hidro,231.674
2026-02-02 18:00,4,6,18,G05,hidro,234.495
2026-02-02 18:00,4,6,18,G06,termo,149.516
2026-02-02 18:00,4,6,18,G07,termo,144.544
2026-02-02 18:00,4,6,18,G08,solar,14.01
2026-02-02 18:00,4,6,18,G09,solar,14.522
2026-02-02 18:00,4,6,18,G10,eolica,30.889
2026-02-02 19:00,4,6,19,G01,hidro,91.748
2026-02-02 19:00,4,6,19,G02,hidro,74.753
2026-02-02 19:00,4,6,19,G03,hidro,182.988
2026-02-02 19:00,4,6,19,G04,hidro,236.745
2026-02-02 19:00,4,6,19,G05,hidro,260.288
2026-02-02 19:00,4,6,19,G06,termo,146.521
2026-02-02 19:00,4,6,19,G07,termo,129.458
2026-02-02 19:00,4,6,19,G08,solar,14.197
2026-02-02 19:00,4,6,19,G09,solar,13.763
2026-02-02 19:00,4,6,19,G10,eolica,33.51
2026-02-02 20:00,4,6,20,G01,hidro,87.525
2026-02-02 20:00,4,6,20,G02,hidro,78.331
2026-02-02 20:00,4,6,20,G03,hidro,197.838
2026-02-02 20:00,4,6,20,G04,hidro,213.249
2026-02-02 20:00,4,6,20,G05,hidro,231.205
2026-02-02 20:00,4,6,20,G06,termo,161.492
2026-02-02 20:00,4,6,20,G07,termo,153.0
2026-02-02 20:00,4,6,20,G08,solar,0.0
2026-02-02 20:00,4,6,20,G09,solar,0.0
2026-02-02 20:00,4,6,20,G10,eolica,36.38
2026-02-02 21:00,4,6,21,G01,hidro,83.418
2026-02-02 21:00,4,6,21,G02,hidro,86.11
2026-02-02 21:00,4,6,21,G03,hidro,181.981
2026-02-02 21:00,4,6,21,G04,hidro,214.209
2026-02-02 21:00,4,6,21,G05,hidro,220.026
2026-02-02 21:00,4,6,21,G06,termo,128.656
2026-02-02 21:00,4,6,21,G07,termo,140.651
2026-02-02 21:00,4,6,21,G08,solar,0.0
2026-02-02 21:00,4,6,21,G09,solar,0.0
2026-02-02 21:00,4,6,21,G10,eolica,44.401
2026-02-02 22:00,4,6,22,G01,hidro,87.235
2026-02-02 22:00,4,6,22,G02,hidro,78.502
2026-02-02 22:00,4,6,22,G03,hidro,201.299
2026-02-02 22:00,4,6,22,G04,hidro,227.371
2026-02-02 22:00,4,6,22,G05,hidro,225.536
2026-02-02 22:00,4,6,22,G06,termo,132.786
2026-02-02 22:00,4,6,22,G07,termo,132.678
2026-02-02 22:00,4,6,22,G08,solar,0.0
2026-02-02 22:00,4,6,22,G09,solar,0.0
2026-02-02 22:00,4,6,22,G10,eolica,44.878
2026-02-02 23:00,4,6,23,G01,hidro,59.349
2026-02-02 23:00,4,6,23,G02,hidro,61.311
2026-02-02 23:00,4,6,23,G03,hidro,140.31
2026-02-02 23:00,4,6,23,G04,hidro,157.815
2026-02-02 23:00,4,6,23,G05,hidro,175.404
2026-02-02 23:00,4,6,23,G06,termo,100.813
2026-02-02 23:00,4,6,23,G07,termo,107.643
2026-02-02 23:00,4,6,23,G08,solar,0.0
2026-02-02 23:00,4,6,23,G09,solar,0.0
2026-02-02 23:00,4,6,23,G10,eolica,55.986
2026-02-03 00:00,5,0,0,G01,hidro,58.453
2026-02-03 00:00,5,0,0,G02,hidro,64.334
2026-02-03 00:00,5,0,0,G03,hidro,140.446
2026-02-03 00:00,5,0,0,G04,hidro,169.638
2026-02-03 00:00,5,0,0,G05,hidro,152.539
2026-02-03 00:00,5,0,0,G06,termo,92.807
2026-02-03 00:00,5,0,0,G07,termo,99.977
2026-02-03 00:00,5,0,0,G08,solar,0.0
2026-02-03 00:00,5,0,0,G09,solar,0.0
2026-02-03 00:00,5,0,0,G10,eolica,58.811
2026-02-03 01:00,5,0,1,G01,hidro,52.241
2026-02-03 01:00,5,0,1,G02,hidro,57.032
2026-02-03 01:00,5,0,1,G03,hidro,125.526
2026-02-03 01:00,5,0,1,G04,hidro,172.022
2026-02-03 01:00,5,0,1,G05,hidro,165.062
2026-02-03 01:00,5,0,1,G06,termo,90.853
2026-02-03 01:00,5,0,1,G07,termo,100.31
2026-02-03 01:00,5,0,1,G08,solar,0.0
2026-02-03 01:00,5,0,1,G09,solar,0.0
2026-02-03 01:00,5,0,1,G10,eolica,71.94
2026-02-03 02:00,5,0,2,G01,hidro,54.804
2026-02-03 02:00,5,0,2,G02,hidro,58.412
2026-02-03 02:00,5,0,2,G03,hidro,124.246
2026-02-03 02:00,5,0,2,G04,hidro,148.536
2026-02-03 02:00,5,0,2,G05,hidro,163.493
2026-02-03 02:00,5,0,2,G06,termo,88.858
2026-02-03 02:00,5,0,2,G07,termo,107.621
2026-02-03 02:00,5,0,2,G08,solar,0.0
2026-02-03 02:00,5,0,2,G09,solar,0.0
2026-02-03 02:00,5,0,2,G10,eolica,71.797
2026-02-03 03:00,5,0,3,G01,hidro,50.921
2026-02-03 03:00,5,0,3,G02,hidro,60.993
2026-02-03 03:00,5,0,3,G03,hidro,113.247
2026-02-03 03:00,5,0,3,G04,hidro,154.312
2026-02-03 03:00,5,0,3,G05,hidro,155.745
2026-02-03 03:00,5,0,3,G06,termo,102.4
2026-02-03 03:00,5,0,3,G07,termo,92.329
2026-02-03 03:00,5,0,3,G08,solar,0.0
2026-02-03 03:00,5,0,3,G09,solar,0.0
2026-02-03 03:00,5,0,3,G10,eolica,76.894
2026-02-03 04:00,5,0,4,G01,hidro,54.535
2026-02-03 04:00,5,0,4,G02,hidro,56.893
2026-02-03 04:00,5,0,4,G03,hidro,113.237
2026-02-03 04:00,5,0,4,G04,hidro,177.957
2026-02-03 04:00,5,0,4,G05,hidro,175.8
2026-02-03 04:00,5,0,4,G06,termo,95.393
2026-02-03 04:00,5,0,4,G07,termo,96.364
2026-02-03 04:00,5,0,4,G08,solar,0.0
2026-02-03 04:00,5,0,4,G09,solar,0.0
2026-02-03 04:00,5,0,4,G10,eolica,88.85
2026-02-03 05:00,5,0,5,G01,hidro,58.545
2026-02-03 05:00,5,0,5,G02,hidro,59.145
2026-02-03 05:00,5,0,5,G03,hidro,132.276
2026-02-03 05:00,5,0,5,G04,hidro,153.595
2026-02-03 05:00,5,0,5,G05,hidro,178.24
2026-02-03 05:00,5,0,5,G06,termo,95.445
2026-02-03 05:00,5,0,5,G07,termo,96.879
2026-02-03 05:00,5,0,5,G08,solar,0.0
2026-02-03 05:00,5,0,5,G09,solar,0.0
2026-02-03 05:00,5,0,5,G10,eolica,84.054
2026-02-03 06:00,5,0,6,G01,hidro,62.48
2026-02-03 06:00,5,0,6,G02,hidro,64.51
2026-02-03 06:00,5,0,6,G03,hidro,142.487
2026-02-03 06:00,5,0,6,G04,hidro,144.426
2026-02-03 06:00,5,0,6,G05,hidro,157.792
2026-02-03 06:00,5,0,6,G06,termo,108.331
2026-02-03 06:00,5,0,6,G07,termo,102.765
2026-02-03 06:00,5,0,6,G08,solar,0.0
2026-02-03 06:00,5,0,6,G09,solar,0.0
2026-02-03 06:00,5,0,6,G10,eolica,94.536
2026-02-03 07:00,5,0,7,G01,hidro,95.191
2026-02-03 07:00,5,0,7,G02,hidro,99.344
2026-02-03 07:00,5,0,7,G03,hidro,202.973
2026-02-03 07:00,5,0,7,G04,hidro,290.421
2026-02-03 07:00,5,0,7,G05,hidro,238.92
2026-02-03 07:00,5,0,7,G06,termo,164.816
2026-02-03 07:00,5,0,7,G07,termo,139.807
2026-02-03 07:00,5,0,7,G08,solar,38.84
2026-02-03 07:00,5,0,7,G09,solar,43.882
2026-02-03 07:00,5,0,7,G10,eolica,90.138
2026-02-03 08:00,5,0,8,G01,hidro,82.777
2026-02-03 08:00,5,0,8,G02,hidro,86.917
2026-02-03 08:00,5,0,8,G03,hidro,206.81
2026-02-03 08:00,5,0,8,G04,hidro,262.071
2026-02-03 08:00,5,0,8,G05,hidro,233.591
2026-02-03 08:00,5,0,8,G06,termo,177.873
2026-02-03 08:00,5,0,8,G07,termo,146.159
2026-02-03 08:00,5,0,8,G08,solar,38.419
2026-02-03 08:00,5,0,8,G09,solar,42.997
2026-02-03 08:00,5,0,8,G10,eolica,83.755
2026-02-03 09:00,5,0,9,G01,hidro,88.477
2026-02-03 09:00,5,0,9,G02,hidro,94.931
2026-02-03 09:00,5,0,9,G03,hidro,192.807
2026-02-03 09:00,5,0,9,G04,hidro,246.815
2026-02-03 09:00,5,0,9,G05,hidro,270.806
2026-02-03 09:00,5,0,9,G06,termo,173.182
2026-02-03 09:00,5,0,9,G07,termo,162.278
2026-02-03 09:00,5,0,9,G08,solar,109.769
2026-02-03 09:00,5,0,9,G09,solar,121.398
2026-02-03 09:00,5,0,9,G10,eolica,78.654
2026-02-03 10:00,5,0,10,G01,hidro,92.805
2026-02-03 10:00,5,0,10,G02,hidro,89.271
2026-02-03 10:00,5,0,10,G03,hidro,195.153
2026-02-03 10:00,5,0,10,G04,hidro,262.866
2026-02-03 10:00,5,0,10,G05,hidro,253.007
2026-02-03 10:00,5,0,10,G06,termo,145.055
2026-02-03 10:00,5,0,10,G07,termo,146.459
2026-02-03 10:00,5,0,10,G08,solar,116.322
2026-02-03 10:00,5,0,10,G09,solar,116.057
2026-02-03 10:00,5,0,10,G10,eolica,77.799
2026-02-03 11:00,5,0,11,G01,hidro,90.869
2026-02-03 11:00,5,0,11,G02,hidro,87.953
2026-02-03 11:00,5,0,11,G03,hidro,189.361
2026-02-03 11:00,5,0,11,G04,hidro,230.686
2026-02-03 11:00,5,0,11,G05,hidro,262.797
2026-02-03 11:00,5,0,11,G06,termo,173.119
2026-02-03 11:00,5,0,11,G07,termo,174.082
2026-02-03 11:00,5,0,11,G08,solar,126.945
2026-02-03 11:00,5,0,11,G09,solar,124.656
2026-02-03 11:00,5,0,11,G10,eolica,70.495
2026-02-03 12:00,5,0,12,G01,hidro,93.012
2026-02-03 12:00,5,0,12,G02,hidro,90.399
2026-02-03 12:00,5,0,12,G03,hidro,194.743
2026-02-03 12:00,5,0,12,G04,hidro,231.666
2026-02-03 12:00,5,0,12,G05,hidro,262.988
2026-02-03 12:00,5,0,12,G06,termo,151.813
2026-02-03 12:00,5,0,12,G07,termo,173.745
2026-02-03 12:00,5,0,12,G08,solar,137.55
2026-02-03 12:00,5,0,12,G09,solar,133.432
2026-02-03 12:00,5,0,12,G10,eolica,65.785
2026-02-03 13:00,5,0,13,G01,hidro,90.509
2026-02-03 13:00,5,0,13,G02,hidro,100.032
2026-02-03 13:00,5,0,13,G03,hidro,186.35
2026-02-03 13:00,5,0,13,G04,hidro,287.52
2026-02-03 13:00,5,0,13,G05,hidro,232.807
2026-02-03 13:00,5,0,13,G06,termo,143.377
2026-02-03 13:00,5,0,13,G07,termo,175.795
2026-02-03 13:00,5,0,13,G08,solar,128.387
2026-02-03 13:00,5,0,13,G09,solar,143.491
2026-02-03 13:00,5,0,13,G10,eolica,57.991
2026-02-03 14:00,5,0,14,G01,hidro,103.038
2026-02-03 14:00,5,0,14,G02,hidro,95.659
2026-02-03 14:00,5,0,14,G03,hidro,217.412
2026-02-03 14:00,5,0,14,G04,hidro,287.254
2026-02-03 14:00,5,0,14,G05,hidro,253.608
2026-02-03 14:00,5,0,14,G06,termo,153.922
2026-02-03 14:00,5,0,14,G07,termo,159.444
2026-02-03 14:00,5,0,14,G08,solar,145.943
2026-02-03 14:00,5,0,14,G09,solar,133.819
2026-02-03 14:00,5,0,14,G10,eolica,44.595
2026-02-03 15:00,5,0,15,G01,hidro,90.318
2026-02-03 15:00,5,0,15,G02,hidro,101.678
2026-02-03 15:00,5,0,15,G03,hidro,217.565
2026-02-03 15:00,5,0,15,G04,hidro,237.267
2026-02-03 15:00,5,0,15,G05,hidro,257.134
2026-02-03 15:00,5,0,15,G06,termo,177.433
2026-02-03 15:00,5,0,15,G07,termo,153.606
2026-02-03 15:00,5,0,15,G08,solar,127.68
2026-02-03 15:00,5,0,15,G09,solar,146.114
2026-02-03 15:00,5,0,15,G10,eolica,39.298
2026-02-03 16:00,5,0,16,G01,hidro,84.518
2026-02-03 16:00,5,0,16,G02,hidro,97.844
2026-02-03 16:00,5,0,16,G03,hidro,189.055
2026-02-03 16:00,5,0,16,G04,hidro,285.672
2026-02-03 16:00,5,0,16,G05,hidro,248.786
2026-02-03 16:00,5,0,16,G06,termo,150.54
2026-02-03 16:00,5,0,16,G07,termo,149.294
2026-02-03 16:00,5,0,16,G08,solar,76.723
2026-02-03 16:00,5,0,16,G09,solar,71.704
2026-02-03 16:00,5,0,16,G10,eolica,35.861
2026-02-03 17:00,5,0,17,G01,hidro,85.745
2026-02-03 17:00,5,0,17,G02,hidro,103.843
2026-02-03 17:00,5,0,17,G03,hidro,185.432
2026-02-03 17:00,5,0,17,G04,hidro,232.219
2026-02-03 17:00,5,0,17,G05,hidro,244.616
2026-02-03 17:00,5,0,17,G06,termo,171.529
2026-02-03 17:00,5,0,17,G07,termo,162.543
2026-02-03 17:00,5,0,17,G08,solar,73.29
2026-02-03 17:00,5,0,17,G09,solar,74.491
2026-02-03 17:00,5,0,17,G10,eolica,29.93
2026-02-03 18:00,5,0,18,G01,hidro,99.462
2026-02-03 18:00,5,0,18,G02,hidro,88.93
2026-02-03 18:00,5,0,18,G03,hidro,210.875
2026-02-03 18:00,5,0,18,G04,hidro,272.993
2026-02-03 18:00,5,0,18,G05,hidro,270.412
2026-02-03 18:00,5,0,18,G06,termo,165.482
2026-02-03 18:00,5,0,18,G07,termo,159.158
2026-02-03 18:00,5,0,18,G08,solar,13.011
2026-02-03 18:00,5,0,18,G09,solar,12.992
2026-02-03 18:00,5,0,18,G10,eolica,32.21
2026-02-03 19:00,5,0,19,G01,hidro,84.24
2026-02-03 19:00,5,0,19,G02,hidro,75.848
2026-02-03 19:00,5,0,19,G03,hidro,191.588
2026-02-03 19:00,5,0,19,G04,hidro,218.113
2026-02-03 19:00,5,0,19,G05,hidro,224.069
2026-02-03 19:00,5,0,19,G06,termo,135.634
2026-02-03 19:00,5,0,19,G07,termo,138.602
2026-02-03 19:00,5,0,19,G08,solar,12.879
2026-02-03 19:00,5,0,19,G09,solar,13.438
2026-02-03 19:00,5,0,19,G10,eolica,36.096
2026-02-03 20:00,5,0,20,G01,hidro,76.343
2026-02-03 20:00,5,0,20,G02,hidro,86.543
2026-02-03 20:00,5,0,20,G03,hidro,190.16
2026-02-03 20:00,5,0,20,G04,hidro,261.528
2026-02-03 20:00,5,0,20,G05,hidro,236.664
2026-02-03 20:00,5,0,20,G06,termo,149.499
2026-02-03 20:00,5,0,20,G07,termo,151.852
2026-02-03 20:00,5,0,20,G08,solar,0.0
2026-02-03 20:00,5,0,20,G09,solar,0.0
2026-02-03 20:00,5,0,20,G10,eolica,33.575
2026-02-03 21:00,5,0,21,G01,hidro,80.865
2026-02-03 21:00,5,0,21,G02,hidro,84.698
2026-02-03 21:00,5,0,21,G03,hidro,181.201
2026-02-03 21:00,5,0,21,G04,hidro,242.588
2026-02-03 21:00,5,0,21,G05,hidro,246.444
2026-02-03 21:00,5,0,21,G06,termo,127.321
2026-02-03 21:00,5,0,21,G07,termo,132.345
2026-02-03 21:00,5,0,21,G08,solar,0.0
2026-02-03 21:00,5,0,21,G09,solar,0.0
2026-02-03 21:00,5,0,21,G10,eolica,35.857
2026-02-03 22:00,5,0,22,G01,hidro,75.904
2026-02-03 22:00,5,0,22,G02,hidro,76.945
2026-02-03 22:00,5,0,22,G03,hidro,173.245
2026-02-03 22:00,5,0,22,G04,hidro,215.176
2026-02-03 22:00,5,0,22,G05,hidro,247.693
2026-02-03 22:00,5,0,22,G06,termo,156.718
2026-02-03 22:00,5,0,22,G07,termo,137.659
2026-02-03 22:00,5,0,22,G08,solar,0.0
2026-02-03 22:00,5,0,22,G09,solar,0.0
2026-02-03 22:00,5,0,22,G10,eolica,47.7
2026-02-03 23:00,5,0,23,G01,hidro,57.626
2026-02-03 23:00,5,0,23,G02,hidro,58.086
2026-02-03 23:00,5,0,23,G03,hidro,148.821
2026-02-03 23:00,5,0,23,G04,hidro,192.046
2026-02-03 23:00,5,0,23,G05,hidro,190.539
2026-02-03 23:00,5,0,23,G06,termo,105.989
2026-02-03 23:00,5,0,23,G07,termo,94.16
2026-02-03 23:00,5,0,23,G08,solar,0.0
2026-02-03 23:00,5,0,23,G09,solar,0.0
2026-02-03 23:00,5,0,23,G10,eolica,49.409
2026-02-04 00:00,5,1,0,G01,hidro,55.913
2026-02-04 00:00,5,1,0,G02,hidro,63.665
2026-02-04 00:00,5,1,0,G03,hidro,121.127
2026-02-04 00:00,5,1,0,G04,hidro,148.468
2026-02-04 00:00,5,1,0,G05,hidro,165.094
2026-02-04 00:00,5,1,0,G06,termo,105.838
2026-02-04 00:00,5,1,0,G07,termo,90.76
2026-02-04 00:00,5,1,0,G08,solar,0.0
2026-02-04 00:00,5,1,0,G09,solar,0.0
2026-02-04 00:00,5,1,0,G10,eolica,54.901
2026-02-04 01:00,5,1,1,G01,hidro,63.669
2026-02-04 01:00,5,1,1,G02,hidro,63.638
2026-02-04 01:00,5,1,1,G03,hidro,125.028
2026-02-04 01:00,5,1,1,G04,hidro,147.363
2026-02-04 01:00,5,1,1,G05,hidro,166.942
2026-02-04 01:00,5,1,1,G06,termo,93.326
2026-02-04 01:00,5,1,1,G07,termo,110.481
2026-02-04 01:00,5,1,1,G08,solar,0.0
2026-02-04 01:00,5,1,1,G09,solar,0.0
2026-02-04 01:00,5,1,1,G10,eolica,59.164
2026-02-04 02:00,5,1,2,G01,hidro,58.516
2026-02-04 02:00,5,1,2,G02,hidro,57.484
2026-02-04 02:00,5,1,2,G03,hidro,115.735
2026-02-04 02:00,5,1,2,G04,hidro,169.561
2026-02-04 02:00,5,1,2,G05,hidro,163.066
2026-02-04 02:00,5,1,2,G06,termo,89.435
2026-02-04 02:00,5,1,2,G07,termo,94.898
2026-02-04 02:00,5,1,2,G08,solar,0.0
2026-02-04 02:00,5,1,2,G09,solar,0.0
2026-02-04 02:00,5,1,2,G10,eolica,74.197
2026-02-04 03:00,5,1,3,G01,hidro,52.448
2026-02-04 03:00,5,1,3,G02,hidro,56.803
2026-02-04 03:00,5,1,3,G03,hidro,122.312
2026-02-04 03:00,5,1,3,G04,hidro,169.528
2026-02-04 03:00,5,1,3,G05,hidro,158.51
2026-02-04 03:00,5,1,3,G06,termo,109.817
2026-02-04 03:00,5,1,3,G07,termo,105.542
2026-02-04 03:00,5,1,3,G08,solar,0.0
2026-02-04 03:00,5,1,3,G09,solar,0.0
2026-02-04 03:00,5,1,3,G10,eolica,78.131
2026-02-04 04:00,5,1,4,G01,hidro,54.79
2026-02-04 04:00,5,1,4,G02,hidro,63.346
2026-02-04 04:00,5,1,4,G03,hidro,119.854
2026-02-04 04:00,5,1,4,G04,hidro,172.12
2026-02-04 04:00,5,1,4,G05,hidro,165.486
2026-02-04 04:00,5,1,4,G06,termo,95.284
2026-02-04 04:00,5,1,4,G07,termo,90.895
2026-02-04 04:00,5,1,4,G08,solar,0.0
2026-02-04 04:00,5,1,4,G09,solar,0.0
2026-02-04 04:00,5,1,4,G10,eolica,74.492
2026-02-04 05:00,5,1,5,G01,hidro,57.651
2026-02-04 05:00,5,1,5,G02,hidro,61.994
2026-02-04 05:00,5,1,5,G03,hidro,121.139
2026-02-04 05:00,5,1,5,G04,hidro,171.41
2026-02-04 05:00,5,1,5,G05,hidro,153.469
2026-02-04 05:00,5,1,5,G06,termo,98.713
2026-02-04 05:00,5,1,5,G07,termo,97.128
2026-02-04 05:00,5,1,5,G08,solar,0.0
2026-02-04 05:00,5,1,5,G09,solar,0.0
2026-02-04 05:00,5,1,5,G10,eolica,91.945
2026-02-04 06:00,5,1,6,G01,hidro,51.709
2026-02-04 06:00,5,1,6,G02,hidro,56.794
2026-02-04 06:00,5,1,6,G03,hidro,128.757
2026-02-04 06:00,5,1,6,G04,hidro,163.589
2026-02-04 06:00,5,1,6,G05,hidro,155.644
2026-02-04 06:00,5,1,6,G06,termo,100.169
2026-02-04 06:00,5,1,6,G07,termo,100.814
2026-02-04 06:00,5,1,6,G08,solar,0.0
2026-02-04 06:00,5,1,6,G09,solar,0.0
2026-02-04 06:00,5,1,6,G10,eolica,77.411
2026-02-04 07:00,5,1,7,G01,hidro,85.133
2026-02-04 07:00,5,1,7,G02,hidro,94.222
2026-02-04 07:00,5,1,7,G03,hidro,188.599
2026-02-04 07:00,5,1,7,G04,hidro,270.503
2026-02-04 07:00,5,1,7,G05,hidro,250.556
2026-02-04 07:00,5,1,7,G06,termo,162.68
2026-02-04 07:00,5,1,7,G07,termo,165.174
2026-02-04 07:00,5,1,7,G08,solar,41.369
2026-02-04 07:00,5,1,7,G09,solar,41.635
2026-02-04 07:00,5,1,7,G10,eolica,92.337
2026-02-04 08:00,5,1,8,G01,hidro,86.168
2026-02-04 08:00,5,1,8,G02,hidro,100.241
2026-02-04 08:00,5,1,8,G03,hidro,193.685
2026-02-04 08:00,5,1,8,G04,hidro,239.255
2026-02-04 08:00,5,1,8,G05,hidro,260.264
2026-02-04 08:00,5,1,8,G06,termo,167.311
2026-02-04 08:00,5,1,8,G07,termo,175.959
2026-02-04 08:00,5,1,8,G08,solar,44.513
2026-02-04 08:00,5,1,8,G09,solar,41.827
2026-02-04 08:00,5,1,8,G10,eolica,87.426
2026-02-04 09:00,5,1,9,G01,hidro,98.555
2026-02-04 09:00,5,1,9,G02,hidro,93.712
2026-02-04 09:00,5,1,9,G03,hidro,216.726
2026-02-04 09:00,5,1,9,G04,hidro,273.076
2026-02-04 09:00,5,1,9,G05,hidro,246.14
2026-02-04 09:00,5,1,9,G06,termo,173.586
2026-02-04 09:00,5,1,9,G07,termo,165.785
2026-02-04 09:00,5,1,9,G08,solar,118.063
2026-02-04 09:00,5,1,9,G09,solar,117.675
2026-02-04 09:00,5,1,9,G10,eolica,77.093
2026-02-04 10:00,5,1,10,G01,hidro,100.162
2026-02-04 10:00,5,1,10,G02,hidro,102.772
2026-02-04 10:00,5,1,10,G03,hidro,187.596
2026-02-04 10:00,5,1,10,G04,hidro,286.176
2026-02-04 10:00,5,1,10,G05,hidro,278.709
2026-02-04 10:00,5,1,10,G06,termo,144.382
2026-02-04 10:00,5,1,10,G07,termo,157.676
2026-02-04 10:00,5,1,10,G08,solar,119.774
2026-02-04 10:00,5,1,10,G09,solar,111.269
2026-02-04 10:00,5,1,10,G10,eolica,68.502
2026-02-04 11:00,5,1,11,G01,hidro,100.068
2026-02-04 11:00,5,1,11,G02,hidro,82.767
2026-02-04 11:00,5,1,11,G03,hidro,197.589
2026-02-04 11:00,5,1,11,G04,hidro,234.106
2026-02-04 11:00,5,1,11,G05,hidro,265.897
2026-02-04 11:00,5,1,11,G06,termo,173.591
2026-02-04 11:00,5,1,11,G07,termo,159.207
2026-02-04 11:00,5,1,11,G08,solar,125.312
2026-02-04 11:00,5,1,11,G09,solar,110.086
2026-02-04 11:00,5,1,11,G10,eolica,64.465
2026-02-04 12:00,5,1,12,G01,hidro,101.295
2026-02-04 12:00,5,1,12,G02,hidro,91.69
2026-02-04 12:00,5,1,12,G03,hidro,201.789
2026-02-04 12:00,5,1,12,G04,hidro,255.087
2026-02-04 12:00,5,1,12,G05,hidro,275.42
2026-02-04 12:00,5,1,12,G06,termo,152.353
2026-02-04 12:00,5,1,12,G07,termo,172.793
2026-02-04 12:00,5,1,12,G08,solar,133.481
2026-02-04 12:00,5,1,12,G09,solar,138.658
2026-02-04 12:00,5,1,12,G10,eolica,58.565
2026-02-04 13:00,5,1,13,G01,hidro,82.957
2026-02-04 13:00,5,1,13,G02,hidro,86.633
2026-02-04 13:00,5,1,13,G03,hidro,207.744
2026-02-04 13:00,5,1,13,G04,hidro,272.019
2026-02-04 13:00,5,1,13,G05,hidro,259.468
2026-02-04 13:00,5,1,13,G06,termo,174.194
2026-02-04 13:00,5,1,13,G07,termo,171.17
2026-02-04 13:00,5,1,13,G08,solar,149.67
2026-02-04 13:00,5,1,13,G09,solar,135.363
2026-02-04 13:00,5,1,13,G10,eolica,54.364
2026-02-04 14:00,5,1,14,G01,hidro,92.767
2026-02-04 14:00,5,1,14,G02,hidro,98.853
2026-02-04 14:00,5,1,14,G03,hidro,189.644
2026-02-04 14:00,5,1,14,G04,hidro,281.328
2026-02-04 14:00,5,1,14,G05,hidro,289.992
2026-02-04 14:00,5,1,14,G06,termo,162.687
2026-02-04 14:00,5,1,14,G07,termo,149.461
2026-02-04 14:00,5,1,14,G08,solar,128.186
2026-02-04 14:00,5,1,14,G09,solar,130.319
2026-02-04 14:00,5,1,14,G10,eolica,42.449
2026-02-04 15:00,5,1,15,G01,hidro,89.607
2026-02-04 15:00,5,1,15,G02,hidro,84.758
2026-02-04 15:00,5,1,15,G03,hidro,210.388
2026-02-04 15:00,5,1,15,G04,hidro,273.855
2026-02-04 15:00,5,1,15,G05,hidro,244.953
2026-02-04 15:00,5,1,15,G06,termo,168.495
2026-02-04 15:00,5,1,15,G07,termo,145.868
2026-02-04 15:00,5,1,15,G08,solar,148.861
2026-02-04 15:00,5,1,15,G09,solar,138.954
2026-02-04 15:00,5,1,15,G10,eolica,37.716
2026-02-04 16:00,5,1,16,G01,hidro,85.283
2026-02-04 16:00,5,1,16,G02,hidro,94.775
2026-02-04 16:00,5,1,16,G03,hidro,184.968
2026-02-04 16:00,5,1,16,G04,hidro,277.195
2026-02-04 16:00,5,1,16,G05,hidro,261.455
2026-02-04 16:00,5,1,16,G06,termo,170.914
2026-02-04 16:00,5,1,16,G07,termo,159.612
2026-02-04 16:00,5,1,16,G08,solar,75.326
2026-02-04 16:00,5,1,16,G09,solar,78.953
2026-02-04 16:00,5,1,16,G10,eolica,40.01
2026-02-04 17:00,5,1,17,G01,hidro,94.388
2026-02-04 17:00,5,1,17,G02,hidro,83.255
2026-02-04 17:00,5,1,17,G03,hidro,212.721
2026-02-04 17:00,5,1,17,G04,hidro,242.313
2026-02-04 17:00,5,1,17,G05,hidro,235.902
2026-02-04 17:00,5,1,17,G06,termo,150.568
2026-02-04 17:00,5,1,17,G07,termo,165.291
2026-02-04 17:00,5,1,17,G08,solar,72.436
2026-02-04 17:00,5,1,17,G09,solar,82.465
2026-02-04 17:00,5,1,17,G10,eolica,31.278
2026-02-04 18:00,5,1,18,G01,hidro,97.886
2026-02-04 18:00,5,1,18,G02,hidro,100.518
2026-02-04 18:00,5,1,18,G03,hidro,185.346
2026-02-04 18:00,5,1,18,G04,hidro,270.027
2026-02-04 18:00,5,1,18,G05,hidro,277.153
2026-02-04 18:00,5,1,18,G06,termo,159.83
2026-02-04 18:00,5,1,18,G07,termo,143.341
2026-02-04 18:00,5,1,18,G08,solar,13.858
2026-02-04 18:00,5,1,18,G09,solar,13.595
2026-02-04 18:00,5,1,18,G10,eolica,30.609
2026-02-04 19:00,5,1,19,G01,hidro,78.379
2026-02-04 19:00,5,1,19,G02,hidro,92.868
2026-02-04 19:00,5,1,19,G03,hidro,175.717
2026-02-04 19:00,5,1,19,G04,hidro,239.027
2026-02-04 19:00,5,1,19,G05,hidro,263.429
2026-02-04 19:00,5,1,19,G06,termo,153.941
2026-02-04 19:00,5,1,19,G07,termo,129.535
2026-02-04 19:00,5,1,19,G08,solar,13.169
2026-02-04 19:00,5,1,19,G09,solar,14.615
2026-02-04 19:00,5,1,19,G10,eolica,35.893
2026-02-04 20:00,5,1,20,G01,hidro,79.123
2026-02-04 20:00,5,1,20,G02,hidro,94.892
2026-02-04 20:00,5,1,20,G03,hidro,182.685
2026-02-04 20:00,5,1,20,G04,hidro,252.047
2026-02-04 20:00,5,1,20,G05,hidro,243.591
2026-02-04 20:00,5,1,20,G06,termo,134.334
2026-02-04 20:00,5,1,20,G07,termo,128.004
2026-02-04 20:00,5,1,20,G08,solar,0.0
2026-02-04 20:00,5,1,20,G09,solar,0.0
2026-02-04 20:00,5,1,20,G10,eolica,33.462
2026-02-04 21:00,5,1,21,G01,hidro,93.051
2026-02-04 21:00,5,1,21,G02,hidro,93.248
2026-02-04 21:00,5,1,21,G03,hidro,186.048
2026-02-04 21:00,5,1,21,G04,hidro,263.276
2026-02-04 21:00,5,1,21,G05,hidro,253.111
2026-02-04 21:00,5,1,21,G06,termo,145.278
2026-02-04 21:00,5,1,21,G07,termo,140.256
2026-02-04 21:00,5,1,21,G08,solar,0.0
2026-02-04 21:00,5,1,21,G09,solar,0.0
2026-02-04 21:00,5,1,21,G10,eolica,43.919
2026-02-04 22:00,5,1,22,G01,hidro,76.915
2026-02-04 22:00,5,1,22,G02,hidro,87.594
2026-02-04 22:00,5,1,22,G03,hidro,181.267
2026-02-04 22:00,5,1,22,G04,hidro,252.527
2026-02-04 22:00,5,1,22,G05,hidro,236.392
2026-02-04 22:00,5,1,22,G06,termo,146.217
2026-02-04 22:00,5,1,22,G07,termo,146.789
2026-02-04 22:00,5,1,22,G08,solar,0.0
2026-02-04 22:00,5,1,22,G09,solar,0.0
2026-02-04 22:00,5,1,22,G10,eolica,49.846
2026-02-04 23:00,5,1,23,G01,hidro,61.554
2026-02-04 23:00,5,1,23,G02,hidro,58.888
2026-02-04 23:00,5,1,23,G03,hidro,153.671
2026-02-04 23:00,5,1,23,G04,hidro,186.72
2026-02-04 23:00,5,1,23,G05,hidro,184.909
2026-02-04 23:00,5,1,23,G06,termo,100.172
2026-02-04 23:00,5,1,23,G07,termo,102.668
2026-02-04 23:00,5,1,23,G08,solar,0.0
2026-02-04 23:00,5,1,23,G09,solar,0.0
2026-02-04 23:00,5,1,23,G10,eolica,47.984
2026-02-05 00:00,5,2,0,G01,hidro,60.877
2026-02-05 00:00,5,2,0,G02,hidro,62.212
2026-02-05 00:00,5,2,0,G03,hidro,141.984
2026-02-05 00:00,5,2,0,G04,hidro,166.017
2026-02-05 00:00,5,2,0,G05,hidro,143.932
2026-02-05 00:00,5,2,0,G06,termo,105.597
2026-02-05 00:00,5,2,0,G07,termo,97.604
2026-02-05 00:00,5,2,0,G08,solar,0.0
2026-02-05 00:00,5,2,0,G09,solar,0.0
2026-02-05 00:00,5,2,0,G10,eolica,60.515
2026-02-05 01:00,5,2,1,G01,hidro,61.718
2026-02-05 01:00,5,2,1,G02,hidro,64.753
2026-02-05 01:00,5,2,1,G03,hidro,142.052
2026-02-05 01:00,5,2,1,G04,hidro,173.69
2026-02-05 01:00,5,2,1,G05,hidro,155.242
2026-02-05 01:00,5,2,1,G06,termo,94.19
2026-02-05 01:00,5,2,1,G07,termo,88.862
2026-02-05 01:00,5,2,1,G08,solar,0.0
2026-02-05 01:00,5,2,1,G09,solar,0.0
2026-02-05 01:00,5,2,1,G10,eolica,60.487
2026-02-05 02:00,5,2,2,G01,hidro,56.851
2026-02-05 02:00,5,2,2,G02,hidro,62.511
2026-02-05 02:00,5,2,2,G03,hidro,132.566
2026-02-05 02:00,5,2,2,G04,hidro,179.062
2026-02-05 02:00,5,2,2,G05,hidro,156.928
2026-02-05 02:00,5,2,2,G06,termo,100.158
2026-02-05 02:00,5,2,2,G07,termo,86.211
2026-02-05 02:00,5,2,2,G08,solar,0.0
2026-02-05 02:00,5,2,2,G09,solar,0.0
2026-02-05 02:00,5,2,2,G10,eolica,75.584
2026-02-05 03:00,5,2,3,G01,hidro,60.609
2026-02-05 03:00,5,2,3,G02,hidro,52.002
2026-02-05 03:00,5,2,3,G03,hidro,121.369
2026-02-05 03:00,5,2,3,G04,hidro,167.689
2026-02-05 03:00,5,2,3,G05,hidro,176.296
2026-02-05 03:00,5,2,3,G06,termo,102.422
2026-02-05 03:00,5,2,3,G07,termo,96.713
2026-02-05 03:00,5,2,3,G08,solar,0.0
2026-02-05 03:00,5,2,3,G09,solar,0.0
2026-02-05 03:00,5,2,3,G10,eolica,79.388
2026-02-05 04:00,5,2,4,G01,hidro,53.778
2026-02-05 04:00,5,2,4,G02,hidro,53.899
2026-02-05 04:00,5,2,4,G03,hidro,141.193
2026-02-05 04:00,5,2,4,G04,hidro,173.192
2026-02-05 04:00,5,2,4,G05,hidro,166.05
2026-02-05 04:00,5,2,4,G06,termo,105.534
2026-02-05 04:00,5,2,4,G07,termo,93.871
2026-02-05 04:00,5,2,4,G08,solar,0.0
2026-02-05 04:00,5,2,4,G09,solar,0.0
2026-02-05 04:00,5,2,4,G10,eolica,73.611
2026-02-05 05:00,5,2,5,G01,hidro,51.768
2026-02-05 05:00,5,2,5,G02,hidro,59.731
2026-02-05 05:00,5,2,5,G03,hidro,137.217
2026-02-05 05:00,5,2,5,G04,hidro,167.127
2026-02-05 05:00,5,2,5,G05,hidro,180.353
2026-02-05 05:00,5,2,5,G06,termo,105.936
2026-02-05 05:00,5,2,5,G07,termo,107.329
2026-02-05 05:00,5,2,5,G08,solar,0.0
2026-02-05 05:00,5,2,5,G09,solar,0.0
2026-02-05 05:00,5,2,5,G10,eolica,94.579
2026-02-05 06:00,5,2,6,G01,hidro,64.327
2026-02-05 06:00,5,2,6,G02,hidro,56.355
2026-02-05 06:00,5,2,6,G03,hidro,141.72
2026-02-05 06:00,5,2,6,G04,hidro,175.488
2026-02-05 06:00,5,2,6,G05,hidro,172.013
2026-02-05 06:00,5,2,6,G06,termo,87.289
2026-02-05 06:00,5,2,6,G07,termo,103.827
2026-02-05 06:00,5,2,6,G08,solar,0.0
2026-02-05 06:00,5,2,6,G09,solar,0.0
2026-02-05 06:00,5,2,6,G10,eolica,86.707
2026-02-05 07:00,5,2,7,G01,hidro,83.377
2026-02-05 07:00,5,2,7,G02,hidro,97.01
2026-02-05 07:00,5,2,7,G03,hidro,212.765
2026-02-05 07:00,5,2,7,G04,hidro,249.693
2026-02-05 07:00,5,2,7,G05,hidro,281.934
2026-02-05 07:00,5,2,7,G06,termo,163.495
2026-02-05 07:00,5,2,7,G07,termo,145.479
2026-02-05 07:00,5,2,7,G08,solar,40.733
2026-02-05 07:00,5,2,7,G09,solar,44.944
2026-02-05 07:00,5,2,7,G10,eolica,82.748
2026-02-05 08:00,5,2,8,G01,hidro,98.175
2026-02-05 08:00,5,2,8,G02,hidro,98.527
2026-02-05 08:00,5,2,8,G03,hidro,225.93
2026-02-05 08:00,5,2,8,G04,hidro,247.861
2026-02-05 08:00,5,2,8,G05,hidro,289.089
2026-02-05 08:00,5,2,8,G06,termo,173.168
2026-02-05 08:00,5,2,8,G07,termo,162.836
2026-02-05 08:00,5,2,8,G08,solar,40.301
2026-02-05 08:00,5,2,8,G09,solar,44.191
2026-02-05 08:00,5,2,8,G10,eolica,77.565
2026-02-05 09:00,5,2,9,G01,hidro,103.06
2026-02-05 09:00,5,2,9,G02,hidro,90.859
2026-02-05 09:00,5,2,9,G03,hidro,199.761
2026-02-05 09:00,5,2,9,G04,hidro,264.694
2026-02-05 09:00,5,2,9,G05,hidro,277.369
2026-02-05 09:00,5,2,9,G06,termo,154.42
2026-02-05 09:00,5,2,9,G07,termo,143.253
2026-02-05 09:00,5,2,9,G08,solar,121.734
2026-02-05 09:00,5,2,9,G09,solar,116.524
2026-02-05 09:00,5,2,9,G10,eolica,71.724
2026-02-05 10:00,5,2,10,G01,hidro,97.083
2026-02-05 10:00,5,2,10,G02,hidro,94.169
2026-02-05 10:00,5,2,10,G03,hidro,199.819
2026-02-05 10:00,5,2,10,G04,hidro,247.289
2026-02-05 10:00,5,2,10,G05,hidro,265.398
2026-02-05 10:00,5,2,10,G06,termo,177.079
2026-02-05 10:00,5,2,10,G07,termo,147.93
2026-02-05 10:00,5,2,10,G08,solar,111.049
2026-02-05 10:00,5,2,10,G09,solar,118.754
2026-02-05 10:00,5,2,10,G10,eolica,71.347
2026-02-05 11:00,5,2,11,G01,hidro,93.638
2026-02-05 11:00,5,2,11,G02,hidro,95.842
2026-02-05 11:00,5,2,11,G03,hidro,181.673
2026-02-05 11:00,5,2,11,G04,hidro,246.496
2026-02-05 11:00,5,2,11,G05,hidro,262.802
2026-02-05 11:00,5,2,11,G06,termo,151.014
2026-02-05 11:00,5,2,11,G07,termo,148.133
2026-02-05 11:00,5,2,11,G08,solar,126.736
2026-02-05 11:00,5,2,11,G09,solar,124.234
2026-02-05 11:00,5,2,11,G10,eolica,72.808
2026-02-05 12:00,5,2,12,G01,hidro,104.896
2026-02-05 12:00,5,2,12,G02,hidro,100.302
2026-02-05 12:00,5,2,12,G03,hidro,228.551
2026-02-05 12:00,5,2,12,G04,hidro,240.565
2026-02-05 12:00,5,2,12,G05,hidro,288.074
2026-02-05 12:00,5,2,12,G06,termo,170.725
2026-02-05 12:00,5,2,12,G07,termo,164.718
2026-02-05 12:00,5,2,12,G08,solar,143.524
2026-02-05 12:00,5,2,12,G09,solar,127.682
2026-02-05 12:00,5,2,12,G10,eolica,59.436
2026-02-05 13:00,5,2,13,G01,hidro,104.365
2026-02-05 13:00,5,2,13,G02,hidro,100.823
2026-02-05 13:00,5,2,13,G03,hidro,230.354
2026-02-05 13:00,5,2,13,G04,hidro,292.972
2026-02-05 13:00,5,2,13,G05,hidro,237.264
2026-02-05 13:00,5,2,13,G06,termo,169.25
2026-02-05 13:00,5,2,13,G07,termo,162.206
2026-02-05 13:00,5,2,13,G08,solar,129.312
2026-02-05 13:00,5,2,13,G09,solar,146.567
2026-02-05 13:00,5,2,13,G10,eolica,55.872
2026-02-05 14:00,5,2,14,G01,hidro,95.032
2026-02-05 14:00,5,2,14,G02,hidro,103.472
2026-02-05 14:00,5,2,14,G03,hidro,223.933
2026-02-05 14:00,5,2,14,G04,hidro,275.037
2026-02-05 14:00,5,2,14,G05,hidro,284.874
2026-02-05 14:00,5,2,14,G06,termo,171.337
2026-02-05 14:00,5,2,14,G07,termo,173.552
2026-02-05 14:00,5,2,14,G08,solar,147.306
2026-02-05 14:00,5,2,14,G09,solar,139.231
2026-02-05 14:00,5,2,14,G10,eolica,49.449
2026-02-05 15:00,5,2,15,G01,hidro,102.046
2026-02-05 15:00,5,2,15,G02,hidro,88.286
2026-02-05 15:00,5,2,15,G03,hidro,204.41
2026-02-05 15:00,5,2,15,G04,hidro,259.259
2026-02-05 15:00,5,2,15,G05,hidro,278.877
2026-02-05 15:00,5,2,15,G06,termo,166.924
2026-02-05 15:00,5,2,15,G07,termo,158.786
2026-02-05 15:00,5,2,15,G08,solar,129.598
2026-02-05 15:00,5,2,15,G09,solar,146.712
2026-02-05 15:00,5,2,15,G10,eolica,43.251
2026-02-05 16:00,5,2,16,G01,hidro,82.291
2026-02-05 16:00,5,2,16,G02,hidro,100.468
2026-02-05 16:00,5,2,16,G03,hidro,208.606
2026-02-05 16:00,5,2,16,G04,hidro,233.908
2026-02-05 16:00,5,2,16,G05,hidro,231.574
2026-02-05 16:00,5,2,16,G06,termo,143.569
2026-02-05 16:00,5,2,16,G07,termo,145.213
2026-02-05 16:00,5,2,16,G08,solar,71.01
2026-02-05 16:00,5,2,16,G09,solar,79.544
2026-02-05 16:00,5,2,16,G10,eolica,39.472
2026-02-05 17:00,5,2,17,G01,hidro,98.014
2026-02-05 17:00,5,2,17,G02,hidro,83.64
2026-02-05 17:00,5,2,17,G03,hidro,206.994
2026-02-05 17:00,5,2,17,G04,hidro,280.407
2026-02-05 17:00,5,2,17,G05,hidro,246.12
2026-02-05 17:00,5,2,17,G06,termo,162.362
2026-02-05 17:00,5,2,17,G07,termo,139.774
2026-02-05 17:00,5,2,17,G08,solar,73.955
2026-02-05 17:00,5,2,17,G09,solar,71.879
2026-02-05 17:00,5,2,17,G10,eolica,33.971
2026-02-05 18:00,5,2,18,G01,hidro,101.928
2026-02-05 18:00,5,2,18,G02,hidro,96.92
2026-02-05 18:00,5,2,18,G03,hidro,185.179
2026-02-05 18:00,5,2,18,G04,hidro,261.159
2026-02-05 18:00,5,2,18,G05,hidro,283.092
2026-02-05 18:00,5,2,18,G06,termo,170.422
2026-02-05 18:00,5,2,18,G07,termo,173.665
2026-02-05 18:00,5,2,18,G08,solar,12.778
2026-02-05 18:00,5,2,18,G09,solar,14.645
2026-02-05 18:00,5,2,18,G10,eolica,31.268
2026-02-05 19:00,5,2,19,G01,hidro,75.698
2026-02-05 19:00,5,2,19,G02,hidro,83.409
2026-02-05 19:00,5,2,19,G03,hidro,208.087
2026-02-05 19:00,5,2,19,G04,hidro,208.95
2026-02-05 19:00,5,2,19,G05,hidro,238.236
2026-02-05 19:00,5,2,19,G06,termo,152.098
2026-02-05 19:00,5,2,19,G07,termo,151.895
2026-02-05 19:00,5,2,19,G08,solar,13.081
2026-02-05 19:00,5,2,19,G09,solar,13.068
2026-02-05 19:00,5,2,19,G10,eolica,33.783
2026-02-05 20:00,5,2,20,G01,hidro,81.719
2026-02-05 20:00,5,2,20,G02,hidro,83.96
2026-02-05 20:00,5,2,20,G03,hidro,172.971
2026-02-05 20:00,5,2,20,G04,hidro,253.468
2026-02-05 20:00,5,2,20,G05,hidro,263.383
2026-02-05 20:00,5,2,20,G06,termo,139.869
2026-02-05 20:00,5,2,20,G07,termo,141.55
2026-02-05 20:00,5,2,20,G08,solar,0.0
2026-02-05 20:00,5,2,20,G09,solar,0.0
2026-02-05 20:00,5,2,20,G10,eolica,38.998
2026-02-05 21:00,5,2,21,G01,hidro,85.659
2026-02-05 21:00,5,2,21,G02,hidro,79.699
2026-02-05 21:00,5,2,21,G03,hidro,168.613
2026-02-05 21:00,5,2,21,G04,hidro,208.62
2026-02-05 21:00,5,2,21,G05,hidro,262.976
2026-02-05 21:00,5,2,21,G06,termo,127.858
2026-02-05 21:00,5,2,21,G07,termo,147.822
2026-02-05 21:00,5,2,21,G08,solar,0.0
2026-02-05 21:00,5,2,21,G09,solar,0.0
2026-02-05 21:00,5,2,21,G10,eolica,39.628
2026-02-05 22:00,5,2,22,G01,hidro,91.501
2026-02-05 22:00,5,2,22,G02,hidro,77.958
2026-02-05 22:00,5,2,22,G03,hidro,198.995
2026-02-05 22:00,5,2,22,G04,hidro,261.377
2026-02-05 22:00,5,2,22,G05,hidro,247.28
2026-02-05 22:00,5,2,22,G06,termo,126.503
2026-02-05 22:00,5,2,22,G07,termo,147.521
2026-02-05 22:00,5,2,22,G08,solar,0.0
2026-02-05 22:00,5,2,22,G09,solar,0.0
2026-02-05 22:00,5,2,22,G10,eolica,47.419
2026-02-05 23:00,5,2,23,G01,hidro,64.929
2026-02-05 23:00,5,2,23,G02,hidro,69.164
2026-02-05 23:00,5,2,23,G03,hidro,132.6
2026-02-05 23:00,5,2,23,G04,hidro,194.553
2026-02-05 23:00,5,2,23,G05,hidro,170.353
2026-02-05 23:00,5,2,23,G06,termo,105.917
2026-02-05 23:00,5,2,23,G07,termo,102.672
2026-02-05 23:00,5,2,23,G08,solar,0.0
2026-02-05 23:00,5,2,23,G09,solar,0.0
2026-02-05 23:00,5,2,23,G10,eolica,55.657
2026-02-06 00:00,5,3,0,G01,hidro,58.341
2026-02-06 00:00,5,3,0,G02,hidro,51.792
2026-02-06 00:00,5,3,0,G03,hidro,118.213
2026-02-06 00:00,5,3,0,G04,hidro,174.172
2026-02-06 00:00,5,3,0,G05,hidro,146.576
2026-02-06 00:00,5,3,0,G06,termo,104.915
2026-02-06 00:00,5,3,0,G07,termo,95.602
2026-02-06 00:00,5,3,0,G08,solar,0.0
2026-02-06 00:00,5,3,0,G09,solar,0.0
2026-02-06 00:00,5,3,0,G10,eolica,55.408
2026-02-06 01:00,5,3,1,G01,hidro,59.904
2026-02-06 01:00,5,3,1,G02,hidro,57.774
2026-02-06 01:00,5,3,1,G03,hidro,117.672
2026-02-06 01:00,5,3,1,G04,hidro,175.196
2026-02-06 01:00,5,3,1,G05,hidro,174.936
2026-02-06 01:00,5,3,1,G06,termo,88.618
2026-02-06 01:00,5,3,1,G07,termo,110.355
2026-02-06 01:00,5,3,1,G08,solar,0.0
2026-02-06 01:00,5,3,1,G09,solar,0.0
2026-02-06 01:00,5,3,1,G10,eolica,59.715
2026-02-06 02:00,5,3,2,G01,hidro,52.741
2026-02-06 02:00,5,3,2,G02,hidro,58.965
2026-02-06 02:00,5,3,2,G03,hidro,138.653
2026-02-06 02:00,5,3,2,G04,hidro,153.915
2026-02-06 02:00,5,3,2,G05,hidro,167.906
2026-02-06 02:00,5,3,2,G06,termo,96.883
2026-02-06 02:00,5,3,2,G07,termo,104.5
2026-02-06 02:00,5,3,2,G08,solar,0.0
2026-02-06 02:00,5,3,2,G09,solar,0.0
2026-02-06 02:00,5,3,2,G10,eolica,67.7
2026-02-06 03:00,5,3,3,G01,hidro,52.438
2026-02-06 03:00,5,3,3,G02,hidro,58.134
2026-02-06 03:00,5,3,3,G03,hidro,125.422
2026-02-06 03:00,5,3,3,G04,hidro,145.92
2026-02-06 03:00,5,3,3,G05,hidro,152.253
2026-02-06 03:00,5,3,3,G06,termo,87.463
2026-02-06 03:00,5,3,3,G07,termo,91.483
2026-02-06 03:00,5,3,3,G08,solar,0.0
2026-02-06 03:00,5,3,3,G09,solar,0.0
2026-02-06 03:00,5,3,3,G10,eolica,73.599
2026-02-06 04:00,5,3,4,G01,hidro,57.676
2026-02-06 04:00,5,3,4,G02,hidro,61.788
2026-02-06 04:00,5,3,4,G03,hidro,142.603
2026-02-06 04:00,5,3,4,G04,hidro,144.001
2026-02-06 04:00,5,3,4,G05,hidro,160.68
2026-02-06 04:00,5,3,4,G06,termo,101.629
2026-02-06 04:00,5,3,4,G07,termo,90.774
2026-02-06 04:00,5,3,4,G08,solar,0.0
2026-02-06 04:00,5,3,4,G09,solar,0.0
2026-02-06 04:00,5,3,4,G10,eolica,86.549
2026-02-06 05:00,5,3,5,G01,hidro,52.453
2026-02-06 05:00,5,3,5,G02,hidro,60.945
2026-02-06 05:00,5,3,5,G03,hidro,122.625
2026-02-06 05:00,5,3,5,G04,hidro,165.381
2026-02-06 05:00,5,3,5,G05,hidro,158.154
2026-02-06 05:00,5,3,5,G06,termo,97.582
2026-02-06 05:00,5,3,5,G07,termo,94.886
2026-02-06 05:00,5,3,5,G08,solar,0.0
2026-02-06 05:00,5,3,5,G09,solar,0.0
2026-02-06 05:00,5,3,5,G10,eolica,80.731
2026-02-06 06:00,5,3,6,G01,hidro,61.844
2026-02-06 06:00,5,3,6,G02,hidro,64.034
2026-02-06 06:00,5,3,6,G03,hidro,142.31
2026-02-06 06:00,5,3,6,G04,hidro,158.691
2026-02-06 06:00,5,3,6,G05,hidro,151.295
2026-02-06 06:00,5,3,6,G06,termo,97.512
2026-02-06 06:00,5,3,6,G07,termo,106.425
2026-02-06 06:00,5,3,6,G08,solar,0.0
2026-02-06 06:00,5,3,6,G09,solar,0.0
2026-02-06 06:00,5,3,6,G10,eolica,84.024
2026-02-06 07:00,5,3,7,G01,hidro,101.665
2026-02-06 07:00,5,3,7,G02,hidro,89.704
2026-02-06 07:00,5,3,7,G03,hidro,215.642
2026-02-06 07:00,5,3,7,G04,hidro,276.778
2026-02-06 07:00,5,3,7,G05,hidro,243.059
2026-02-06 07:00,5,3,7,G06,termo,154.157
2026-02-06 07:00,5,3,7,G07,termo,172.215
2026-02-06 07:00,5,3,7,G08,solar,38.556
2026-02-06 07:00,5,3,7,G09,solar,40.35
2026-02-06 07:00,5,3,7,G10,eolica,76.187
2026-02-06 08:00,5,3,8,G01,hidro,104.404
2026-02-06 08:00,5,3,8,G02,hidro,97.192
2026-02-06 08:00,5,3,8,G03,hidro,214.979
2026-02-06 08:00,5,3,8,G04,hidro,283.248
2026-02-06 08:00,5,3,8,G05,hidro,269.433
2026-02-06 08:00,5,3,8,G06,termo,153.502
2026-02-06 08:00,5,3,8,G07,termo,140.508
2026-02-06 08:00,5,3,8,G08,solar,39.591
2026-02-06 08:00,5,3,8,G09,solar,39.364
2026-02-06 08:00,5,3,8,G10,eolica,74.63
2026-02-06 09:00,5,3,9,G01,hidro,101.073
2026-02-06 09:00,5,3,9,G02,hidro,91.041
2026-02-06 09:00,5,3,9,G03,hidro,181.492
2026-02-06 09:00,5,3,9,G04,hidro,272.297
2026-02-06 09:00,5,3,9,G05,hidro,263.506
2026-02-06 09:00,5,3,9,G06,termo,168.407
2026-02-06 09:00,5,3,9,G07,termo,141.846
2026-02-06 09:00,5,3,9,G08,solar,114.355
2026-02-06 09:00,5,3,9,G09,solar,110.589
2026-02-06 09:00,5,3,9,G10,eolica,87.21
2026-02-06 10:00,5,3,10,G01,hidro,83.075
2026-02-06 10:00,5,3,10,G02,hidro,100.934
2026-02-06 10:00,5,3,10,G03,hidro,183.324
2026-02-06 10:00,5,3,10,G04,hidro,255.461
2026-02-06 10:00,5,3,10,G05,hidro,238.514
2026-02-06 10:00,5,3,10,G06,termo,167.767
2026-02-06 10:00,5,3,10,G07,termo,148.73
2026-02-06 10:00,5,3,10,G08,solar,120.512
2026-02-06 10:00,5,3,10,G09,solar,115.278
2026-02-06 10:00,5,3,10,G10,eolica,74.674
2026-02-06 11:00,5,3,11,G01,hidro,90.983
2026-02-06 11:00,5,3,11,G02,hidro,96.401
2026-02-06 11:00,5,3,11,G03,hidro,195.326
2026-02-06 11:00,5,3,11,G04,hidro,276.251
2026-02-06 11:00,5,3,11,G05,hidro,271.45
2026-02-06 11:00,5,3,11,G06,termo,167.789
2026-02-06 11:00,5,3,11,G07,termo,164.423
2026-02-06 11:00,5,3,11,G08,solar,126.057
2026-02-06 11:00,5,3,11,G09,solar,114.346
2026-02-06 11:00,5,3,11,G10,eolica,61.965
2026-02-06 12:00,5,3,12,G01,hidro,84.266
2026-02-06 12:00,5,3,12,G02,hidro,83.249
2026-02-06 12:00,5,3,12,G03,hidro,230.956
2026-02-06 12:00,5,3,12,G04,hidro,267.188
2026-02-06 12:00,5,3,12,G05,hidro,279.76
2026-02-06 12:00,5,3,12,G06,termo,155.7
2026-02-06 12:00,5,3,12,G07,termo,159.607
2026-02-06 12:00,5,3,12,G08,solar,133.517
2026-02-06 12:00,5,3,12,G09,solar,149.01
2026-02-06 12:00,5,3,12,G10,eolica,56.412
2026-02-06 13:00,5,3,13,G01,hidro,96.258
2026-02-06 13:00,5,3,13,G02,hidro,84.566
2026-02-06 13:00,5,3,13,G03,hidro,196.987
2026-02-06 13:00,5,3,13,G04,hidro,240.691
2026-02-06 13:00,5,3,13,G05,hidro,265.413
2026-02-06 13:00,5,3,13,G06,termo,156.474
2026-02-06 13:00,5,3,13,G07,termo,154.348
2026-02-06 13:00,5,3,13,G08,solar,130.272
2026-02-06 13:00,5,3,13,G09,solar,134.633
2026-02-06 13:00,5,3,13,G10,eolica,57.397
2026-02-06 14:00,5,3,14,G01,hidro,93.573
2026-02-06 14:00,5,3,14,G02,hidro,94.19
2026-02-06 14:00,5,3,14,G03,hidro,182.754
2026-02-06 14:00,5,3,14,G04,hidro,262.662
2026-02-06 14:00,5,3,14,G05,hidro,258.546
2026-02-06 14:00,5,3,14,G06,termo,150.447
2026-02-06 14:00,5,3,14,G07,termo,173.257
2026-02-06 14:00,5,3,14,G08,solar,140.146
2026-02-06 14:00,5,3,14,G09,solar,148.776
2026-02-06 14:00,5,3,14,G10,eolica,45.189
2026-02-06 15:00,5,3,15,G01,hidro,98.912
2026-02-06 15:00,5,3,15,G02,hidro,90.84
2026-02-06 15:00,5,3,15,G03,hidro,218.575
2026-02-06 15:00,5,3,15,G04,hidro,234.939
2026-02-06 15:00,5,3,15,G05,hidro,269.233
2026-02-06 15:00,5,3,15,G06,termo,169.493
2026-02-06 15:00,5,3,15,G07,termo,140.817
2026-02-06 15:00,5,3,15,G08,solar,141.401
2026-02-06 15:00,5,3,15,G09,solar,148.987
2026-02-06 15:00,5,3,15,G10,eolica,43.004
2026-02-06 16:00,5,3,16,G01,hidro,84.615
2026-02-06 16:00,5,3,16,G02,hidro,97.334
2026-02-06 16:00,5,3,16,G03,hidro,180.62
2026-02-06 16:00,5,3,16,G04,hidro,241.331
2026-02-06 16:00,5,3,16,G05,hidro,262.261
2026-02-06 16:00,5,3,16,G06,termo,153.529
2026-02-06 16:00,5,3,16,G07,termo,158.873
2026-02-06 16:00,5,3,16,G08,solar,75.144
2026-02-06 16:00,5,3,16,G09,solar,76.677
2026-02-06 16:00,5,3,16,G10,eolica,37.63
2026-02-06 17:00,5,3,17,G01,hidro,89.285
2026-02-06 17:00,5,3,17,G02,hidro,91.168
2026-02-06 17:00,5,3,17,G03,hidro,208.043
2026-02-06 17:00,5,3,17,G04,hidro,271.271
2026-02-06 17:00,5,3,17,G05,hidro,291.324
2026-02-06 17:00,5,3,17,G06,termo,168.639
2026-02-06 17:00,5,3,17,G07,termo,167.312
2026-02-06 17:00,5,3,17,G08,solar,77.656
2026-02-06 17:00,5,3,17,G09,solar,76.658
2026-02-06 17:00,5,3,17,G10,eolica,35.716
2026-02-06 18:00,5,3,18,G01,hidro,84.836
2026-02-06 18:00,5,3,18,G02,hidro,86.015
2026-02-06 18:00,5,3,18,G03,hidro,210.293
2026-02-06 18:00,5,3,18,G04,hidro,232.93
2026-02-06 18:00,5,3,18,G05,hidro,286.495
2026-02-06 18:00,5,3,18,G06,termo,145.139
2026-02-06 18:00,5,3,18,G07,termo,151.77
2026-02-06 18:00,5,3,18,G08,solar,13.156
2026-02-06 18:00,5,3,18,G09,solar,13.808
2026-02-06 18:00,5,3,18,G10,eolica,33.168
2026-02-06 19:00,5,3,19,G01,hidro,79.189
2026-02-06 19:00,5,3,19,G02,hidro,84.558
2026-02-06 19:00,5,3,19,G03,hidro,206.479
2026-02-06 19:00,5,3,19,G04,hidro,238.355
2026-02-06 19:00,5,3,19,G05,hidro,222.338
2026-02-06 19:00,5,3,19,G06,termo,131.902
2026-02-06 19:00,5,3,19,G07,termo,152.484
2026-02-06 19:00,5,3,19,G08,solar,14.367
2026-02-06 19:00,5,3,19,G09,solar,13.346
2026-02-06 19:00,5,3,19,G10,eolica,35.228
2026-02-06 20:00,5,3,20,G01,hidro,89.125
2026-02-06 20:00,5,3,20,G02,hidro,75.588
2026-02-06 20:00,5,3,20,G03,hidro,164.936
2026-02-06 20:00,5,3,20,G04,hidro,224.806
2026-02-06 20:00,5,3,20,G05,hidro,256.475
2026-02-06 20:00,5,3,20,G06,termo,154.744
2026-02-06 20:00,5,3,20,G07,termo,155.899
2026-02-06 20:00,5,3,20,G08,solar,0.0
2026-02-06 20:00,5,3,20,G09,solar,0.0
2026-02-06 20:00,5,3,20,G10,eolica,33.389
2026-02-06 21:00,5,3,21,G01,hidro,94.052
2026-02-06 21:00,5,3,21,G02,hidro,94.442
2026-02-06 21:00,5,3,21,G03,hidro,205.117
2026-02-06 21:00,5,3,21,G04,hidro,242.765
2026-02-06 21:00,5,3,21,G05,hidro,216.191
2026-02-06 21:00,5,3,21,G06,termo,152.805
2026-02-06 21:00,5,3,21,G07,termo,154.203
2026-02-06 21:00,5,3,21,G08,solar,0.0
2026-02-06 21:00,5,3,21,G09,solar,0.0
2026-02-06 21:00,5,3,21,G10,eolica,40.25
2026-02-06 22:00,5,3,22,G01,hidro,93.271
2026-02-06 22:00,5,3,22,G02,hidro,90.602
2026-02-06 22:00,5,3,22,G03,hidro,173.613
2026-02-06 22:00,5,3,22,G04,hidro,211.086
2026-02-06 22:00,5,3,22,G05,hidro,246.568
2026-02-06 22:00,5,3,22,G06,termo,129.409
2026-02-06 22:00,5,3,22,G07,termo,142.504
2026-02-06 22:00,5,3,22,G08,solar,0.0
2026-02-06 22:00,5,3,22,G09,solar,0.0
2026-02-06 22:00,5,3,22,G10,eolica,41.594
2026-02-06 23:00,5,3,23,G01,hidro,63.284
2026-02-06 23:00,5,3,23,G02,hidro,61.292
2026-02-06 23:00,5,3,23,G03,hidro,140.915
2026-02-06 23:00,5,3,23,G04,hidro,169.503
2026-02-06 23:00,5,3,23,G05,hidro,159.615
2026-02-06 23:00,5,3,23,G06,termo,103.758
2026-02-06 23:00,5,3,23,G07,termo,98.916
2026-02-06 23:00,5,3,23,G08,solar,0.0
2026-02-06 23:00,5,3,23,G09,solar,0.0
2026-02-06 23:00,5,3,23,G10,eolica,52.233
2026-02-07 00:00,5,4,0,G01,hidro,58.167
2026-02-07 00:00,5,4,0,G02,hidro,61.304
2026-02-07 00:00,5,4,0,G03,hidro,132.522
2026-02-07 00:00,5,4,0,G04,hidro,160.657
2026-02-07 00:00,5,4,0,G05,hidro,150.786
2026-02-07 00:00,5,4,0,G06,termo,91.677
2026-02-07 00:00,5,4,0,G07,termo,97.799
2026-02-07 00:00,5,4,0,G08,solar,0.0
2026-02-07 00:00,5,4,0,G09,solar,0.0
2026-02-07 00:00,5,4,0,G10,eolica,63.927
2026-02-07 01:00,5,4,1,G01,hidro,61.246
2026-02-07 01:00,5,4,1,G02,hidro,53.312
2026-02-07 01:00,5,4,1,G03,hidro,138.451
2026-02-07 01:00,5,4,1,G04,hidro,154.266
2026-02-07 01:00,5,4,1,G05,hidro,153.667
2026-02-07 01:00,5,4,1,G06,termo,89.281
2026-02-07 01:00,5,4,1,G07,termo,105.14
2026-02-07 01:00,5,4,1,G08,solar,0.0
2026-02-07 01:00,5,4,1,G09,solar,0.0
2026-02-07 01:00,5,4,1,G10,eolica,63.639
2026-02-07 02:00,5,4,2,G01,hidro,59.824
2026-02-07 02:00,5,4,2,G02,hidro,63.257
2026-02-07 02:00,5,4,2,G03,hidro,141.652
2026-02-07 02:00,5,4,2,G04,hidro,178.264
2026-02-07 02:00,5,4,2,G05,hidro,171.936
2026-02-07 02:00,5,4,2,G06,termo,103.405
2026-02-07 02:00,5,4,2,G07,termo,92.027
2026-02-07 02:00,5,4,2,G08,solar,0.0
2026-02-07 02:00,5,4,2,G09,solar,0.0
2026-02-07 02:00,5,4,2,G10,eolica,70.424
2026-02-07 03:00,5,4,3,G01,hidro,63.557
2026-02-07 03:00,5,4,3,G02,hidro,60.381
2026-02-07 03:00,5,4,3,G03,hidro,117.618
2026-02-07 03:00,5,4,3,G04,hidro,141.961
2026-02-07 03:00,5,4,3,G05,hidro,142.776
2026-02-07 03:00,5,4,3,G06,termo,87.618
2026-02-07 03:00,5,4,3,G07,termo,103.828
2026-02-07 03:00,5,4,3,G08,solar,0.0
2026-02-07 03:00,5,4,3,G09,solar,0.0
2026-02-07 03:00,5,4,3,G10,eolica,74.911
2026-02-07 04:00,5,4,4,G01,hidro,62.041
2026-02-07 04:00,5,4,4,G02,hidro,64.818
2026-02-07 04:00,5,4,4,G03,hidro,134.065
2026-02-07 04:00,5,4,4,G04,hidro,152.944
2026-02-07 04:00,5,4,4,G05,hidro,161.636
2026-02-07 04:00,5,4,4,G06,termo,102.151
2026-02-07 04:00,5,4,4,G07,termo,95.76
2026-02-07 04:00,5,4,4,G08,solar,0.0
2026-02-07 04:00,5,4,4,G09,solar,0.0
2026-02-07 04:00,5,4,4,G10,eolica,78.022
2026-02-07 05:00,5,4,5,G01,hidro,58.821
2026-02-07 05:00,5,4,5,G02,hidro,61.024
2026-02-07 05:00,5,4,5,G03,hidro,122.777
2026-02-07 05:00,5,4,5,G04,hidro,178.524
2026-02-07 05:00,5,4,5,G05,hidro,143.466
2026-02-07 05:00,5,4,5,G06,termo,97.923
2026-02-07 05:00,5,4,5,G07,termo,107.669
2026-02-07 05:00,5,4,5,G08,solar,0.0
2026-02-07 05:00,5,4,5,G09,solar,0.0
2026-02-07 05:00,5,4,5,G10,eolica,94.897
2026-02-07 06:00,5,4,6,G01,hidro,54.836
2026-02-07 06:00,5,4,6,G02,hidro,54.086
2026-02-07 06:00,5,4,6,G03,hidro,131.303
2026-02-07 06:00,5,4,6,G04,hidro,164.494
2026-02-07 06:00,5,4,6,G05,hidro,162.879
2026-02-07 06:00,5,4,6,G06,termo,98.247
2026-02-07 06:00,5,4,6,G07,termo,97.561
2026-02-07 06:00,5,4,6,G08,solar,0.0
2026-02-07 06:00,5,4,6,G09,solar,0.0
2026-02-07 06:00,5,4,6,G10,eolica,85.633
2026-02-07 07:00,5,4,7,G01,hidro,88.328
2026-02-07 07:00,5,4,7,G02,hidro,93.638
2026-02-07 07:00,5,4,7,G03,hidro,199.214
2026-02-07 07:00,5,4,7,G04,hidro,242.888
2026-02-07 07:00,5,4,7,G05,hidro,280.01
2026-02-07 07:00,5,4,7,G06,termo,170.235
2026-02-07 07:00,5,4,7,G07,termo,168.434
2026-02-07 07:00,5,4,7,G08,solar,38.773
2026-02-07 07:00,5,4,7,G09,solar,40.834
2026-02-07 07:00,5,4,7,G10,eolica,86.161
2026-02-07 08:00,5,4,8,G01,hidro,103.784
2026-02-07 08:00,5,4,8,G02,hidro,93.048
2026-02-07 08:00,5,4,8,G03,hidro,220.975
2026-02-07 08:00,5,4,8,G04,hidro,255.372
2026-02-07 08:00,5,4,8,G05,hidro,253.756
2026-02-07 08:00,5,4,8,G06,termo,151.223
2026-02-07 08:00,5,4,8,G07,termo,164.861
2026-02-07 08:00,5,4,8,G08,solar,44.941
2026-02-07 08:00,5,4,8,G09,solar,44.417
2026-02-07 08:00,5,4,8,G10,eolica,79.195
2026-02-07 09:00,5,4,9,G01,hidro,98.552
2026-02-07 09:00,5,4,9,G02,hidro,98.063
2026-02-07 09:00,5,4,9,G03,hidro,208.552
2026-02-07 09:00,5,4,9,G04,hidro,247.665
2026-02-07 09:00,5,4,9,G05,hidro,262.128
2026-02-07 09:00,5,4,9,G06,termo,168.6
2026-02-07 09:00,5,4,9,G07,termo,150.854
2026-02-07 09:00,5,4,9,G08,solar,119.098
2026-02-07 09:00,5,4,9,G09,solar,114.317
2026-02-07 09:00,5,4,9,G10,eolica,73.649
2026-02-07 10:00,5,4,10,G01,hidro,93.703
2026-02-07 10:00,5,4,10,G02,hidro,82.426
2026-02-07 10:00,5,4,10,G03,hidro,229.899
2026-02-07 10:00,5,4,10,G04,hidro,234.944
2026-02-07 10:00,5,4,10,G05,hidro,292.04
2026-02-07 10:00,5,4,10,G06,termo,159.317
2026-02-07 10:00,5,4,10,G07,termo,153.676
2026-02-07 10:00,5,4,10,G08,solar,115.327
2026-02-07 10:00,5,4,10,G09,solar,123.307
2026-02-07 10:00,5,4,10,G10,eolica,74.41
2026-02-07 11:00,5,4,11,G01,hidro,82.96
2026-02-07 11:00,5,4,11,G02,hidro,99.474
2026-02-07 11:00,5,4,11,G03,hidro,225.685
2026-02-07 11:00,5,4,11,G04,hidro,271.136
2026-02-07 11:00,5,4,11,G05,hidro,282.384
2026-02-07 11:00,5,4,11,G06,termo,165.651
2026-02-07 11:00,5,4,11,G07,termo,144.105
2026-02-07 11:00,5,4,11,G08,solar,124.992
2026-02-07 11:00,5,4,11,G09,solar,111.055
2026-02-07 11:00,5,4,11,G10,eolica,63.54
2026-02-07 12:00,5,4,12,G01,hidro,101.965
2026-02-07 12:00,5,4,12,G02,hidro,93.276
2026-02-07 12:00,5,4,12,G03,hidro,195.363
2026-02-07 12:00,5,4,12,G04,hidro,240.108
2026-02-07 12:00,5,4,12,G05,hidro,272.72
2026-02-07 12:00,5,4,12,G06,termo,141.28
2026-02-07 12:00,5,4,12,G07,termo,144.611
2026-02-07 12:00,5,4,12,G08,solar,139.075
2026-02-07 12:00,5,4,12,G09,solar,141.792
2026-02-07 12:00,5,4,12,G10,eolica,57.379
2026-02-07 13:00,5,4,13,G01,hidro,100.276
2026-02-07 13:00,5,4,13,G02,hidro,86.088
2026-02-07 13:00,5,4,13,G03,hidro,207.671
2026-02-07 13:00,5,4,13,G04,hidro,235.337
2026-02-07 13:00,5,4,13,G05,hidro,240.451
2026-02-07 13:00,5,4,13,G06,termo,147.112
2026-02-07 13:00,5,4,13,G07,termo,173.041
2026-02-07 13:00,5,4,13,G08,solar,128.066
2026-02-07 13:00,5,4,13,G09,solar,149.513
2026-02-07 13:00,5,4,13,G10,eolica,56.326
2026-02-07 14:00,5,4,14,G01,hidro,103.57
2026-02-07 14:00,5,4,14,G02,hidro,88.994
2026-02-07 14:00,5,4,14,G03,hidro,206.391
2026-02-07 14:00,5,4,14,G04,hidro,255.79
2026-02-07 14:00,5,4,14,G05,hidro,233.297
2026-02-07 14:00,5,4,14,G06,termo,146.523
2026-02-07 14:00,5,4,14,G07,termo,167.191
2026-02-07 14:00,5,4,14,G08,solar,127.754
2026-02-07 14:00,5,4,14,G09,solar,146.331
2026-02-07 14:00,5,4,14,G10,eolica,42.914
2026-02-07 15:00,5,4,15,G01,hidro,104.446
2026-02-07 15:00,5,4,15,G02,hidro,90.44
2026-02-07 15:00,5,4,15,G03,hidro,189.917
2026-02-07 15:00,5,4,15,G04,hidro,285.206
2026-02-07 15:00,5,4,15,G05,hidro,263.822
2026-02-07 15:00,5,4,15,G06,termo,170.221
2026-02-07 15:00,5,4,15,G07,termo,143.644
2026-02-07 15:00,5,4,15,G08,solar,149.511
2026-02-07 15:00,5,4,15,G09,solar,139.173
2026-02-07 15:00,5,4,15,G10,eolica,37.823
2026-02-07 16:00,5,4,16,G01,hidro,89.391
2026-02-07 16:00,5,4,16,G02,hidro,86.873
2026-02-07 16:00,5,4,16,G03,hidro,190.837
2026-02-07 16:00,5,4,16,G04,hidro,293.629
2026-02-07 16:00,5,4,16,G05,hidro,271.449
2026-02-07 16:00,5,4,16,G06,termo,157.079
2026-02-07 16:00,5,4,16,G07,termo,175.025
2026-02-07 16:00,5,4,16,G08,solar,73.72
2026-02-07 16:00,5,4,16,G09,solar,73.493
2026-02-07 16:00,5,4,16,G10,eolica,32.64
2026-02-07 17:00,5,4,17,G01,hidro,103.476
2026-02-07 17:00,5,4,17,G02,hidro,83.462
2026-02-07 17:00,5,4,17,G03,hidro,204.756
2026-02-07 17:00,5,4,17,G04,hidro,232.633
2026-02-07 17:00,5,4,17,G05,hidro,287.815
2026-02-07 17:00,5,4,17,G06,termo,161.546
2026-02-07 17:00,5,4,17,G07,termo,155.909
2026-02-07 17:00,5,4,17,G08,solar,75.569
2026-02-07 17:00,5,4,17,G09,solar,80.324
2026-02-07 17:00,5,4,17,G10,eolica,33.459
2026-02-07 18:00,5,4,18,G01,hidro,89.284
2026-02-07 18:00,5,4,18,G02,hidro,86.215
2026-02-07 18:00,5,4,18,G03,hidro,207.515
2026-02-07 18:00,5,4,18,G04,hidro,234.652
2026-02-07 18:00,5,4,18,G05,hidro,238.787
2026-02-07 18:00,5,4,18,G06,termo,160.728
2026-02-07 18:00,5,4,18,G07,termo,141.966
2026-02-07 18:00,5,4,18,G08,solar,14.357
2026-02-07 18:00,5,4,18,G09,solar,13.468
2026-02-07 18:00,5,4,18,G10,eolica,29.133
2026-02-07 19:00,5,4,19,G01,hidro,76.422
2026-02-07 19:00,5,4,19,G02,hidro,87.838
2026-02-07 19:00,5,4,19,G03,hidro,203.696
2026-02-07 19:00,5,4,19,G04,hidro,258.704
2026-02-07 19:00,5,4,19,G05,hidro,231.248
2026-02-07 19:00,5,4,19,G06,termo,151.736
2026-02-07 19:00,5,4,19,G07,termo,126.433
2026-02-07 19:00,5,4,19,G08,solar,13.006
2026-02-07 19:00,5,4,19,G09,solar,14.096
2026-02-07 19:00,5,4,19,G10,eolica,36.436
2026-02-07 20:00,5,4,20,G01,hidro,75.052
2026-02-07 20:00,5,4,20,G02,hidro,76.387
2026-02-07 20:00,5,4,20,G03,hidro,206.209
2026-02-07 20:00,5,4,20,G04,hidro,228.526
2026-02-07 20:00,5,4,20,G05,hidro,230.715
2026-02-07 20:00,5,4,20,G06,termo,139.997
2026-02-07 20:00,5,4,20,G07,termo,160.633
2026-02-07 20:00,5,4,20,G08,solar,0.0
2026-02-07 20:00,5,4,20,G09,solar,0.0
2026-02-07 20:00,5,4,20,G10,eolica,35.933
2026-02-07 21:00,5,4,21,G01,hidro,87.821
2026-02-07 21:00,5,4,21,G02,hidro,91.366
2026-02-07 21:00,5,4,21,G03,hidro,182.943
2026-02-07 21:00,5,4,21,G04,hidro,251.41
2026-02-07 21:00,5,4,21,G05,hidro,208.937
2026-02-07 21:00,5,4,21,G06,termo,152.369
2026-02-07 21:00,5,4,21,G07,termo,135.789
2026-02-07 21:00,5,4,21,G08,solar,0.0
2026-02-07 21:00,5,4,21,G09,solar,0.0
2026-02-07 21:00,5,4,21,G10,eolica,36.132
2026-02-07 22:00,5,4,22,G01,hidro,84.644
2026-02-07 22:00,5,4,22,G02,hidro,79.503
2026-02-07 22:00,5,4,22,G03,hidro,171.433
2026-02-07 22:00,5,4,22,G04,hidro,231.043
2026-02-07 22:00,5,4,22,G05,hidro,226.12
2026-02-07 22:00,5,4,22,G06,termo,149.634
2026-02-07 22:00,5,4,22,G07,termo,133.309
2026-02-07 22:00,5,4,22,G08,solar,0.0
2026-02-07 22:00,5,4,22,G09,solar,0.0
2026-02-07 22:00,5,4,22,G10,eolica,47.146
2026-02-07 23:00,5,4,23,G01,hidro,61.001
2026-02-07 23:00,5,4,23,G02,hidro,68.039
2026-02-07 23:00,5,4,23,G03,hidro,142.978
2026-02-07 23:00,5,4,23,G04,hidro,158.278
2026-02-07 23:00,5,4,23,G05,hidro,186.943
2026-02-07 23:00,5,4,23,G06,termo,118.981
2026-02-07 23:00,5,4,23,G07,termo,93.701
2026-02-07 23:00,5,4,23,G08,solar,0.0
2026-02-07 23:00,5,4,23,G09,solar,0.0
2026-02-07 23:00,5,4,23,G10,eolica,50.466
2026-02-08 00:00,5,5,0,G01,hidro,62.332
2026-02-08 00:00,5,5,0,G02,hidro,54.874
2026-02-08 00:00,5,5,0,G03,hidro,124.194
2026-02-08 00:00,5,5,0,G04,hidro,148.633
2026-02-08 00:00,5,5,0,G05,hidro,178.729
2026-02-08 00:00,5,5,0,G06,termo,109.032
2026-02-08 00:00,5,5,0,G07,termo,105.53
2026-02-08 00:00,5,5,0,G08,solar,0.0
2026-02-08 00:00,5,5,0,G09,solar,0.0
2026-02-08 00:00,5,5,0,G10,eolica,58.242
2026-02-08 01:00,5,5,1,G01,hidro,52.136
2026-02-08 01:00,5,5,1,G02,hidro,54.146
2026-02-08 01:00,5,5,1,G03,hidro,119.85
2026-02-08 01:00,5,5,1,G04,hidro,156.831
2026-02-08 01:00,5,5,1,G05,hidro,145.699
2026-02-08 01:00,5,5,1,G06,termo,91.611
2026-02-08 01:00,5,5,1,G07,termo,88.283
2026-02-08 01:00,5,5,1,G08,solar,0.0
2026-02-08 01:00,5,5,1,G09,solar,0.0
2026-02-08 01:00,5,5,1,G10,eolica,66.437
2026-02-08 02:00,5,5,2,G01,hidro,52.224
2026-02-08 02:00,5,5,2,G02,hidro,61.901
2026-02-08 02:00,5,5,2,G03,hidro,129.736
2026-02-08 02:00,5,5,2,G04,hidro,159.608
2026-02-08 02:00,5,5,2,G05,hidro,155.016
2026-02-08 02:00,5,5,2,G06,termo,89.902
2026-02-08 02:00,5,5,2,G07,termo,96.792
2026-02-08 02:00,5,5,2,G08,solar,0.0
2026-02-08 02:00,5,5,2,G09,solar,0.0
2026-02-08 02:00,5,5,2,G10,eolica,73.168
2026-02-08 03:00,5,5,3,G01,hidro,63.347
2026-02-08 03:00,5,5,3,G02,hidro,63.671
2026-02-08 03:00,5,5,3,G03,hidro,141.356
2026-02-08 03:00,5,5,3,G04,hidro,159.369
2026-02-08 03:00,5,5,3,G05,hidro,151.947
2026-02-08 03:00,5,5,3,G06,termo,105.117
2026-02-08 03:00,5,5,3,G07,termo,108.478
2026-02-08 03:00,5,5,3,G08,solar,0.0
2026-02-08 03:00,5,5,3,G09,solar,0.0
2026-02-08 03:00,5,5,3,G10,eolica,72.927
2026-02-08 04:00,5,5,4,G01,hidro,51.796
2026-02-08 04:00,5,5,4,G02,hidro,56.974
2026-02-08 04:00,5,5,4,G03,hidro,123.488
2026-02-08 04:00,5,5,4,G04,hidro,145.277
2026-02-08 04:00,5,5,4,G05,hidro,146.652
2026-02-08 04:00,5,5,4,G06,termo,102.239
2026-02-08 04:00,5,5,4,G07,termo,110.138
2026-02-08 04:00,5,5,4,G08,solar,0.0
2026-02-08 04:00,5,5,4,G09,solar,0.0
2026-02-08 04:00,5,5,4,G10,eolica,79.409
2026-02-08 05:00,5,5,5,G01,hidro,58.127
2026-02-08 05:00,5,5,5,G02,hidro,57.336
2026-02-08 05:00,5,5,5,G03,hidro,127.195
2026-02-08 05:00,5,5,5,G04,hidro,147.505
2026-02-08 05:00,5,5,5,G05,hidro,146.051
2026-02-08 05:00,5,5,5,G06,termo,98.193
2026-02-08 05:00,5,5,5,G07,termo,109.466
2026-02-08 05:00,5,5,5,G08,solar,0.0
2026-02-08 05:00,5,5,5,G09,solar,0.0
2026-02-08 05:00,5,5,5,G10,eolica,85.695
2026-02-08 06:00,5,5,6,G01,hidro,54.705
2026-02-08 06:00,5,5,6,G02,hidro,53.6
2026-02-08 06:00,5,5,6,G03,hidro,137.017
2026-02-08 06:00,5,5,6,G04,hidro,168.19
2026-02-08 06:00,5,5,6,G05,hidro,151.561
2026-02-08 06:00,5,5,6,G06,termo,99.58
2026-02-08 06:00,5,5,6,G07,termo,107.95
2026-02-08 06:00,5,5,6,G08,solar,0.0
2026-02-08 06:00,5,5,6,G09,solar,0.0
2026-02-08 06:00,5,5,6,G10,eolica,85.116
2026-02-08 07:00,5,5,7,G01,hidro,99.052
2026-02-08 07:00,5,5,7,G02,hidro,101.196
2026-02-08 07:00,5,5,7,G03,hidro,230.305
2026-02-08 07:00,5,5,7,G04,hidro,272.374
2026-02-08 07:00,5,5,7,G05,hidro,271.723
2026-02-08 07:00,5,5,7,G06,termo,171.551
2026-02-08 07:00,5,5,7,G07,termo,164.054
2026-02-08 07:00,5,5,7,G08,solar,42.863
2026-02-08 07:00,5,5,7,G09,solar,42.278
2026-02-08 07:00,5,5,7,G10,eolica,82.515
2026-02-08 08:00,5,5,8,G01,hidro,93.508
2026-02-08 08:00,5,5,8,G02,hidro,104.313
2026-02-08 08:00,5,5,8,G03,hidro,204.425
2026-02-08 08:00,5,5,8,G04,hidro,259.741
2026-02-08 08:00,5,5,8,G05,hidro,248.0
2026-02-08 08:00,5,5,8,G06,termo,174.756
2026-02-08 08:00,5,5,8,G07,termo,148.098
2026-02-08 08:00,5,5,8,G08,solar,41.879
2026-02-08 08:00,5,5,8,G09,solar,41.428
2026-02-08 08:00,5,5,8,G10,eolica,89.994
2026-02-08 09:00,5,5,9,G01,hidro,98.603
2026-02-08 09:00,5,5,9,G02,hidro,85.091
2026-02-08 09:00,5,5,9,G03,hidro,218.406
2026-02-08 09:00,5,5,9,G04,hidro,244.409
2026-02-08 09:00,5,5,9,G05,hidro,273.23
2026-02-08 09:00,5,5,9,G06,termo,158.003
2026-02-08 09:00,5,5,9,G07,termo,164.485
2026-02-08 09:00,5,5,9,G08,solar,111.843
2026-02-08 09:00,5,5,9,G09,solar,123.776
2026-02-08 09:00,5,5,9,G10,eolica,81.651
2026-02-08 10:00,5,5,10,G01,hidro,89.627
2026-02-08 10:00,5,5,10,G02,hidro,102.86
2026-02-08 10:00,5,5,10,G03,hidro,226.737
2026-02-08 10:00,5,5,10,G04,hidro,291.524
2026-02-08 10:00,5,5,10,G05,hidro,242.879
2026-02-08 10:00,5,5,10,G06,termo,164.929
2026-02-08 10:00,5,5,10,G07,termo,143.816
2026-02-08 10:00,5,5,10,G08,solar,112.247
2026-02-08 10:00,5,5,10,G09,solar,124.728
2026-02-08 10:00,5,5,10,G10,eolica,66.456
2026-02-08 11:00,5,5,11,G01,hidro,94.711
2026-02-08 11:00,5,5,11,G02,hidro,103.374
2026-02-08 11:00,5,5,11,G03,hidro,220.552
2026-02-08 11:00,5,5,11,G04,hidro,243.669
2026-02-08 11:00,5,5,11,G05,hidro,251.633
2026-02-08 11:00,5,5,11,G06,termo,159.914
2026-02-08 11:00,5,5,11,G07,termo,141.865
2026-02-08 11:00,5,5,11,G08,solar,122.257
2026-02-08 11:00,5,5,11,G09,solar,112.273
2026-02-08 11:00,5,5,11,G10,eolica,68.135
2026-02-08 12:00,5,5,12,G01,hidro,102.668
2026-02-08 12:00,5,5,12,G02,hidro,90.312
2026-02-08 12:00,5,5,12,G03,hidro,185.858
2026-02-08 12:00,5,5,12,G04,hidro,237.894
2026-02-08 12:00,5,5,12,G05,hidro,234.721
2026-02-08 12:00,5,5,12,G06,termo,169.687
2026-02-08 12:00,5,5,12,G07,termo,149.694
2026-02-08 12:00,5,5,12,G08,solar,140.851
2026-02-08 12:00,5,5,12,G09,solar,144.491
2026-02-08 12:00,5,5,12,G10,eolica,53.132
2026-02-08 13:00,5,5,13,G01,hidro,84.807
2026-02-08 13:00,5,5,13,G02,hidro,87.453
2026-02-08 13:00,5,5,13,G03,hidro,184.985
2026-02-08 13:00,5,5,13,G04,hidro,256.593
2026-02-08 13:00,5,5,13,G05,hidro,243.524
2026-02-08 13:00,5,5,13,G06,termo,174.335
2026-02-08 13:00,5,5,13,G07,termo,150.323
2026-02-08 13:00,5,5,13,G08,solar,139.656
2026-02-08 13:00,5,5,13,G09,solar,138.587
2026-02-08 13:00,5,5,13,G10,eolica,55.145
2026-02-08 14:00,5,5,14,G01,hidro,87.434
2026-02-08 14:00,5,5,14,G02,hidro,89.872
2026-02-08 14:00,5,5,14,G03,hidro,188.751
2026-02-08 14:00,5,5,14,G04,hidro,285.349
2026-02-08 14:00,5,5,14,G05,hidro,277.284
2026-02-08 14:00,5,5,14,G06,termo,145.433
2026-02-08 14:00,5,5,14,G07,termo,160.38
2026-02-08 14:00,5,5,14,G08,solar,132.9
2026-02-08 14:00,5,5,14,G09,solar,130.81
2026-02-08 14:00,5,5,14,G10,eolica,44.106
2026-02-08 15:00,5,5,15,G01,hidro,86.93
2026-02-08 15:00,5,5,15,G02,hidro,84.794
2026-02-08 15:00,5,5,15,G03,hidro,198.103
2026-02-08 15:00,5,5,15,G04,hidro,274.311
2026-02-08 15:00,5,5,15,G05,hidro,237.479
2026-02-08 15:00,5,5,15,G06,termo,178.03
2026-02-08 15:00,5,5,15,G07,termo,143.193
2026-02-08 15:00,5,5,15,G08,solar,138.85
2026-02-08 15:00,5,5,15,G09,solar,141.242
2026-02-08 15:00,5,5,15,G10,eolica,43.263
2026-02-08 16:00,5,5,16,G01,hidro,98.28
2026-02-08 16:00,5,5,16,G02,hidro,91.081
2026-02-08 16:00,5,5,16,G03,hidro,197.667
2026-02-08 16:00,5,5,16,G04,hidro,270.871
2026-02-08 16:00,5,5,16,G05,hidro,266.888
2026-02-08 16:00,5,5,16,G06,termo,146.184
2026-02-08 16:00,5,5,16,G07,termo,144.916
2026-02-08 16:00,5,5,16,G08,solar,70.793
2026-02-08 16:00,5,5,16,G09,solar,76.522
2026-02-08 16:00,5,5,16,G10,eolica,32.183
2026-02-08 17:00,5,5,17,G01,hidro,98.907
2026-02-08 17:00,5,5,17,G02,hidro,93.679
2026-02-08 17:00,5,5,17,G03,hidro,216.322
2026-02-08 17:00,5,5,17,G04,hidro,265.119
2026-02-08 17:00,5,5,17,G05,hidro,261.062
2026-02-08 17:00,5,5,17,G06,termo,173.365
2026-02-08 17:00,5,5,17,G07,termo,155.139
2026-02-08 17:00,5,5,17,G08,solar,73.886
2026-02-08 17:00,5,5,17,G09,solar,77.867
2026-02-08 17:00,5,5,17,G10,eolica,33.331
2026-02-08 18:00,5,5,18,G01,hidro,99.553
2026-02-08 18:00,5,5,18,G02,hidro,96.132
2026-02-08 18:00,5,5,18,G03,hidro,217.971
2026-02-08 18:00,5,5,18,G04,hidro,258.968
2026-02-08 18:00,5,5,18,G05,hidro,238.453
2026-02-08 18:00,5,5,18,G06,termo,165.512
2026-02-08 18:00,5,5,18,G07,termo,154.939
2026-02-08 18:00,5,5,18,G08,solar,14.577
2026-02-08 18:00,5,5,18,G09,solar,14.701
2026-02-08 18:00,5,5,18,G10,eolica,33.387
2026-02-08 19:00,5,5,19,G01,hidro,76.301
2026-02-08 19:00,5,5,19,G02,hidro,87.933
2026-02-08 19:00,5,5,19,G03,hidro,187.239
2026-02-08 19:00,5,5,19,G04,hidro,234.949
2026-02-08 19:00,5,5,19,G05,hidro,257.639
2026-02-08 19:00,5,5,19,G06,termo,158.129
2026-02-08 19:00,5,5,19,G07,termo,127.856
2026-02-08 19:00,5,5,19,G08,solar,14.558
2026-02-08 19:00,5,5,19,G09,solar,13.899
2026-02-08 19:00,5,5,19,G10,eolica,35.277
2026-02-08 20:00,5,5,20,G01,hidro,77.705
2026-02-08 20:00,5,5,20,G02,hidro,77.358
2026-02-08 20:00,5,5,20,G03,hidro,172.265
2026-02-08 20:00,5,5,20,G04,hidro,232.558
2026-02-08 20:00,5,5,20,G05,hidro,229.077
2026-02-08 20:00,5,5,20,G06,termo,145.27
2026-02-08 20:00,5,5,20,G07,termo,146.291
2026-02-08 20:00,5,5,20,G08,solar,0.0
2026-02-08 20:00,5,5,20,G09,solar,0.0
2026-02-08 20:00,5,5,20,G10,eolica,32.926
2026-02-08 21:00,5,5,21,G01,hidro,85.328
2026-02-08 21:00,5,5,21,G02,hidro,76.462
2026-02-08 21:00,5,5,21,G03,hidro,198.923
2026-02-08 21:00,5,5,21,G04,hidro,211.014
2026-02-08 21:00,5,5,21,G05,hidro,211.448
2026-02-08 21:00,5,5,21,G06,termo,132.249
2026-02-08 21:00,5,5,21,G07,termo,126.111
2026-02-08 21:00,5,5,21,G08,solar,0.0
2026-02-08 21:00,5,5,21,G09,solar,0.0
2026-02-08 21:00,5,5,21,G10,eolica,44.514
2026-02-08 22:00,5,5,22,G01,hidro,84.081
2026-02-08 22:00,5,5,22,G02,hidro,83.385
2026-02-08 22:00,5,5,22,G03,hidro,189.449
2026-02-08 22:00,5,5,22,G04,hidro,245.722
2026-02-08 22:00,5,5,22,G05,hidro,235.417
2026-02-08 22:00,5,5,22,G06,termo,146.426
2026-02-08 22:00,5,5,22,G07,termo,157.53
2026-02-08 22:00,5,5,22,G08,solar,0.0
2026-02-08 22:00,5,5,22,G09,solar,0.0
2026-02-08 22:00,5,5,22,G10,eolica,46.452
2026-02-08 23:00,5,5,23,G01,hidro,68.894
2026-02-08 23:00,5,5,23,G02,hidro,60.659
2026-02-08 23:00,5,5,23,G03,hidro,135.987
2026-02-08 23:00,5,5,23,G04,hidro,174.934
2026-02-08 23:00,5,5,23,G05,hidro,184.248
2026-02-08 23:00,5,5,23,G06,termo,106.63
2026-02-08 23:00,5,5,23,G07,termo,118.053
2026-02-08 23:00,5,5,23,G08,solar,0.0
2026-02-08 23:00,5,5,23,G09,solar,0.0
2026-02-08 23:00,5,5,23,G10,eolica,51.418
2026-02-09 00:00,5,6,0,G01,hidro,59.956
2026-02-09 00:00,5,6,0,G02,hidro,63.165
2026-02-09 00:00,5,6,0,G03,hidro,135.527
2026-02-09 00:00,5,6,0,G04,hidro,174.569
2026-02-09 00:00,5,6,0,G05,hidro,174.575
2026-02-09 00:00,5,6,0,G06,termo,94.722
2026-02-09 00:00,5,6,0,G07,termo,98.791
2026-02-09 00:00,5,6,0,G08,solar,0.0
2026-02-09 00:00,5,6,0,G09,solar,0.0
2026-02-09 00:00,5,6,0,G10,eolica,59.68
2026-02-09 01:00,5,6,1,G01,hidro,63.403
2026-02-09 01:00,5,6,1,G02,hidro,58.523
2026-02-09 01:00,5,6,1,G03,hidro,140.153
2026-02-09 01:00,5,6,1,G04,hidro,142.255
2026-02-09 01:00,5,6,1,G05,hidro,155.687
2026-02-09 01:00,5,6,1,G06,termo,102.893
2026-02-09 01:00,5,6,1,G07,termo,104.349
2026-02-09 01:00,5,6,1,G08,solar,0.0
2026-02-09 01:00,5,6,1,G09,solar,0.0
2026-02-09 01:00,5,6,1,G10,eolica,72.261
2026-02-09 02:00,5,6,2,G01,hidro,62.245
2026-02-09 02:00,5,6,2,G02,hidro,54.956
2026-02-09 02:00,5,6,2,G03,hidro,141.578
2026-02-09 02:00,5,6,2,G04,hidro,147.945
2026-02-09 02:00,5,6,2,G05,hidro,155.091
2026-02-09 02:00,5,6,2,G06,termo,102.011
2026-02-09 02:00,5,6,2,G07,termo,108.098
2026-02-09 02:00,5,6,2,G08,solar,0.0
2026-02-09 02:00,5,6,2,G09,solar,0.0
2026-02-09 02:00,5,6,2,G10,eolica,77.966
2026-02-09 03:00,5,6,3,G01,hidro,55.773
2026-02-09 03:00,5,6,3,G02,hidro,56.592
2026-02-09 03:00,5,6,3,G03,hidro,118.468
2026-02-09 03:00,5,6,3,G04,hidro,155.532
2026-02-09 03:00,5,6,3,G05,hidro,179.867
2026-02-09 03:00,5,6,3,G06,termo,88.942
2026-02-09 03:00,5,6,3,G07,termo,102.545
2026-02-09 03:00,5,6,3,G08,solar,0.0
2026-02-09 03:00,5,6,3,G09,solar,0.0
2026-02-09 03:00,5,6,3,G10,eolica,76.776
2026-02-09 04:00,5,6,4,G01,hidro,54.256
2026-02-09 04:00,5,6,4,G02,hidro,62.149
2026-02-09 04:00,5,6,4,G03,hidro,125.425
2026-02-09 04:00,5,6,4,G04,hidro,181.712
2026-02-09 04:00,5,6,4,G05,hidro,144.508
2026-02-09 04:00,5,6,4,G06,termo,94.344
2026-02-09 04:00,5,6,4,G07,termo,110.282
2026-02-09 04:00,5,6,4,G08,solar,0.0
2026-02-09 04:00,5,6,4,G09,solar,0.0
2026-02-09 04:00,5,6,4,G10,eolica,91.308
2026-02-09 05:00,5,6,5,G01,hidro,57.829
2026-02-09 05:00,5,6,5,G02,hidro,59.016
2026-02-09 05:00,5,6,5,G03,hidro,138.917
2026-02-09 05:00,5,6,5,G04,hidro,162.924
2026-02-09 05:00,5,6,5,G05,hidro,151.962
2026-02-09 05:00,5,6,5,G06,termo,105.661
2026-02-09 05:00,5,6,5,G07,termo,94.157
2026-02-09 05:00,5,6,5,G08,solar,0.0
2026-02-09 05:00,5,6,5,G09,solar,0.0
2026-02-09 05:00,5,6,5,G10,eolica,92.938
2026-02-09 06:00,5,6,6,G01,hidro,53.91
2026-02-09 06:00,5,6,6,G02,hidro,54.192
2026-02-09 06:00,5,6,6,G03,hidro,118.932
2026-02-09 06:00,5,6,6,G04,hidro,142.584
2026-02-09 06:00,5,6,6,G05,hidro,144.497
2026-02-09 06:00,5,6,6,G06,termo,103.813
2026-02-09 06:00,5,6,6,G07,termo,93.099
2026-02-09 06:00,5,6,6,G08,solar,0.0
2026-02-09 06:00,5,6,6,G09,solar,0.0
2026-02-09 06:00,5,6,6,G10,eolica,82.476
2026-02-09 07:00,5,6,7,G01,hidro,96.215
2026-02-09 07:00,5,6,7,G02,hidro,104.626
2026-02-09 07:00,5,6,7,G03,hidro,182.522
2026-02-09 07:00,5,6,7,G04,hidro,282.598
2026-02-09 07:00,5,6,7,G05,hidro,269.096
2026-02-09 07:00,5,6,7,G06,termo,175.991
2026-02-09 07:00,5,6,7,G07,termo,146.091
2026-02-09 07:00,5,6,7,G08,solar,39.608
2026-02-09 07:00,5,6,7,G09,solar,40.779
2026-02-09 07:00,5,6,7,G10,eolica,93.498
2026-02-09 08:00,5,6,8,G01,hidro,87.494
2026-02-09 08:00,5,6,8,G02,hidro,104.788
2026-02-09 08:00,5,6,8,G03,hidro,217.975
2026-02-09 08:00,5,6,8,G04,hidro,238.771
2026-02-09 08:00,5,6,8,G05,hidro,281.306
2026-02-09 08:00,5,6,8,G06,termo,140.956
2026-02-09 08:00,5,6,8,G07,termo,171.3
2026-02-09 08:00,5,6,8,G08,solar,43.029
2026-02-09 08:00,5,6,8,G09,solar,38.497
2026-02-09 08:00,5,6,8,G10,eolica,83.747
2026-02-09 09:00,5,6,9,G01,hidro,102.144
2026-02-09 09:00,5,6,9,G02,hidro,86.706
2026-02-09 09:00,5,6,9,G03,hidro,214.157
2026-02-09 09:00,5,6,9,G04,hidro,235.366
2026-02-09 09:00,5,6,9,G05,hidro,258.379
2026-02-09 09:00,5,6,9,G06,termo,147.884
2026-02-09 09:00,5,6,9,G07,termo,169.895
2026-02-09 09:00,5,6,9,G08,solar,119.909
2026-02-09 09:00,5,6,9,G09,solar,126.419
2026-02-09 09:00,5,6,9,G10,eolica,75.885
2026-02-09 10:00,5,6,10,G01,hidro,86.643
2026-02-09 10:00,5,6,10,G02,hidro,102.636
2026-02-09 10:00,5,6,10,G03,hidro,186.611
2026-02-09 10:00,5,6,10,G04,hidro,280.077
2026-02-09 10:00,5,6,10,G05,hidro,234.598
2026-02-09 10:00,5,6,10,G06,termo,152.048
2026-02-09 10:00,5,6,10,G07,termo,169.507
2026-02-09 10:00,5,6,10,G08,solar,121.365
2026-02-09 10:00,5,6,10,G09,solar,126.84
2026-02-09 10:00,5,6,10,G10,eolica,78.626
2026-02-09 11:00,5,6,11,G01,hidro,99.33
2026-02-09 11:00,5,6,11,G02,hidro,96.463
2026-02-09 11:00,5,6,11,G03,hidro,194.284
2026-02-09 11:00,5,6,11,G04,hidro,267.787
2026-02-09 11:00,5,6,11,G05,hidro,231.161
2026-02-09 11:00,5,6,11,G06,termo,165.002
2026-02-09 11:00,5,6,11,G07,termo,165.736
2026-02-09 11:00,5,6,11,G08,solar,112.911
2026-02-09 11:00,5,6,11,G09,solar,111.147
2026-02-09 11:00,5,6,11,G10,eolica,71.127
2026-02-09 12:00,5,6,12,G01,hidro,86.688
2026-02-09 12:00,5,6,12,G02,hidro,99.374
2026-02-09 12:00,5,6,12,G03,hidro,220.394
2026-02-09 12:00,5,6,12,G04,hidro,293.847
2026-02-09 12:00,5,6,12,G05,hidro,272.842
2026-02-09 12:00,5,6,12,G06,termo,176.328
2026-02-09 12:00,5,6,12,G07,termo,166.842
2026-02-09 12:00,5,6,12,G08,solar,148.494
2026-02-09 12:00,5,6,12,G09,solar,130.212
2026-02-09 12:00,5,6,12,G10,eolica,64.569
2026-02-09 13:00,5,6,13,G01,hidro,95.662
2026-02-09 13:00,5,6,13,G02,hidro,87.471
2026-02-09 13:00,5,6,13,G03,hidro,193.972
2026-02-09 13:00,5,6,13,G04,hidro,260.483
2026-02-09 13:00,5,6,13,G05,hidro,272.074
2026-02-09 13:00,5,6,13,G06,termo,169.637
2026-02-09 13:00,5,6,13,G07,termo,152.844
2026-02-09 13:00,5,6,13,G08,solar,141.998
2026-02-09 13:00,5,6,13,G09,solar,145.558
2026-02-09 13:00,5,6,13,G10,eolica,58.158
2026-02-09 14:00,5,6,14,G01,hidro,93.302
2026-02-09 14:00,5,6,14,G02,hidro,96.34
2026-02-09 14:00,5,6,14,G03,hidro,197.287
2026-02-09 14:00,5,6,14,G04,hidro,282.739
2026-02-09 14:00,5,6,14,G05,hidro,283.582
2026-02-09 14:00,5,6,14,G06,termo,155.472
2026-02-09 14:00,5,6,14,G07,termo,140.128
2026-02-09 14:00,5,6,14,G08,solar,134.162
2026-02-09 14:00,5,6,14,G09,solar,146.432
2026-02-09 14:00,5,6,14,G10,eolica,42.628
2026-02-09 15:00,5,6,15,G01,hidro,92.162
2026-02-09 15:00,5,6,15,G02,hidro,96.472
2026-02-09 15:00,5,6,15,G03,hidro,190.296
2026-02-09 15:00,5,6,15,G04,hidro,290.753
2026-02-09 15:00,5,6,15,G05,hidro,274.374
2026-02-09 15:00,5,6,15,G06,termo,162.016
2026-02-09 15:00,5,6,15,G07,termo,153.143
2026-02-09 15:00,5,6,15,G08,solar,143.61
2026-02-09 15:00,5,6,15,G09,solar,138.565
2026-02-09 15:00,5,6,15,G10,eolica,42.295
2026-02-09 16:00,5,6,16,G01,hidro,97.386
2026-02-09 16:00,5,6,16,G02,hidro,84.611
2026-02-09 16:00,5,6,16,G03,hidro,181.407
2026-02-09 16:00,5,6,16,G04,hidro,265.353
2026-02-09 16:00,5,6,16,G05,hidro,264.491
2026-02-09 16:00,5,6,16,G06,termo,169.095
2026-02-09 16:00,5,6,16,G07,termo,174.414
2026-02-09 16:00,5,6,16,G08,solar,78.963
2026-02-09 16:00,5,6,16,G09,solar,70.408
2026-02-09 16:00,5,6,16,G10,eolica,37.739
2026-02-09 17:00,5,6,17,G01,hidro,92.836
2026-02-09 17:00,5,6,17,G02,hidro,84.047
2026-02-09 17:00,5,6,17,G03,hidro,210.115
2026-02-09 17:00,5,6,17,G04,hidro,285.854
2026-02-09 17:00,5,6,17,G05,hidro,277.817
2026-02-09 17:00,5,6,17,G06,termo,164.577
2026-02-09 17:00,5,6,17,G07,termo,155.088
2026-02-09 17:00,5,6,17,G08,solar,77.617
2026-02-09 17:00,5,6,17,G09,solar,80.627
2026-02-09 17:00,5,6,17,G10,eolica,32.874
2026-02-09 18:00,5,6,18,G01,hidro,103.115
2026-02-09 18:00,5,6,18,G02,hidro,100.122
2026-02-09 18:00,5,6,18,G03,hidro,224.536
2026-02-09 18:00,5,6,18,G04,hidro,250.101
2026-02-09 18:00,5,6,18,G05,hidro,261.678
2026-02-09 18:00,5,6,18,G06,termo,142.276
2026-02-09 18:00,5,6,18,G07,termo,173.893
2026-02-09 18:00,5,6,18,G08,solar,14.384
2026-02-09 18:00,5,6,18,G09,solar,13.323
2026-02-09 18:00,5,6,18,G10,eolica,35.486
2026-02-09 19:00,5,6,19,G01,hidro,81.798
2026-02-09 19:00,5,6,19,G02,hidro,85.199
2026-02-09 19:00,5,6,19,G03,hidro,170.861
2026-02-09 19:00,5,6,19,G04,hidro,212.121
2026-02-09 19:00,5,6,19,G05,hidro,215.644
2026-02-09 19:00,5,6,19,G06,termo,154.518
2026-02-09 19:00,5,6,19,G07,termo,150.949
2026-02-09 19:00,5,6,19,G08,solar,12.835
2026-02-09 19:00,5,6,19,G09,solar,14.576
2026-02-09 19:00,5,6,19,G10,eolica,31.224
2026-02-09 20:00,5,6,20,G01,hidro,75.123
2026-02-09 20:00,5,6,20,G02,hidro,94.561
2026-02-09 20:00,5,6,20,G03,hidro,182.971
2026-02-09 20:00,5,6,20,G04,hidro,210.921
2026-02-09 20:00,5,6,20,G05,hidro,244.772
2026-02-09 20:00,5,6,20,G06,termo,155.211
2026-02-09 20:00,5,6,20,G07,termo,135.634
2026-02-09 20:00,5,6,20,G08,solar,0.0
2026-02-09 20:00,5,6,20,G09,solar,0.0
2026-02-09 20:00,5,6,20,G10,eolica,34.562
2026-02-09 21:00,5,6,21,G01,hidro,84.319
2026-02-09 21:00,5,6,21,G02,hidro,89.694
2026-02-09 21:00,5,6,21,G03,hidro,170.026
2026-02-09 21:00,5,6,21,G04,hidro,257.955
2026-02-09 21:00,5,6,21,G05,hidro,246.239
2026-02-09 21:00,5,6,21,G06,termo,131.091
2026-02-09 21:00,5,6,21,G07,termo,154.008
2026-02-09 21:00,5,6,21,G08,solar,0.0
2026-02-09 21:00,5,6,21,G09,solar,0.0
2026-02-09 21:00,5,6,21,G10,eolica,38.693
2026-02-09 22:00,5,6,22,G01,hidro,90.542
2026-02-09 22:00,5,6,22,G02,hidro,75.864
2026-02-09 22:00,5,6,22,G03,hidro,183.571
2026-02-09 22:00,5,6,22,G04,hidro,234.071
2026-02-09 22:00,5,6,22,G05,hidro,222.953
2026-02-09 22:00,5,6,22,G06,termo,133.06
2026-02-09 22:00,5,6,22,G07,termo,149.285
2026-02-09 22:00,5,6,22,G08,solar,0.0
2026-02-09 22:00,5,6,22,G09,solar,0.0
2026-02-09 22:00,5,6,22,G10,eolica,40.955
2026-02-09 23:00,5,6,23,G01,hidro,59.241
2026-02-09 23:00,5,6,23,G02,hidro,59.396
2026-02-09 23:00,5,6,23,G03,hidro,150.155
2026-02-09 23:00,5,6,23,G04,hidro,175.051
2026-02-09 23:00,5,6,23,G05,hidro,155.024
2026-02-09 23:00,5,6,23,G06,termo,113.086
2026-02-09 23:00,5,6,23,G07,termo,114.087
2026-02-09 23:00,5,6,23,G08,solar,0.0
2026-02-09 23:00,5,6,23,G09,solar,0.0
2026-02-09 23:00,5,6,23,G10,eolica,54.983
2026-02-10 00:00,6,0,0,G01,hidro,52.658
2026-02-10 00:00,6,0,0,G02,hidro,63.015
2026-02-10 00:00,6,0,0,G03,hidro,130.044
2026-02-10 00:00,6,0,0,G04,hidro,181.045
2026-02-10 00:00,6,0,0,G05,hidro,154.715
2026-02-10 00:00,6,0,0,G06,termo,89.116
2026-02-10 00:00,6,0,0,G07,termo,91.235
2026-02-10 00:00,6,0,0,G08,solar,0.0
2026-02-10 00:00,6,0,0,G09,solar,0.0
2026-02-10 00:00,6,0,0,G10,eolica,60.953
2026-02-10 01:00,6,0,1,G01,hidro,52.64
2026-02-10 01:00,6,0,1,G02,hidro,63.666
2026-02-10 01:00,6,0,1,G03,hidro,126.936
2026-02-10 01:00,6,0,1,G04,hidro,173.643
2026-02-10 01:00,6,0,1,G05,hidro,162.232
2026-02-10 01:00,6,0,1,G06,termo,92.437
2026-02-10 01:00,6,0,1,G07,termo,97.257
2026-02-10 01:00,6,0,1,G08,solar,0.0
2026-02-10 01:00,6,0,1,G09,solar,0.0
2026-02-10 01:00,6,0,1,G10,eolica,64.756
2026-02-10 02:00,6,0,2,G01,hidro,55.185
2026-02-10 02:00,6,0,2,G02,hidro,57.443
2026-02-10 02:00,6,0,2,G03,hidro,140.746
2026-02-10 02:00,6,0,2,G04,hidro,142.58
2026-02-10 02:00,6,0,2,G05,hidro,160.05
2026-02-10 02:00,6,0,2,G06,termo,91.457
2026-02-10 02:00,6,0,2,G07,termo,98.621
2026-02-10 02:00,6,0,2,G08,solar,0.0
2026-02-10 02:00,6,0,2,G09,solar,0.0
2026-02-10 02:00,6,0,2,G10,eolica,77.592
2026-02-10 03:00,6,0,3,G01,hidro,52.5
2026-02-10 03:00,6,0,3,G02,hidro,57.772
2026-02-10 03:00,6,0,3,G03,hidro,122.194
2026-02-10 03:00,6,0,3,G04,hidro,181.267
2026-02-10 03:00,6,0,3,G05,hidro,149.838
2026-02-10 03:00,6,0,3,G06,termo,95.017
2026-02-10 03:00,6,0,3,G07,termo,93.248
2026-02-10 03:00,6,0,3,G08,solar,0.0
2026-02-10 03:00,6,0,3,G09,solar,0.0
2026-02-10 03:00,6,0,3,G10,eolica,73.459
2026-02-10 04:00,6,0,4,G01,hidro,56.732
2026-02-10 04:00,6,0,4,G02,hidro,55.193
2026-02-10 04:00,6,0,4,G03,hidro,122.719
2026-02-10 04:00,6,0,4,G04,hidro,159.459
2026-02-10 04:00,6,0,4,G05,hidro,179.63
2026-02-10 04:00,6,0,4,G06,termo,90.156
2026-02-10 04:00,6,0,4,G07,termo,96.626
2026-02-10 04:00,6,0,4,G08,solar,0.0
2026-02-10 04:00,6,0,4,G09,solar,0.0
2026-02-10 04:00,6,0,4,G10,eolica,75.815
2026-02-10 05:00,6,0,5,G01,hidro,59.685
2026-02-10 05:00,6,0,5,G02,hidro,60.962
2026-02-10 05:00,6,0,5,G03,hidro,132.637
2026-02-10 05:00,6,0,5,G04,hidro,167.657
2026-02-10 05:00,6,0,5,G05,hidro,172.495
2026-02-10 05:00,6,0,5,G06,termo,101.423
2026-02-10 05:00,6,0,5,G07,termo,94.129
2026-02-10 05:00,6,0,5,G08,solar,0.0
2026-02-10 05:00,6,0,5,G09,solar,0.0
2026-02-10 05:00,6,0,5,G10,eolica,78.016
2026-02-10 06:00,6,0,6,G01,hidro,55.879
2026-02-10 06:00,6,0,6,G02,hidro,56.832
2026-02-10 06:00,6,0,6,G03,hidro,139.405
2026-02-10 06:00,6,0,6,G04,hidro,168.841
2026-02-10 06:00,6,0,6,G05,hidro,161.247
2026-02-10 06:00,6,0,6,G06,termo,105.818
2026-02-10 06:00,6,0,6,G07,termo,107.276
2026-02-10 06:00,6,0,6,G08,solar,0.0
2026-02-10 06:00,6,0,6,G09,solar,0.0
2026-02-10 06:00,6,0,6,G10,eolica,90.628
2026-02-10 07:00,6,0,7,G01,hidro,87.73
2026-02-10 07:00,6,0,7,G02,hidro,85.038
2026-02-10 07:00,6,0,7,G03,hidro,181.857
2026-02-10 07:00,6,0,7,G04,hidro,252.355
2026-02-10 07:00,6,0,7,G05,hidro,262.535
2026-02-10 07:00,6,0,7,G06,termo,139.702
2026-02-10 07:00,6,0,7,G07,termo,169.239
2026-02-10 07:00,6,0,7,G08,solar,43.418
2026-02-10 07:00,6,0,7,G09,solar,44.624
2026-02-10 07:00,6,0,7,G10,eolica,82.404
2026-02-10 08:00,6,0,8,G01,hidro,94.343
2026-02-10 08:00,6,0,8,G02,hidro,104.198
2026-02-10 08:00,6,0,8,G03,hidro,186.195
2026-02-10 08:00,6,0,8,G04,hidro,249.973
2026-02-10 08:00,6,0,8,G05,hidro,291.341
2026-02-10 08:00,6,0,8,G06,termo,141.0
2026-02-10 08:00,6,0,8,G07,termo,177.184
2026-02-10 08:00,6,0,8,G08,solar,43.57
2026-02-10 08:00,6,0,8,G09,solar,44.248
2026-02-10 08:00,6,0,8,G10,eolica,83.223
2026-02-10 09:00,6,0,9,G01,hidro,104.446
2026-02-10 09:00,6,0,9,G02,hidro,91.323
2026-02-10 09:00,6,0,9,G03,hidro,183.691
2026-02-10 09:00,6,0,9,G04,hidro,286.601
2026-02-10 09:00,6,0,9,G05,hidro,248.007
2026-02-10 09:00,6,0,9,G06,termo,157.508
2026-02-10 09:00,6,0,9,G07,termo,172.334
2026-02-10 09:00,6,0,9,G08,solar,124.158
2026-02-10 09:00,6,0,9,G09,solar,116.166
2026-02-10 09:00,6,0,9,G10,eolica,76.425
2026-02-10 10:00,6,0,10,G01,hidro,91.904
2026-02-10 10:00,6,0,10,G02,hidro,91.097
2026-02-10 10:00,6,0,10,G03,hidro,184.93
2026-02-10 10:00,6,0,10,G04,hidro,276.242
2026-02-10 10:00,6,0,10,G05,hidro,268.314
2026-02-10 10:00,6,0,10,G06,termo,177.536
2026-02-10 10:00,6,0,10,G07,termo,161.68
2026-02-10 10:00,6,0,10,G08,solar,112.098
2026-02-10 10:00,6,0,10,G09,solar,124.09
2026-02-10 10:00,6,0,10,G10,eolica,74.967
2026-02-10 11:00,6,0,11,G01,hidro,87.881
2026-02-10 11:00,6,0,11,G02,hidro,82.503
2026-02-10 11:00,6,0,11,G03,hidro,209.103
2026-02-10 11:00,6,0,11,G04,hidro,240.787
2026-02-10 11:00,6,0,11,G05,hidro,284.048
2026-02-10 11:00,6,0,11,G06,termo,151.782
2026-02-10 11:00,6,0,11,G07,termo,142.212
2026-02-10 11:00,6,0,11,G08,solar,124.818
2026-02-10 11:00,6,0,11,G09,solar,123.842
2026-02-10 11:00,6,0,11,G10,eolica,67.323
2026-02-10 12:00,6,0,12,G01,hidro,100.859
2026-02-10 12:00,6,0,12,G02,hidro,85.69
2026-02-10 12:00,6,0,12,G03,hidro,208.081
2026-02-10 12:00,6,0,12,G04,hidro,230.921
2026-02-10 12:00,6,0,12,G05,hidro,271.177
2026-02-10 12:00,6,0,12,G06,termo,161.049
2026-02-10 12:00,6,0,12,G07,termo,140.78
2026-02-10 12:00,6,0,12,G08,solar,129.076
2026-02-10 12:00,6,0,12,G09,solar,142.284
2026-02-10 12:00,6,0,12,G10,eolica,59.026
2026-02-10 13:00,6,0,13,G01,hidro,101.421
2026-02-10 13:00,6,0,13,G02,hidro,100.752
2026-02-10 13:00,6,0,13,G03,hidro,188.005
2026-02-10 13:00,6,0,13,G04,hidro,265.305
2026-02-10 13:00,6,0,13,G05,hidro,234.562
2026-02-10 13:00,6,0,13,G06,termo,167.954
2026-02-10 13:00,6,0,13,G07,termo,165.22
2026-02-10 13:00,6,0,13,G08,solar,137.685
2026-02-10 13:00,6,0,13,G09,solar,129.656
2026-02-10 13:00,6,0,13,G10,eolica,52.949
2026-02-10 14:00,6,0,14,G01,hidro,83.741
2026-02-10 14:00,6,0,14,G02,hidro,91.484
2026-02-10 14:00,6,0,14,G03,hidro,228.255
2026-02-10 14:00,6,0,14,G04,hidro,263.243
2026-02-10 14:00,6,0,14,G05,hidro,245.859
2026-02-10 14:00,6,0,14,G06,termo,141.512
2026-02-10 14:00,6,0,14,G07,termo,146.165
2026-02-10 14:00,6,0,14,G08,solar,139.561
2026-02-10 14:00,6,0,14,G09,solar,129.838
2026-02-10 14:00,6,0,14,G10,eolica,46.923
2026-02-10 15:00,6,0,15,G01,hidro,81.974
2026-02-10 15:00,6,0,15,G02,hidro,83.663
2026-02-10 15:00,6,0,15,G03,hidro,211.778
2026-02-10 15:00,6,0,15,G04,hidro,276.543
2026-02-10 15:00,6,0,15,G05,hidro,234.619
2026-02-10 15:00,6,0,15,G06,termo,164.578
2026-02-10 15:00,6,0,15,G07,termo,169.36
2026-02-10 15:00,6,0,15,G08,solar,128.33
2026-02-10 15:00,6,0,15,G09,solar,135.129
2026-02-10 15:00,6,0,15,G10,eolica,36.95
2026-02-10 16:00,6,0,16,G01,hidro,86.606
2026-02-10 16:00,6,0,16,G02,hidro,93.321
2026-02-10 16:00,6,0,16,G03,hidro,204.855
2026-02-10 16:00,6,0,16,G04,hidro,284.666
2026-02-10 16:00,6,0,16,G05,hidro,260.53
2026-02-10 16:00,6,0,16,G06,termo,171.377
2026-02-10 16:00,6,0,16,G07,termo,157.168
2026-02-10 16:00,6,0,16,G08,solar,76.321
2026-02-10 16:00,6,0,16,G09,solar,78.743
2026-02-10 16:00,6,0,16,G10,eolica,33.459
2026-02-10 17:00,6,0,17,G01,hidro,103.545
2026-02-10 17:00,6,0,17,G02,hidro,88.311
2026-02-10 17:00,6,0,17,G03,hidro,222.014
2026-02-10 17:00,6,0,17,G04,hidro,242.236
2026-02-10 17:00,6,0,17,G05,hidro,231.61
2026-02-10 17:00,6,0,17,G06,termo,158.607
2026-02-10 17:00,6,0,17,G07,termo,177.227
2026-02-10 17:00,6,0,17,G08,solar,79.734
2026-02-10 17:00,6,0,17,G09,solar,74.162
2026-02-10 17:00,6,0,17,G10,eolica,32.296
2026-02-10 18:00,6,0,18,G01,hidro,98.93
2026-02-10 18:00,6,0,18,G02,hidro,90.852
2026-02-10 18:00,6,0,18,G03,hidro,202.183
2026-02-10 18:00,6,0,18,G04,hidro,282.217
2026-02-10 18:00,6,0,18,G05,hidro,284.58
2026-02-10 18:00,6,0,18,G06,termo,176.521
2026-02-10 18:00,6,0,18,G07,termo,173.489
2026-02-10 18:00,6,0,18,G08,solar,12.996
2026-02-10 18:00,6,0,18,G09,solar,14.391
2026-02-10 18:00,6,0,18,G10,eolica,32.279
2026-02-10 19:00,6,0,19,G01,hidro,80.19
2026-02-10 19:00,6,0,19,G02,hidro,85.768
2026-02-10 19:00,6,0,19,G03,hidro,201.473
2026-02-10 19:00,6,0,19,G04,hidro,210.208
2026-02-10 19:00,6,0,19,G05,hidro,252.469
2026-02-10 19:00,6,0,19,G06,termo,149.685
2026-02-10 19:00,6,0,19,G07,termo,159.092
2026-02-10 19:00,6,0,19,G08,solar,13.782
2026-02-10 19:00,6,0,19,G09,solar,13.812
2026-02-10 19:00,6,0,19,G10,eolica,32.961
2026-02-10 20:00,6,0,20,G01,hidro,88.167
2026-02-10 20:00,6,0,20,G02,hidro,90.514
2026-02-10 20:00,6,0,20,G03,hidro,185.109
2026-02-10 20:00,6,0,20,G04,hidro,216.783
2026-02-10 20:00,6,0,20,G05,hidro,217.413
2026-02-10 20:00,6,0,20,G06,termo,151.121
2026-02-10 20:00,6,0,20,G07,termo,145.055
2026-02-10 20:00,6,0,20,G08,solar,0.0
2026-02-10 20:00,6,0,20,G09,solar,0.0
2026-02-10 20:00,6,0,20,G10,eolica,39.812
2026-02-10 21:00,6,0,21,G01,hidro,92.902
2026-02-10 21:00,6,0,21,G02,hidro,79.867
2026-02-10 21:00,6,0,21,G03,hidro,168.82
2026-02-10 21:00,6,0,21,G04,hidro,217.959
2026-02-10 21:00,6,0,21,G05,hidro,253.37
2026-02-10 21:00,6,0,21,G06,termo,158.664
2026-02-10 21:00,6,0,21,G07,termo,160.781
2026-02-10 21:00,6,0,21,G08,solar,0.0
2026-02-10 21:00,6,0,21,G09,solar,0.0
2026-02-10 21:00,6,0,21,G10,eolica,38.307
2026-02-10 22:00,6,0,22,G01,hidro,91.758
2026-02-10 22:00,6,0,22,G02,hidro,78.708
2026-02-10 22:00,6,0,22,G03,hidro,173.674
2026-02-10 22:00,6,0,22,G04,hidro,251.423
2026-02-10 22:00,6,0,22,G05,hidro,228.971
2026-02-10 22:00,6,0,22,G06,termo,139.578
2026-02-10 22:00,6,0,22,G07,termo,153.288
2026-02-10 22:00,6,0,22,G08,solar,0.0
2026-02-10 22:00,6,0,22,G09,solar,0.0
2026-02-10 22:00,6,0,22,G10,eolica,41.841
2026-02-10 23:00,6,0,23,G01,hidro,67.792
2026-02-10 23:00,6,0,23,G02,hidro,57.771
2026-02-10 23:00,6,0,23,G03,hidro,140.657
2026-02-10 23:00,6,0,23,G04,hidro,186.858
2026-02-10 23:00,6,0,23,G05,hidro,195.767
2026-02-10 23:00,6,0,23,G06,termo,106.726
2026-02-10 23:00,6,0,23,G07,termo,115.444
2026-02-10 23:00,6,0,23,G08,solar,0.0
2026-02-10 23:00,6,0,23,G09,solar,0.0
2026-02-10 23:00,6,0,23,G10,eolica,52.794
2026-02-11 00:00,6,1,0,G01,hidro,62.325
2026-02-11 00:00,6,1,0,G02,hidro,59.866
2026-02-11 00:00,6,1,0,G03,hidro,114.267
2026-02-11 00:00,6,1,0,G04,hidro,156.58
2026-02-11 00:00,6,1,0,G05,hidro,170.286
2026-02-11 00:00,6,1,0,G06,termo,86.358
2026-02-11 00:00,6,1,0,G07,termo,99.576
2026-02-11 00:00,6,1,0,G08,solar,0.0
2026-02-11 00:00,6,1,0,G09,solar,0.0
2026-02-11 00:00,6,1,0,G10,eolica,64.446
2026-02-11 01:00,6,1,1,G01,hidro,61.108
2026-02-11 01:00,6,1,1,G02,hidro,64.662
2026-02-11 01:00,6,1,1,G03,hidro,115.75
2026-02-11 01:00,6,1,1,G04,hidro,153.817
2026-02-11 01:00,6,1,1,G05,hidro,142.168
2026-02-11 01:00,6,1,1,G06,termo,101.19
2026-02-11 01:00,6,1,1,G07,termo,86.306
2026-02-11 01:00,6,1,1,G08,solar,0.0
2026-02-11 01:00,6,1,1,G09,solar,0.0
2026-02-11 01:00,6,1,1,G10,eolica,68.505
2026-02-11 02:00,6,1,2,G01,hidro,62.541
2026-02-11 02:00,6,1,2,G02,hidro,62.148
2026-02-11 02:00,6,1,2,G03,hidro,129.169
2026-02-11 02:00,6,1,2,G04,hidro,157.663
2026-02-11 02:00,6,1,2,G05,hidro,170.044
2026-02-11 02:00,6,1,2,G06,termo,87.616
2026-02-11 02:00,6,1,2,G07,termo,93.781
2026-02-11 02:00,6,1,2,G08,solar,0.0
2026-02-11 02:00,6,1,2,G09,solar,0.0
2026-02-11 02:00,6,1,2,G10,eolica,74.157
2026-02-11 03:00,6,1,3,G01,hidro,61.732
2026-02-11 03:00,6,1,3,G02,hidro,54.806
2026-02-11 03:00,6,1,3,G03,hidro,137.393
2026-02-11 03:00,6,1,3,G04,hidro,176.434
2026-02-11 03:00,6,1,3,G05,hidro,170.34
2026-02-11 03:00,6,1,3,G06,termo,102.143
2026-02-11 03:00,6,1,3,G07,termo,108.385
2026-02-11 03:00,6,1,3,G08,solar,0.0
2026-02-11 03:00,6,1,3,G09,solar,0.0
2026-02-11 03:00,6,1,3,G10,eolica,74.31
2026-02-11 04:00,6,1,4,G01,hidro,62.487
2026-02-11 04:00,6,1,4,G02,hidro,56.247
2026-02-11 04:00,6,1,4,G03,hidro,136.267
2026-02-11 04:00,6,1,4,G04,hidro,170.13
2026-02-11 04:00,6,1,4,G05,hidro,161.806
2026-02-11 04:00,6,1,4,G06,termo,102.141
2026-02-11 04:00,6,1,4,G07,termo,87.905
2026-02-11 04:00,6,1,4,G08,solar,0.0
2026-02-11 04:00,6,1,4,G09,solar,0.0
2026-02-11 04:00,6,1,4,G10,eolica,75.531
2026-02-11 05:00,6,1,5,G01,hidro,52.148
2026-02-11 05:00,6,1,5,G02,hidro,53.439
2026-02-11 05:00,6,1,5,G03,hidro,121.894
2026-02-11 05:00,6,1,5,G04,hidro,153.312
2026-02-11 05:00,6,1,5,G05,hidro,151.183
2026-02-11 05:00,6,1,5,G06,termo,97.082
2026-02-11 05:00,6,1,5,G07,termo,110.342
2026-02-11 05:00,6,1,5,G08,solar,0.0
2026-02-11 05:00,6,1,5,G09,solar,0.0
2026-02-11 05:00,6,1,5,G10,eolica,76.992
2026-02-11 06:00,6,1,6,G01,hidro,51.482
2026-02-11 06:00,6,1,6,G02,hidro,62.31
2026-02-11 06:00,6,1,6,G03,hidro,129.305
2026-02-11 06:00,6,1,6,G04,hidro,155.622
2026-02-11 06:00,6,1,6,G05,hidro,145.934
2026-02-11 06:00,6,1,6,G06,termo,97.865
2026-02-11 06:00,6,1,6,G07,termo,90.322
2026-02-11 06:00,6,1,6,G08,solar,0.0
2026-02-11 06:00,6,1,6,G09,solar,0.0
2026-02-11 06:00,6,1,6,G10,eolica,82.693
2026-02-11 07:00,6,1,7,G01,hidro,92.229
2026-02-11 07:00,6,1,7,G02,hidro,89.78
2026-02-11 07:00,6,1,7,G03,hidro,199.121
2026-02-11 07:00,6,1,7,G04,hidro,285.449
2026-02-11 07:00,6,1,7,G05,hidro,266.365
2026-02-11 07:00,6,1,7,G06,termo,173.298
2026-02-11 07:00,6,1,7,G07,termo,144.301
2026-02-11 07:00,6,1,7,G08,solar,41.524
2026-02-11 07:00,6,1,7,G09,solar,39.156
2026-02-11 07:00,6,1,7,G10,eolica,81.555
2026-02-11 08:00,6,1,8,G01,hidro,103.45
2026-02-11 08:00,6,1,8,G02,hidro,90.354
2026-02-11 08:00,6,1,8,G03,hidro,219.711
2026-02-11 08:00,6,1,8,G04,hidro,244.985
2026-02-11 08:00,6,1,8,G05,hidro,287.016
2026-02-11 08:00,6,1,8,G06,termo,149.755
2026-02-11 08:00,6,1,8,G07,termo,142.703
2026-02-11 08:00,6,1,8,G08,solar,42.861
2026-02-11 08:00,6,1,8,G09,solar,40.378
2026-02-11 08:00,6,1,8,G10,eolica,75.706
2026-02-11 09:00,6,1,9,G01,hidro,95.592
2026-02-11 09:00,6,1,9,G02,hidro,93.964
2026-02-11 09:00,6,1,9,G03,hidro,221.883
2026-02-11 09:00,6,1,9,G04,hidro,240.186
2026-02-11 09:00,6,1,9,G05,hidro,233.197
2026-02-11 09:00,6,1,9,G06,termo,158.663
2026-02-11 09:00,6,1,9,G07,termo,157.364
2026-02-11 09:00,6,1,9,G08,solar,113.204
2026-02-11 09:00,6,1,9,G09,solar,118.974
2026-02-11 09:00,6,1,9,G10,eolica,75.524
2026-02-11 10:00,6,1,10,G01,hidro,83.99
2026-02-11 10:00,6,1,10,G02,hidro,97.792
2026-02-11 10:00,6,1,10,G03,hidro,190.273
2026-02-11 10:00,6,1,10,G04,hidro,276.898
2026-02-11 10:00,6,1,10,G05,hidro,249.79
2026-02-11 10:00,6,1,10,G06,termo,139.273
2026-02-11 10:00,6,1,10,G07,termo,144.566
2026-02-11 10:00,6,1,10,G08,solar,116.08
2026-02-11 10:00,6,1,10,G09,solar,112.809
2026-02-11 10:00,6,1,10,G10,eolica,74.51
2026-02-11 11:00,6,1,11,G01,hidro,83.267
2026-02-11 11:00,6,1,11,G02,hidro,91.416
2026-02-11 11:00,6,1,11,G03,hidro,220.915
2026-02-11 11:00,6,1,11,G04,hidro,293.377
2026-02-11 11:00,6,1,11,G05,hidro,232.859
2026-02-11 11:00,6,1,11,G06,termo,167.262
2026-02-11 11:00,6,1,11,G07,termo,175.032
2026-02-11 11:00,6,1,11,G08,solar,119.142
2026-02-11 11:00,6,1,11,G09,solar,124.57
2026-02-11 11:00,6,1,11,G10,eolica,63.152
2026-02-11 12:00,6,1,12,G01,hidro,99.952
2026-02-11 12:00,6,1,12,G02,hidro,97.024
2026-02-11 12:00,6,1,12,G03,hidro,217.925
2026-02-11 12:00,6,1,12,G04,hidro,236.314
2026-02-11 12:00,6,1,12,G05,hidro,262.734
2026-02-11 12:00,6,1,12,G06,termo,142.536
2026-02-11 12:00,6,1,12,G07,termo,159.393
2026-02-11 12:00,6,1,12,G08,solar,128.968
2026-02-11 12:00,6,1,12,G09,solar,143.536
2026-02-11 12:00,6,1,12,G10,eolica,55.546
2026-02-11 13:00,6,1,13,G01,hidro,92.281
2026-02-11 13:00,6,1,13,G02,hidro,103.426
2026-02-11 13:00,6,1,13,G03,hidro,203.657
2026-02-11 13:00,6,1,13,G04,hidro,276.158
2026-02-11 13:00,6,1,13,G05,hidro,279.749
2026-02-11 13:00,6,1,13,G06,termo,173.842
2026-02-11 13:00,6,1,13,G07,termo,146.192
2026-02-11 13:00,6,1,13,G08,solar,127.95
2026-02-11 13:00,6,1,13,G09,solar,130.657
2026-02-11 13:00,6,1,13,G10,eolica,47.832
2026-02-11 14:00,6,1,14,G01,hidro,89.838
2026-02-11 14:00,6,1,14,G02,hidro,101.682
2026-02-11 14:00,6,1,14,G03,hidro,181.476
2026-02-11 14:00,6,1,14,G04,hidro,240.737
2026-02-11 14:00,6,1,14,G05,hidro,274.911
2026-02-11 14:00,6,1,14,G06,termo,168.224
2026-02-11 14:00,6,1,14,G07,termo,178.471
2026-02-11 14:00,6,1,14,G08,solar,144.58
2026-02-11 14:00,6,1,14,G09,solar,144.967
2026-02-11 14:00,6,1,14,G10,eolica,49.265
2026-02-11 15:00,6,1,15,G01,hidro,100.739
2026-02-11 15:00,6,1,15,G02,hidro,83.571
2026-02-11 15:00,6,1,15,G03,hidro,224.389
2026-02-11 15:00,6,1,15,G04,hidro,240.642
2026-02-11 15:00,6,1,15,G05,hidro,253.271
2026-02-11 15:00,6,1,15,G06,termo,145.111
2026-02-11 15:00,6,1,15,G07,termo,140.684
2026-02-11 15:00,6,1,15,G08,solar,146.947
2026-02-11 15:00,6,1,15,G09,solar,142.101
2026-02-11 15:00,6,1,15,G10,eolica,43.178
2026-02-11 16:00,6,1,16,G01,hidro,98.417
2026-02-11 16:00,6,1,16,G02,hidro,89.002
2026-02-11 16:00,6,1,16,G03,hidro,182.107
2026-02-11 16:00,6,1,16,G04,hidro,279.598
2026-02-11 16:00,6,1,16,G05,hidro,256.748
2026-02-11 16:00,6,1,16,G06,termo,159.743
2026-02-11 16:00,6,1,16,G07,termo,176.37
2026-02-11 16:00,6,1,16,G08,solar,76.173
2026-02-11 16:00,6,1,16,G09,solar,80.98
2026-02-11 16:00,6,1,16,G10,eolica,37.402
2026-02-11 17:00,6,1,17,G01,hidro,96.05
2026-02-11 17:00,6,1,17,G02,hidro,86.149
2026-02-11 17:00,6,1,17,G03,hidro,181.989
2026-02-11 17:00,6,1,17,G04,hidro,256.483
2026-02-11 17:00,6,1,17,G05,hidro,252.756
2026-02-11 17:00,6,1,17,G06,termo,151.019
2026-02-11 17:00,6,1,17,G07,termo,173.549
2026-02-11 17:00,6,1,17,G08,solar,76.676
2026-02-11 17:00,6,1,17,G09,solar,75.772
2026-02-11 17:00,6,1,17,G10,eolica,29.775
2026-02-11 18:00,6,1,18,G01,hidro,99.866
2026-02-11 18:00,6,1,18,G02,hidro,83.704
2026-02-11 18:00,6,1,18,G03,hidro,213.691
2026-02-11 18:00,6,1,18,G04,hidro,250.852
2026-02-11 18:00,6,1,18,G05,hidro,241.656
2026-02-11 18:00,6,1,18,G06,termo,152.046
2026-02-11 18:00,6,1,18,G07,termo,176.095
2026-02-11 18:00,6,1,18,G08,solar,14.629
2026-02-11 18:00,6,1,18,G09,solar,14.162
2026-02-11 18:00,6,1,18,G10,eolica,31.719
2026-02-11 19:00,6,1,19,G01,hidro,84.769
2026-02-11 19:00,6,1,19,G02,hidro,84.665
2026-02-11 19:00,6,1,19,G03,hidro,191.226
2026-02-11 19:00,6,1,19,G04,hidro,228.648
2026-02-11 19:00,6,1,19,G05,hidro,233.101
2026-02-11 19:00,6,1,19,G06,termo,160.475
2026-02-11 19:00,6,1,19,G07,termo,130.409
2026-02-11 19:00,6,1,19,G08,solar,14.215
2026-02-11 19:00,6,1,19,G09,solar,13.526
2026-02-11 19:00,6,1,19,G10,eolica,33.385
2026-02-11 20:00,6,1,20,G01,hidro,82.818
2026-02-11 20:00,6,1,20,G02,hidro,82.064
2026-02-11 20:00,6,1,20,G03,hidro,198.367
2026-02-11 20:00,6,1,20,G04,hidro,209.817
2026-02-11 20:00,6,1,20,G05,hidro,256.574
2026-02-11 20:00,6,1,20,G06,termo,153.707
2026-02-11 20:00,6,1,20,G07,termo,144.986
2026-02-11 20:00,6,1,20,G08,solar,0.0
2026-02-11 20:00,6,1,20,G09,solar,0.0
2026-02-11 20:00,6,1,20,G10,eolica,33.41
2026-02-11 21:00,6,1,21,G01,hidro,81.634
2026-02-11 21:00,6,1,21,G02,hidro,82.559
2026-02-11 21:00,6,1,21,G03,hidro,193.852
2026-02-11 21:00,6,1,21,G04,hidro,259.528
2026-02-11 21:00,6,1,21,G05,hidro,258.458
2026-02-11 21:00,6,1,21,G06,termo,134.775
2026-02-11 21:00,6,1,21,G07,termo,136.03
2026-02-11 21:00,6,1,21,G08,solar,0.0
2026-02-11 21:00,6,1,21,G09,solar,0.0
2026-02-11 21:00,6,1,21,G10,eolica,37.133
2026-02-11 22:00,6,1,22,G01,hidro,77.964
2026-02-11 22:00,6,1,22,G02,hidro,92.303
2026-02-11 22:00,6,1,22,G03,hidro,191.438
2026-02-11 22:00,6,1,22,G04,hidro,246.432
2026-02-11 22:00,6,1,22,G05,hidro,261.937
2026-02-11 22:00,6,1,22,G06,termo,131.299
2026-02-11 22:00,6,1,22,G07,termo,142.588
2026-02-11 22:00,6,1,22,G08,solar,0.0
2026-02-11 22:00,6,1,22,G09,solar,0.0
2026-02-11 22:00,6,1,22,G10,eolica,44.702
2026-02-11 23:00,6,1,23,G01,hidro,67.259
2026-02-11 23:00,6,1,23,G02,hidro,60.522
2026-02-11 23:00,6,1,23,G03,hidro,137.786
2026-02-11 23:00,6,1,23,G04,hidro,189.016
2026-02-11 23:00,6,1,23,G05,hidro,168.022
2026-02-11 23:00,6,1,23,G06,termo,93.778
2026-02-11 23:00,6,1,23,G07,termo,94.446
2026-02-11 23:00,6,1,23,G08,solar,0.0
2026-02-11 23:00,6,1,23,G09,solar,0.0
2026-02-11 23:00,6,1,23,G10,eolica,50.929
2026-02-12 00:00,6,2,0,G01,hidro,56.541
2026-02-12 00:00,6,2,0,G02,hidro,62.266
2026-02-12 00:00,6,2,0,G03,hidro,121.159
2026-02-12 00:00,6,2,0,G04,hidro,166.576
2026-02-12 00:00,6,2,0,G05,hidro,173.222
2026-02-12 00:00,6,2,0,G06,termo,102.661
2026-02-12 00:00,6,2,0,G07,termo,107.911
2026-02-12 00:00,6,2,0,G08,solar,0.0
2026-02-12 00:00,6,2,0,G09,solar,0.0
2026-02-12 00:00,6,2,0,G10,eolica,65.8
2026-02-12 01:00,6,2,1,G01,hidro,50.848
2026-02-12 01:00,6,2,1,G02,hidro,54.904
2026-02-12 01:00,6,2,1,G03,hidro,128.188
2026-02-12 01:00,6,2,1,G04,hidro,179.09
2026-02-12 01:00,6,2,1,G05,hidro,144.04
2026-02-12 01:00,6,2,1,G06,termo,97.064
2026-02-12 01:00,6,2,1,G07,termo,96.861
2026-02-12 01:00,6,2,1,G08,solar,0.0
2026-02-12 01:00,6,2,1,G09,solar,0.0
2026-02-12 01:00,6,2,1,G10,eolica,59.28
2026-02-12 02:00,6,2,2,G01,hidro,60.707
2026-02-12 02:00,6,2,2,G02,hidro,60.245
2026-02-12 02:00,6,2,2,G03,hidro,127.614
2026-02-12 02:00,6,2,2,G04,hidro,176.285
2026-02-12 02:00,6,2,2,G05,hidro,153.044
2026-02-12 02:00,6,2,2,G06,termo,91.467
2026-02-12 02:00,6,2,2,G07,termo,99.095
2026-02-12 02:00,6,2,2,G08,solar,0.0
2026-02-12 02:00,6,2,2,G09,solar,0.0
2026-02-12 02:00,6,2,2,G10,eolica,65.492
2026-02-12 03:00,6,2,3,G01,hidro,54.344
2026-02-12 03:00,6,2,3,G02,hidro,60.874
2026-02-12 03:00,6,2,3,G03,hidro,115.117
2026-02-12 03:00,6,2,3,G04,hidro,178.358
2026-02-12 03:00,6,2,3,G05,hidro,148.659
2026-02-12 03:00,6,2,3,G06,termo,106.067
2026-02-12 03:00,6,2,3,G07,termo,106.895
2026-02-12 03:00,6,2,3,G08,solar,0.0
2026-02-12 03:00,6,2,3,G09,solar,0.0
2026-02-12 03:00,6,2,3,G10,eolica,79.742
2026-02-12 04:00,6,2,4,G01,hidro,52.23
2026-02-12 04:00,6,2,4,G02,hidro,61.491
2026-02-12 04:00,6,2,4,G03,hidro,138.987
2026-02-12 04:00,6,2,4,G04,hidro,150.979
2026-02-12 04:00,6,2,4,G05,hidro,163.103
2026-02-12 04:00,6,2,4,G06,termo,92.225
2026-02-12 04:00,6,2,4,G07,termo,94.96
2026-02-12 04:00,6,2,4,G08,solar,0.0
2026-02-12 04:00,6,2,4,G09,solar,0.0
2026-02-12 04:00,6,2,4,G10,eolica,88.435
2026-02-12 05:00,6,2,5,G01,hidro,58.185
2026-02-12 05:00,6,2,5,G02,hidro,61.364
2026-02-12 05:00,6,2,5,G03,hidro,129.488
2026-02-12 05:00,6,2,5,G04,hidro,177.462
2026-02-12 05:00,6,2,5,G05,hidro,162.064
2026-02-12 05:00,6,2,5,G06,termo,91.236
2026-02-12 05:00,6,2,5,G07,termo,102.913
2026-02-12 05:00,6,2,5,G08,solar,0.0
2026-02-12 05:00,6,2,5,G09,solar,0.0
2026-02-12 05:00,6,2,5,G10,eolica,81.427
2026-02-12 06:00,6,2,6,G01,hidro,61.056
2026-02-12 06:00,6,2,6,G02,hidro,52.147
2026-02-12 06:00,6,2,6,G03,hidro,135.401
2026-02-12 06:00,6,2,6,G04,hidro,150.648
2026-02-12 06:00,6,2,6,G05,hidro,179.594
2026-02-12 06:00,6,2,6,G06,termo,103.448
2026-02-12 06:00,6,2,6,G07,termo,90.694
2026-02-12 06:00,6,2,6,G08,solar,0.0
2026-02-12 06:00,6,2,6,G09,solar,0.0
2026-02-12 06:00,6,2,6,G10,eolica,81.306
2026-02-12 07:00,6,2,7,G01,hidro,95.1
2026-02-12 07:00,6,2,7,G02,hidro,85.474
2026-02-12 07:00,6,2,7,G03,hidro,228.867
2026-02-12 07:00,6,2,7,G04,hidro,266.887
2026-02-12 07:00,6,2,7,G05,hidro,283.507
2026-02-12 07:00,6,2,7,G06,termo,169.882
2026-02-12 07:00,6,2,7,G07,termo,150.066
2026-02-12 07:00,6,2,7,G08,solar,40.922
2026-02-12 07:00,6,2,7,G09,solar,40.391
2026-02-12 07:00,6,2,7,G10,eolica,85.379
2026-02-12 08:00,6,2,8,G01,hidro,101.158
2026-02-12 08:00,6,2,8,G02,hidro,102.975
2026-02-12 08:00,6,2,8,G03,hidro,200.213
2026-02-12 08:00,6,2,8,G04,hidro,290.101
2026-02-12 08:00,6,2,8,G05,hidro,268.815
2026-02-12 08:00,6,2,8,G06,termo,162.067
2026-02-12 08:00,6,2,8,G07,termo,160.423
2026-02-12 08:00,6,2,8,G08,solar,44.655
2026-02-12 08:00,6,2,8,G09,solar,42.578
2026-02-12 08:00,6,2,8,G10,eolica,86.018
2026-02-12 09:00,6,2,9,G01,hidro,82.262
2026-02-12 09:00,6,2,9,G02,hidro,104.645
2026-02-12 09:00,6,2,9,G03,hidro,223.621
2026-02-12 09:00,6,2,9,G04,hidro,291.456
2026-02-12 09:00,6,2,9,G05,hidro,239.527
2026-02-12 09:00,6,2,9,G06,termo,142.652
2026-02-12 09:00,6,2,9,G07,termo,170.725
2026-02-12 09:00,6,2,9,G08,solar,126.871
2026-02-12 09:00,6,2,9,G09,solar,113.86
2026-02-12 09:00,6,2,9,G10,eolica,79.066
2026-02-12 10:00,6,2,10,G01,hidro,96.82
2026-02-12 10:00,6,2,10,G02,hidro,96.884
2026-02-12 10:00,6,2,10,G03,hidro,195.382
2026-02-12 10:00,6,2,10,G04,hidro,293.51
2026-02-12 10:00,6,2,10,G05,hidro,241.134
2026-02-12 10:00,6,2,10,G06,termo,153.624
2026-02-12 10:00,6,2,10,G07,termo,177.292
2026-02-12 10:00,6,2,10,G08,solar,110.469
2026-02-12 10:00,6,2,10,G09,solar,126.261
2026-02-12 10:00,6,2,10,G10,eolica,69.984
2026-02-12 11:00,6,2,11,G01,hidro,85.862
2026-02-12 11:00,6,2,11,G02,hidro,86.045
2026-02-12 11:00,6,2,11,G03,hidro,200.766
2026-02-12 11:00,6,2,11,G04,hidro,249.001
2026-02-12 11:00,6,2,11,G05,hidro,265.783
2026-02-12 11:00,6,2,11,G06,termo,161.333
2026-02-12 11:00,6,2,11,G07,termo,170.805
2026-02-12 11:00,6,2,11,G08,solar,123.787
2026-02-12 11:00,6,2,11,G09,solar,115.53
2026-02-12 11:00,6,2,11,G10,eolica,69.856
2026-02-12 12:00,6,2,12,G01,hidro,83.28
2026-02-12 12:00,6,2,12,G02,hidro,93.105
2026-02-12 12:00,6,2,12,G03,hidro,214.309
2026-02-12 12:00,6,2,12,G04,hidro,273.559
2026-02-12 12:00,6,2,12,G05,hidro,259.262
2026-02-12 12:00,6,2,12,G06,termo,168.046
2026-02-12 12:00,6,2,12,G07,termo,151.776
2026-02-12 12:00,6,2,12,G08,solar,131.797
2026-02-12 12:00,6,2,12,G09,solar,132.635
2026-02-12 12:00,6,2,12,G10,eolica,65.382
2026-02-12 13:00,6,2,13,G01,hidro,104.113
2026-02-12 13:00,6,2,13,G02,hidro,94.525
2026-02-12 13:00,6,2,13,G03,hidro,224.693
2026-02-12 13:00,6,2,13,G04,hidro,229.988
2026-02-12 13:00,6,2,13,G05,hidro,233.272
2026-02-12 13:00,6,2,13,G06,termo,147.562
2026-02-12 13:00,6,2,13,G07,termo,171.302
2026-02-12 13:00,6,2,13,G08,solar,128.949
2026-02-12 13:00,6,2,13,G09,solar,144.334
2026-02-12 13:00,6,2,13,G10,eolica,47.364
2026-02-12 14:00,6,2,14,G01,hidro,95.621
2026-02-12 14:00,6,2,14,G02,hidro,92.862
2026-02-12 14:00,6,2,14,G03,hidro,196.652
2026-02-12 14:00,6,2,14,G04,hidro,234.888
2026-02-12 14:00,6,2,14,G05,hidro,270.588
2026-02-12 14:00,6,2,14,G06,termo,140.42
2026-02-12 14:00,6,2,14,G07,termo,142.983
2026-02-12 14:00,6,2,14,G08,solar,147.121
2026-02-12 14:00,6,2,14,G09,solar,142.655
2026-02-12 14:00,6,2,14,G10,eolica,48.878
2026-02-12 15:00,6,2,15,G01,hidro,87.865
2026-02-12 15:00,6,2,15,G02,hidro,90.172
2026-02-12 15:00,6,2,15,G03,hidro,182.208
2026-02-12 15:00,6,2,15,G04,hidro,268.515
2026-02-12 15:00,6,2,15,G05,hidro,230.968
2026-02-12 15:00,6,2,15,G06,termo,143.992
2026-02-12 15:00,6,2,15,G07,termo,148.291
2026-02-12 15:00,6,2,15,G08,solar,143.217
2026-02-12 15:00,6,2,15,G09,solar,141.133
2026-02-12 15:00,6,2,15,G10,eolica,43.24
2026-02-12 16:00,6,2,16,G01,hidro,90.043
2026-02-12 16:00,6,2,16,G02,hidro,91.181
2026-02-12 16:00,6,2,16,G03,hidro,227.028
2026-02-12 16:00,6,2,16,G04,hidro,275.692
2026-02-12 16:00,6,2,16,G05,hidro,264.651
2026-02-12 16:00,6,2,16,G06,termo,149.142
2026-02-12 16:00,6,2,16,G07,termo,145.996
2026-02-12 16:00,6,2,16,G08,solar,82.071
2026-02-12 16:00,6,2,16,G09,solar,81.777
2026-02-12 16:00,6,2,16,G10,eolica,35.735
2026-02-12 17:00,6,2,17,G01,hidro,83.613
2026-02-12 17:00,6,2,17,G02,hidro,91.565
2026-02-12 17:00,6,2,17,G03,hidro,221.645
2026-02-12 17:00,6,2,17,G04,hidro,287.069
2026-02-12 17:00,6,2,17,G05,hidro,274.516
2026-02-12 17:00,6,2,17,G06,termo,159.05
2026-02-12 17:00,6,2,17,G07,termo,153.603
2026-02-12 17:00,6,2,17,G08,solar,76.967
2026-02-12 17:00,6,2,17,G09,solar,76.638
2026-02-12 17:00,6,2,17,G10,eolica,35.773
2026-02-12 18:00,6,2,18,G01,hidro,86.095
2026-02-12 18:00,6,2,18,G02,hidro,92.971
2026-02-12 18:00,6,2,18,G03,hidro,204.071
2026-02-12 18:00,6,2,18,G04,hidro,233.869
2026-02-12 18:00,6,2,18,G05,hidro,267.172
2026-02-12 18:00,6,2,18,G06,termo,162.077
2026-02-12 18:00,6,2,18,G07,termo,167.985
2026-02-12 18:00,6,2,18,G08,solar,13.002
2026-02-12 18:00,6,2,18,G09,solar,14.43
2026-02-12 18:00,6,2,18,G10,eolica,31.99
2026-02-12 19:00,6,2,19,G01,hidro,92.877
2026-02-12 19:00,6,2,19,G02,hidro,87.275
2026-02-12 19:00,6,2,19,G03,hidro,186.471
2026-02-12 19:00,6,2,19,G04,hidro,250.746
2026-02-12 19:00,6,2,19,G05,hidro,249.978
2026-02-12 19:00,6,2,19,G06,termo,156.315
2026-02-12 19:00,6,2,19,G07,termo,131.315
2026-02-12 19:00,6,2,19,G08,solar,14.361
2026-02-12 19:00,6,2,19,G09,solar,14.16
2026-02-12 19:00,6,2,19,G10,eolica,30.986
2026-02-12 20:00,6,2,20,G01,hidro,79.294
2026-02-12 20:00,6,2,20,G02,hidro,82.792
2026-02-12 20:00,6,2,20,G03,hidro,175.19
2026-02-12 20:00,6,2,20,G04,hidro,249.055
2026-02-12 20:00,6,2,20,G05,hidro,240.771
2026-02-12 20:00,6,2,20,G06,termo,160.161
2026-02-12 20:00,6,2,20,G07,termo,158.492
2026-02-12 20:00,6,2,20,G08,solar,0.0
2026-02-12 20:00,6,2,20,G09,solar,0.0
2026-02-12 20:00,6,2,20,G10,eolica,32.569
2026-02-12 21:00,6,2,21,G01,hidro,76.128
2026-02-12 21:00,6,2,21,G02,hidro,93.779
2026-02-12 21:00,6,2,21,G03,hidro,165.084
2026-02-12 21:00,6,2,21,G04,hidro,261.395
2026-02-12 21:00,6,2,21,G05,hidro,253.717
2026-02-12 21:00,6,2,21,G06,termo,126.151
2026-02-12 21:00,6,2,21,G07,termo,145.362
2026-02-12 21:00,6,2,21,G08,solar,0.0
2026-02-12 21:00,6,2,21,G09,solar,0.0
2026-02-12 21:00,6,2,21,G10,eolica,39.88
2026-02-12 22:00,6,2,22,G01,hidro,76.016
2026-02-12 22:00,6,2,22,G02,hidro,93.433
2026-02-12 22:00,6,2,22,G03,hidro,195.884
2026-02-12 22:00,6,2,22,G04,hidro,234.167
2026-02-12 22:00,6,2,22,G05,hidro,263.592
2026-02-12 22:00,6,2,22,G06,termo,129.008
2026-02-12 22:00,6,2,22,G07,termo,143.805
2026-02-12 22:00,6,2,22,G08,solar,0.0
2026-02-12 22:00,6,2,22,G09,solar,0.0
2026-02-12 22:00,6,2,22,G10,eolica,49.587
2026-02-12 23:00,6,2,23,G01,hidro,61.616
2026-02-12 23:00,6,2,23,G02,hidro,66.905
2026-02-12 23:00,6,2,23,G03,hidro,141.676
2026-02-12 23:00,6,2,23,G04,hidro,169.992
2026-02-12 23:00,6,2,23,G05,hidro,191.28
2026-02-12 23:00,6,2,23,G06,termo,111.418
2026-02-12 23:00,6,2,23,G07,termo,96.328
2026-02-12 23:00,6,2,23,G08,solar,0.0
2026-02-12 23:00,6,2,23,G09,solar,0.0
2026-02-12 23:00,6,2,23,G10,eolica,56.001
2026-02-13 00:00,6,3,0,G01,hidro,60.791
2026-02-13 00:00,6,3,0,G02,hidro,56.172
2026-02-13 00:00,6,3,0,G03,hidro,136.721
2026-02-13 00:00,6,3,0,G04,hidro,178.026
2026-02-13 00:00,6,3,0,G05,hidro,159.375
2026-02-13 00:00,6,3,0,G06,termo,96.944
2026-02-13 00:00,6,3,0,G07,termo,109.751
2026-02-13 00:00,6,3,0,G08,solar,0.0
2026-02-13 00:00,6,3,0,G09,solar,0.0
2026-02-13 00:00,6,3,0,G10,eolica,59.261
2026-02-13 01:00,6,3,1,G01,hidro,58.601
2026-02-13 01:00,6,3,1,G02,hidro,56.962
2026-02-13 01:00,6,3,1,G03,hidro,134.335
2026-02-13 01:00,6,3,1,G04,hidro,179.357
2026-02-13 01:00,6,3,1,G05,hidro,163.929
2026-02-13 01:00,6,3,1,G06,termo,101.568
2026-02-13 01:00,6,3,1,G07,termo,106.798
2026-02-13 01:00,6,3,1,G08,solar,0.0
2026-02-13 01:00,6,3,1,G09,solar,0.0
2026-02-13 01:00,6,3,1,G10,eolica,71.839
2026-02-13 02:00,6,3,2,G01,hidro,56.372
2026-02-13 02:00,6,3,2,G02,hidro,60.838
2026-02-13 02:00,6,3,2,G03,hidro,113.052
2026-02-13 02:00,6,3,2,G04,hidro,152.756
2026-02-13 02:00,6,3,2,G05,hidro,163.342
2026-02-13 02:00,6,3,2,G06,termo,97.29
2026-02-13 02:00,6,3,2,G07,termo,108.414
2026-02-13 02:00,6,3,2,G08,solar,0.0
2026-02-13 02:00,6,3,2,G09,solar,0.0
2026-02-13 02:00,6,3,2,G10,eolica,69.417
2026-02-13 03:00,6,3,3,G01,hidro,53.081
2026-02-13 03:00,6,3,3,G02,hidro,55.656
2026-02-13 03:00,6,3,3,G03,hidro,119.419
2026-02-13 03:00,6,3,3,G04,hidro,160.687
2026-02-13 03:00,6,3,3,G05,hidro,154.299
2026-02-13 03:00,6,3,3,G06,termo,92.037
2026-02-13 03:00,6,3,3,G07,termo,88.839
2026-02-13 03:00,6,3,3,G08,solar,0.0
2026-02-13 03:00,6,3,3,G09,solar,0.0
2026-02-13 03:00,6,3,3,G10,eolica,81.84
2026-02-13 04:00,6,3,4,G01,hidro,53.528
2026-02-13 04:00,6,3,4,G02,hidro,54.441
2026-02-13 04:00,6,3,4,G03,hidro,127.455
2026-02-13 04:00,6,3,4,G04,hidro,168.594
2026-02-13 04:00,6,3,4,G05,hidro,177.841
2026-02-13 04:00,6,3,4,G06,termo,99.485
2026-02-13 04:00,6,3,4,G07,termo,100.893
2026-02-13 04:00,6,3,4,G08,solar,0.0
2026-02-13 04:00,6,3,4,G09,solar,0.0
2026-02-13 04:00,6,3,4,G10,eolica,78.373
2026-02-13 05:00,6,3,5,G01,hidro,60.745
2026-02-13 05:00,6,3,5,G02,hidro,55.994
2026-02-13 05:00,6,3,5,G03,hidro,122.794
2026-02-13 05:00,6,3,5,G04,hidro,159.503
2026-02-13 05:00,6,3,5,G05,hidro,145.786
2026-02-13 05:00,6,3,5,G06,termo,108.548
2026-02-13 05:00,6,3,5,G07,termo,88.461
2026-02-13 05:00,6,3,5,G08,solar,0.0
2026-02-13 05:00,6,3,5,G09,solar,0.0
2026-02-13 05:00,6,3,5,G10,eolica,79.553
2026-02-13 06:00,6,3,6,G01,hidro,56.217
2026-02-13 06:00,6,3,6,G02,hidro,50.772
2026-02-13 06:00,6,3,6,G03,hidro,119.297
2026-02-13 06:00,6,3,6,G04,hidro,179.183
2026-02-13 06:00,6,3,6,G05,hidro,159.825
2026-02-13 06:00,6,3,6,G06,termo,94.553
2026-02-13 06:00,6,3,6,G07,termo,102.142
2026-02-13 06:00,6,3,6,G08,solar,0.0
2026-02-13 06:00,6,3,6,G09,solar,0.0
2026-02-13 06:00,6,3,6,G10,eolica,83.758
2026-02-13 07:00,6,3,7,G01,hidro,88.905
2026-02-13 07:00,6,3,7,G02,hidro,85.368
2026-02-13 07:00,6,3,7,G03,hidro,191.634
2026-02-13 07:00,6,3,7,G04,hidro,283.586
2026-02-13 07:00,6,3,7,G05,hidro,292.799
2026-02-13 07:00,6,3,7,G06,termo,169.811
2026-02-13 07:00,6,3,7,G07,termo,160.598
2026-02-13 07:00,6,3,7,G08,solar,44.051
2026-02-13 07:00,6,3,7,G09,solar,44.384
2026-02-13 07:00,6,3,7,G10,eolica,94.428
2026-02-13 08:00,6,3,8,G01,hidro,93.283
2026-02-13 08:00,6,3,8,G02,hidro,98.205
2026-02-13 08:00,6,3,8,G03,hidro,189.117
2026-02-13 08:00,6,3,8,G04,hidro,243.983
2026-02-13 08:00,6,3,8,G05,hidro,231.527
2026-02-13 08:00,6,3,8,G06,termo,169.926
2026-02-13 08:00,6,3,8,G07,termo,164.136
2026-02-13 08:00,6,3,8,G08,solar,41.595
2026-02-13 08:00,6,3,8,G09,solar,43.455
2026-02-13 08:00,6,3,8,G10,eolica,74.383
2026-02-13 09:00,6,3,9,G01,hidro,87.22
2026-02-13 09:00,6,3,9,G02,hidro,103.81
2026-02-13 09:00,6,3,9,G03,hidro,229.787
2026-02-13 09:00,6,3,9,G04,hidro,234.854
2026-02-13 09:00,6,3,9,G05,hidro,270.118
2026-02-13 09:00,6,3,9,G06,termo,143.126
2026-02-13 09:00,6,3,9,G07,termo,177.798
2026-02-13 09:00,6,3,9,G08,solar,115.824
2026-02-13 09:00,6,3,9,G09,solar,125.729
2026-02-13 09:00,6,3,9,G10,eolica,71.627
2026-02-13 10:00,6,3,10,G01,hidro,83.082
2026-02-13 10:00,6,3,10,G02,hidro,82.082
2026-02-13 10:00,6,3,10,G03,hidro,205.63
2026-02-13 10:00,6,3,10,G04,hidro,239.439
2026-02-13 10:00,6,3,10,G05,hidro,267.352
2026-02-13 10:00,6,3,10,G06,termo,153.015
2026-02-13 10:00,6,3,10,G07,termo,168.124
2026-02-13 10:00,6,3,10,G08,solar,110.928
2026-02-13 10:00,6,3,10,G09,solar,117.523
2026-02-13 10:00,6,3,10,G10,eolica,65.287
2026-02-13 11:00,6,3,11,G01,hidro,94.872
2026-02-13 11:00,6,3,11,G02,hidro,86.235
2026-02-13 11:00,6,3,11,G03,hidro,227.823
2026-02-13 11:00,6,3,11,G04,hidro,270.109
2026-02-13 11:00,6,3,11,G05,hidro,259.225
2026-02-13 11:00,6,3,11,G06,termo,160.414
2026-02-13 11:00,6,3,11,G07,termo,152.24
2026-02-13 11:00,6,3,11,G08,solar,123.39
2026-02-13 11:00,6,3,11,G09,solar,110.164
2026-02-13 11:00,6,3,11,G10,eolica,65.951
2026-02-13 12:00,6,3,12,G01,hidro,95.237
2026-02-13 12:00,6,3,12,G02,hidro,95.797
2026-02-13 12:00,6,3,12,G03,hidro,208.81
2026-02-13 12:00,6,3,12,G04,hidro,283.078
2026-02-13 12:00,6,3,12,G05,hidro,254.146
2026-02-13 12:00,6,3,12,G06,termo,150.364
2026-02-13 12:00,6,3,12,G07,termo,143.879
2026-02-13 12:00,6,3,12,G08,solar,149.849
2026-02-13 12:00,6,3,12,G09,solar,147.912
2026-02-13 12:00,6,3,12,G10,eolica,64.493
2026-02-13 13:00,6,3,13,G01,hidro,100.271
2026-02-13 13:00,6,3,13,G02,hidro,82.113
2026-02-13 13:00,6,3,13,G03,hidro,200.876
2026-02-13 13:00,6,3,13,G04,hidro,246.021
2026-02-13 13:00,6,3,13,G05,hidro,293.649
2026-02-13 13:00,6,3,13,G06,termo,159.439
2026-02-13 13:00,6,3,13,G07,termo,152.671
2026-02-13 13:00,6,3,13,G08,solar,138.599
2026-02-13 13:00,6,3,13,G09,solar,143.115
2026-02-13 13:00,6,3,13,G10,eolica,55.478
2026-02-13 14:00,6,3,14,G01,hidro,90.077
2026-02-13 14:00,6,3,14,G02,hidro,84.471
2026-02-13 14:00,6,3,14,G03,hidro,185.027
2026-02-13 14:00,6,3,14,G04,hidro,287.466
2026-02-13 14:00,6,3,14,G05,hidro,258.023
2026-02-13 14:00,6,3,14,G06,termo,169.337
2026-02-13 14:00,6,3,14,G07,termo,158.218
2026-02-13 14:00,6,3,14,G08,solar,135.475
2026-02-13 14:00,6,3,14,G09,solar,147.198
2026-02-13 14:00,6,3,14,G10,eolica,45.531
2026-02-13 15:00,6,3,15,G01,hidro,86.77
2026-02-13 15:00,6,3,15,G02,hidro,82.167
2026-02-13 15:00,6,3,15,G03,hidro,202.468
2026-02-13 15:00,6,3,15,G04,hidro,267.32
2026-02-13 15:00,6,3,15,G05,hidro,262.643
2026-02-13 15:00,6,3,15,G06,termo,166.199
2026-02-13 15:00,6,3,15,G07,termo,147.756
2026-02-13 15:00,6,3,15,G08,solar,139.672
2026-02-13 15:00,6,3,15,G09,solar,139.269
2026-02-13 15:00,6,3,15,G10,eolica,38.187
2026-02-13 16:00,6,3,16,G01,hidro,83.934
2026-02-13 16:00,6,3,16,G02,hidro,84.532
2026-02-13 16:00,6,3,16,G03,hidro,223.122
2026-02-13 16:00,6,3,16,G04,hidro,252.267
2026-02-13 16:00,6,3,16,G05,hidro,250.101
2026-02-13 16:00,6,3,16,G06,termo,168.734
2026-02-13 16:00,6,3,16,G07,termo,177.793
2026-02-13 16:00,6,3,16,G08,solar,79.62
2026-02-13 16:00,6,3,16,G09,solar,73.612
2026-02-13 16:00,6,3,16,G10,eolica,35.822
2026-02-13 17:00,6,3,17,G01,hidro,93.916
2026-02-13 17:00,6,3,17,G02,hidro,101.197
2026-02-13 17:00,6,3,17,G03,hidro,227.196
2026-02-13 17:00,6,3,17,G04,hidro,257.401
2026-02-13 17:00,6,3,17,G05,hidro,252.766
2026-02-13 17:00,6,3,17,G06,termo,165.163
2026-02-13 17:00,6,3,17,G07,termo,150.668
2026-02-13 17:00,6,3,17,G08,solar,79.824
2026-02-13 17:00,6,3,17,G09,solar,76.853
2026-02-13 17:00,6,3,17,G10,eolica,32.017
2026-02-13 18:00,6,3,18,G01,hidro,82.097
2026-02-13 18:00,6,3,18,G02,hidro,89.721
2026-02-13 18:00,6,3,18,G03,hidro,225.948
2026-02-13 18:00,6,3,18,G04,hidro,240.382
2026-02-13 18:00,6,3,18,G05,hidro,279.815
2026-02-13 18:00,6,3,18,G06,termo,140.732
2026-02-13 18:00,6,3,18,G07,termo,165.289
2026-02-13 18:00,6,3,18,G08,solar,14.443
2026-02-13 18:00,6,3,18,G09,solar,12.822
2026-02-13 18:00,6,3,18,G10,eolica,31.065
2026-02-13 19:00,6,3,19,G01,hidro,87.536
2026-02-13 19:00,6,3,19,G02,hidro,92.634
2026-02-13 19:00,6,3,19,G03,hidro,178.859
2026-02-13 19:00,6,3,19,G04,hidro,235.204
2026-02-13 19:00,6,3,19,G05,hidro,233.387
2026-02-13 19:00,6,3,19,G06,termo,146.116
2026-02-13 19:00,6,3,19,G07,termo,152.54
2026-02-13 19:00,6,3,19,G08,solar,14.604
2026-02-13 19:00,6,3,19,G09,solar,14.979
2026-02-13 19:00,6,3,19,G10,eolica,31.107
2026-02-13 20:00,6,3,20,G01,hidro,81.476
2026-02-13 20:00,6,3,20,G02,hidro,91.014
2026-02-13 20:00,6,3,20,G03,hidro,172.083
2026-02-13 20:00,6,3,20,G04,hidro,251.815
2026-02-13 20:00,6,3,20,G05,hidro,220.608
2026-02-13 20:00,6,3,20,G06,termo,132.554
2026-02-13 20:00,6,3,20,G07,termo,159.098
2026-02-13 20:00,6,3,20,G08,solar,0.0
2026-02-13 20:00,6,3,20,G09,solar,0.0
2026-02-13 20:00,6,3,20,G10,eolica,39.93
2026-02-13 21:00,6,3,21,G01,hidro,93.138
2026-02-13 21:00,6,3,21,G02,hidro,76.972
2026-02-13 21:00,6,3,21,G03,hidro,186.641
2026-02-13 21:00,6,3,21,G04,hidro,208.858
2026-02-13 21:00,6,3,21,G05,hidro,219.139
2026-02-13 21:00,6,3,21,G06,termo,160.892
2026-02-13 21:00,6,3,21,G07,termo,140.809
2026-02-13 21:00,6,3,21,G08,solar,0.0
2026-02-13 21:00,6,3,21,G09,solar,0.0
2026-02-13 21:00,6,3,21,G10,eolica,40.724
2026-02-13 22:00,6,3,22,G01,hidro,78.248
2026-02-13 22:00,6,3,22,G02,hidro,74.54
2026-02-13 22:00,6,3,22,G03,hidro,195.627
2026-02-13 22:00,6,3,22,G04,hidro,252.179
2026-02-13 22:00,6,3,22,G05,hidro,242.879
2026-02-13 22:00,6,3,22,G06,termo,151.14
2026-02-13 22:00,6,3,22,G07,termo,145.029
2026-02-13 22:00,6,3,22,G08,solar,0.0
2026-02-13 22:00,6,3,22,G09,solar,0.0
2026-02-13 22:00,6,3,22,G10,eolica,43.502
2026-02-13 23:00,6,3,23,G01,hidro,59.882
2026-02-13 23:00,6,3,23,G02,hidro,61.132
2026-02-13 23:00,6,3,23,G03,hidro,125.816
2026-02-13 23:00,6,3,23,G04,hidro,195.458
2026-02-13 23:00,6,3,23,G05,hidro,183.939
2026-02-13 23:00,6,3,23,G06,termo,96.538
2026-02-13 23:00,6,3,23,G07,termo,97.354
2026-02-13 23:00,6,3,23,G08,solar,0.0
2026-02-13 23:00,6,3,23,G09,solar,0.0
2026-02-13 23:00,6,3,23,G10,eolica,56.488
2026-02-14 00:00,6,4,0,G01,hidro,50.934
2026-02-14 00:00,6,4,0,G02,hidro,59.066
2026-02-14 00:00,6,4,0,G03,hidro,135.979
2026-02-14 00:00,6,4,0,G04,hidro,177.487
2026-02-14 00:00,6,4,0,G05,hidro,173.261
2026-02-14 00:00,6,4,0,G06,termo,98.636
2026-02-14 00:00,6,4,0,G07,termo,86.253
2026-02-14 00:00,6,4,0,G08,solar,0.0
2026-02-14 00:00,6,4,0,G09,solar,0.0
2026-02-14 00:00,6,4,0,G10,eolica,55.223
2026-02-14 01:00,6,4,1,G01,hidro,54.368
2026-02-14 01:00,6,4,1,G02,hidro,62.018
2026-02-14 01:00,6,4,1,G03,hidro,119.688
2026-02-14 01:00,6,4,1,G04,hidro,147.159
2026-02-14 01:00,6,4,1,G05,hidro,164.522
2026-02-14 01:00,6,4,1,G06,termo,94.651
2026-02-14 01:00,6,4,1,G07,termo,97.77
2026-02-14 01:00,6,4,1,G08,solar,0.0
2026-02-14 01:00,6,4,1,G09,solar,0.0
2026-02-14 01:00,6,4,1,G10,eolica,69.304
2026-02-14 02:00,6,4,2,G01,hidro,53.097
2026-02-14 02:00,6,4,2,G02,hidro,55.953
2026-02-14 02:00,6,4,2,G03,hidro,125.343
2026-02-14 02:00,6,4,2,G04,hidro,167.542
2026-02-14 02:00,6,4,2,G05,hidro,173.876
2026-02-14 02:00,6,4,2,G06,termo,93.374
2026-02-14 02:00,6,4,2,G07,termo,106.566
2026-02-14 02:00,6,4,2,G08,solar,0.0
2026-02-14 02:00,6,4,2,G09,solar,0.0
2026-02-14 02:00,6,4,2,G10,eolica,78.076
2026-02-14 03:00,6,4,3,G01,hidro,51.817
2026-02-14 03:00,6,4,3,G02,hidro,59.38
2026-02-14 03:00,6,4,3,G03,hidro,114.224
2026-02-14 03:00,6,4,3,G04,hidro,156.275
2026-02-14 03:00,6,4,3,G05,hidro,150.431
2026-02-14 03:00,6,4,3,G06,termo,89.859
2026-02-14 03:00,6,4,3,G07,termo,100.261
2026-02-14 03:00,6,4,3,G08,solar,0.0
2026-02-14 03:00,6,4,3,G09,solar,0.0
2026-02-14 03:00,6,4,3,G10,eolica,71.451
2026-02-14 04:00,6,4,4,G01,hidro,61.842
2026-02-14 04:00,6,4,4,G02,hidro,61.509
2026-02-14 04:00,6,4,4,G03,hidro,123.373
2026-02-14 04:00,6,4,4,G04,hidro,180.194
2026-02-14 04:00,6,4,4,G05,hidro,164.004
2026-02-14 04:00,6,4,4,G06,termo,107.324
2026-02-14 04:00,6,4,4,G07,termo,94.8
2026-02-14 04:00,6,4,4,G08,solar,0.0
2026-02-14 04:00,6,4,4,G09,solar,0.0
2026-02-14 04:00,6,4,4,G10,eolica,91.595
2026-02-14 05:00,6,4,5,G01,hidro,57.005
2026-02-14 05:00,6,4,5,G02,hidro,52.86
2026-02-14 05:00,6,4,5,G03,hidro,134.948
2026-02-14 05:00,6,4,5,G04,hidro,172.436
2026-02-14 05:00,6,4,5,G05,hidro,158.578
2026-02-14 05:00,6,4,5,G06,termo,106.453
2026-02-14 05:00,6,4,5,G07,termo,95.879
2026-02-14 05:00,6,4,5,G08,solar,0.0
2026-02-14 05:00,6,4,5,G09,solar,0.0
2026-02-14 05:00,6,4,5,G10,eolica,88.476
2026-02-14 06:00,6,4,6,G01,hidro,56.796
2026-02-14 06:00,6,4,6,G02,hidro,63.948
2026-02-14 06:00,6,4,6,G03,hidro,131.069
2026-02-14 06:00,6,4,6,G04,hidro,144.245
2026-02-14 06:00,6,4,6,G05,hidro,172.047
2026-02-14 06:00,6,4,6,G06,termo,87.5
2026-02-14 06:00,6,4,6,G07,termo,92.956
2026-02-14 06:00,6,4,6,G08,solar,0.0
2026-02-14 06:00,6,4,6,G09,solar,0.0
2026-02-14 06:00,6,4,6,G10,eolica,82.461
2026-02-14 07:00,6,4,7,G01,hidro,87.511
2026-02-14 07:00,6,4,7,G02,hidro,95.898
2026-02-14 07:00,6,4,7,G03,hidro,224.165
2026-02-14 07:00,6,4,7,G04,hidro,276.028
2026-02-14 07:00,6,4,7,G05,hidro,274.441
2026-02-14 07:00,6,4,7,G06,termo,158.361
2026-02-14 07:00,6,4,7,G07,termo,176.804
2026-02-14 07:00,6,4,7,G08,solar,38.631
2026-02-14 07:00,6,4,7,G09,solar,44.19
2026-02-14 07:00,6,4,7,G10,eolica,76.753
2026-02-14 08:00,6,4,8,G01,hidro,100.972
2026-02-14 08:00,6,4,8,G02,hidro,92.391
2026-02-14 08:00,6,4,8,G03,hidro,197.211
2026-02-14 08:00,6,4,8,G04,hidro,229.657
2026-02-14 08:00,6,4,8,G05,hidro,270.778
2026-02-14 08:00,6,4,8,G06,termo,165.892
2026-02-14 08:00,6,4,8,G07,termo,178.233
2026-02-14 08:00,6,4,8,G08,solar,40.626
2026-02-14 08:00,6,4,8,G09,solar,43.466
2026-02-14 08:00,6,4,8,G10,eolica,86.45
2026-02-14 09:00,6,4,9,G01,hidro,82.971
2026-02-14 09:00,6,4,9,G02,hidro,93.347
2026-02-14 09:00,6,4,9,G03,hidro,193.954
2026-02-14 09:00,6,4,9,G04,hidro,277.349
2026-02-14 09:00,6,4,9,G05,hidro,285.873
2026-02-14 09:00,6,4,9,G06,termo,153.858
2026-02-14 09:00,6,4,9,G07,termo,140.333
2026-02-14 09:00,6,4,9,G08,solar,121.543
2026-02-14 09:00,6,4,9,G09,solar,119.491
2026-02-14 09:00,6,4,9,G10,eolica,76.165
2026-02-14 10:00,6,4,10,G01,hidro,84.723
2026-02-14 10:00,6,4,10,G02,hidro,82.026
2026-02-14 10:00,6,4,10,G03,hidro,189.546
2026-02-14 10:00,6,4,10,G04,hidro,242.44
2026-02-14 10:00,6,4,10,G05,hidro,282.0
2026-02-14 10:00,6,4,10,G06,termo,139.558
2026-02-14 10:00,6,4,10,G07,termo,151.561
2026-02-14 10:00,6,4,10,G08,solar,126.073
2026-02-14 10:00,6,4,10,G09,solar,116.018
2026-02-14 10:00,6,4,10,G10,eolica,74.924
2026-02-14 11:00,6,4,11,G01,hidro,100.379
2026-02-14 11:00,6,4,11,G02,hidro,101.009
2026-02-14 11:00,6,4,11,G03,hidro,195.572
2026-02-14 11:00,6,4,11,G04,hidro,238.265
2026-02-14 11:00,6,4,11,G05,hidro,291.389
2026-02-14 11:00,6,4,11,G06,termo,172.635
2026-02-14 11:00,6,4,11,G07,termo,155.746
2026-02-14 11:00,6,4,11,G08,solar,125.171
2026-02-14 11:00,6,4,11,G09,solar,124.127
2026-02-14 11:00,6,4,11,G10,eolica,72.629
2026-02-14 12:00,6,4,12,G01,hidro,95.732
2026-02-14 12:00,6,4,12,G02,hidro,94.732
2026-02-14 12:00,6,4,12,G03,hidro,181.497
2026-02-14 12:00,6,4,12,G04,hidro,236.46
2026-02-14 12:00,6,4,12,G05,hidro,260.404
2026-02-14 12:00,6,4,12,G06,termo,173.258
2026-02-14 12:00,6,4,12,G07,termo,165.784
2026-02-14 12:00,6,4,12,G08,solar,137.722
2026-02-14 12:00,6,4,12,G09,solar,141.61
2026-02-14 12:00,6,4,12,G10,eolica,54.134
2026-02-14 13:00,6,4,13,G01,hidro,98.255
2026-02-14 13:00,6,4,13,G02,hidro,101.366
2026-02-14 13:00,6,4,13,G03,hidro,219.926
2026-02-14 13:00,6,4,13,G04,hidro,238.826
2026-02-14 13:00,6,4,13,G05,hidro,240.564
2026-02-14 13:00,6,4,13,G06,termo,161.328
2026-02-14 13:00,6,4,13,G07,termo,171.224
2026-02-14 13:00,6,4,13,G08,solar,129.185
2026-02-14 13:00,6,4,13,G09,solar,140.194
2026-02-14 13:00,6,4,13,G10,eolica,49.085
2026-02-14 14:00,6,4,14,G01,hidro,101.636
2026-02-14 14:00,6,4,14,G02,hidro,101.45
2026-02-14 14:00,6,4,14,G03,hidro,220.338
2026-02-14 14:00,6,4,14,G04,hidro,232.777
2026-02-14 14:00,6,4,14,G05,hidro,283.866
2026-02-14 14:00,6,4,14,G06,termo,168.311
2026-02-14 14:00,6,4,14,G07,termo,145.373
2026-02-14 14:00,6,4,14,G08,solar,139.688
2026-02-14 14:00,6,4,14,G09,solar,136.936
2026-02-14 14:00,6,4,14,G10,eolica,48.055
2026-02-14 15:00,6,4,15,G01,hidro,85.847
2026-02-14 15:00,6,4,15,G02,hidro,91.972
2026-02-14 15:00,6,4,15,G03,hidro,224.563
2026-02-14 15:00,6,4,15,G04,hidro,239.055
2026-02-14 15:00,6,4,15,G05,hidro,232.843
2026-02-14 15:00,6,4,15,G06,termo,176.641
2026-02-14 15:00,6,4,15,G07,termo,166.501
2026-02-14 15:00,6,4,15,G08,solar,139.193
2026-02-14 15:00,6,4,15,G09,solar,132.781
2026-02-14 15:00,6,4,15,G10,eolica,40.909
2026-02-14 16:00,6,4,16,G01,hidro,103.049
2026-02-14 16:00,6,4,16,G02,hidro,86.188
2026-02-14 16:00,6,4,16,G03,hidro,213.078
2026-02-14 16:00,6,4,16,G04,hidro,242.696
2026-02-14 16:00,6,4,16,G05,hidro,276.301
2026-02-14 16:00,6,4,16,G06,termo,157.617
2026-02-14 16:00,6,4,16,G07,termo,140.932
2026-02-14 16:00,6,4,16,G08,solar,75.8
2026-02-14 16:00,6,4,16,G09,solar,80.001
2026-02-14 16:00,6,4,16,G10,eolica,37.775
2026-02-14 17:00,6,4,17,G01,hidro,98.086
2026-02-14 17:00,6,4,17,G02,hidro,85.355
2026-02-14 17:00,6,4,17,G03,hidro,189.276
2026-02-14 17:00,6,4,17,G04,hidro,246.629
2026-02-14 17:00,6,4,17,G05,hidro,240.211
2026-02-14 17:00,6,4,17,G06,termo,159.444
2026-02-14 17:00,6,4,17,G07,termo,147.814
2026-02-14 17:00,6,4,17,G08,solar,74.509
2026-02-14 17:00,6,4,17,G09,solar,80.774
2026-02-14 17:00,6,4,17,G10,eolica,32.824
2026-02-14 18:00,6,4,18,G01,hidro,85.539
2026-02-14 18:00,6,4,18,G02,hidro,85.207
2026-02-14 18:00,6,4,18,G03,hidro,187.075
2026-02-14 18:00,6,4,18,G04,hidro,259.853
2026-02-14 18:00,6,4,18,G05,hidro,275.105
2026-02-14 18:00,6,4,18,G06,termo,171.963
2026-02-14 18:00,6,4,18,G07,termo,161.667
2026-02-14 18:00,6,4,18,G08,solar,13.036
2026-02-14 18:00,6,4,18,G09,solar,13.014
2026-02-14 18:00,6,4,18,G10,eolica,29.806
2026-02-14 19:00,6,4,19,G01,hidro,77.829
2026-02-14 19:00,6,4,19,G02,hidro,87.013
2026-02-14 19:00,6,4,19,G03,hidro,204.578
2026-02-14 19:00,6,4,19,G04,hidro,239.45
2026-02-14 19:00,6,4,19,G05,hidro,234.584
2026-02-14 19:00,6,4,19,G06,termo,133.229
2026-02-14 19:00,6,4,19,G07,termo,134.726
2026-02-14 19:00,6,4,19,G08,solar,12.929
2026-02-14 19:00,6,4,19,G09,solar,14.322
2026-02-14 19:00,6,4,19,G10,eolica,30.848
2026-02-14 20:00,6,4,20,G01,hidro,84.89
2026-02-14 20:00,6,4,20,G02,hidro,90.914
2026-02-14 20:00,6,4,20,G03,hidro,180.877
2026-02-14 20:00,6,4,20,G04,hidro,216.894
2026-02-14 20:00,6,4,20,G05,hidro,253.357
2026-02-14 20:00,6,4,20,G06,termo,157.892
2026-02-14 20:00,6,4,20,G07,termo,149.418
2026-02-14 20:00,6,4,20,G08,solar,0.0
2026-02-14 20:00,6,4,20,G09,solar,0.0
2026-02-14 20:00,6,4,20,G10,eolica,36.352
2026-02-14 21:00,6,4,21,G01,hidro,78.398
2026-02-14 21:00,6,4,21,G02,hidro,92.731
2026-02-14 21:00,6,4,21,G03,hidro,165.248
2026-02-14 21:00,6,4,21,G04,hidro,263.589
2026-02-14 21:00,6,4,21,G05,hidro,235.507
2026-02-14 21:00,6,4,21,G06,termo,146.785
2026-02-14 21:00,6,4,21,G07,termo,139.111
2026-02-14 21:00,6,4,21,G08,solar,0.0
2026-02-14 21:00,6,4,21,G09,solar,0.0
2026-02-14 21:00,6,4,21,G10,eolica,38.14
2026-02-14 22:00,6,4,22,G01,hidro,92.263
2026-02-14 22:00,6,4,22,G02,hidro,87.586
2026-02-14 22:00,6,4,22,G03,hidro,170.174
2026-02-14 22:00,6,4,22,G04,hidro,216.773
2026-02-14 22:00,6,4,22,G05,hidro,264.144
2026-02-14 22:00,6,4,22,G06,termo,156.859
2026-02-14 22:00,6,4,22,G07,termo,153.878
2026-02-14 22:00,6,4,22,G08,solar,0.0
2026-02-14 22:00,6,4,22,G09,solar,0.0
2026-02-14 22:00,6,4,22,G10,eolica,48.984
2026-02-14 23:00,6,4,23,G01,hidro,65.498
2026-02-14 23:00,6,4,23,G02,hidro,56.648
2026-02-14 23:00,6,4,23,G03,hidro,150.361
2026-02-14 23:00,6,4,23,G04,hidro,190.144
2026-02-14 23:00,6,4,23,G05,hidro,160.844
2026-02-14 23:00,6,4,23,G06,termo,99.994
2026-02-14 23:00,6,4,23,G07,termo,109.577
2026-02-14 23:00,6,4,23,G08,solar,0.0
2026-02-14 23:00,6,4,23,G09,solar,0.0
2026-02-14 23:00,6,4,23,G10,eolica,50.411
2026-02-15 00:00,6,5,0,G01,hidro,58.519
2026-02-15 00:00,6,5,0,G02,hidro,64.659
2026-02-15 00:00,6,5,0,G03,hidro,123.542
2026-02-15 00:00,6,5,0,G04,hidro,142.635
2026-02-15 00:00,6,5,0,G05,hidro,176.882
2026-02-15 00:00,6,5,0,G06,termo,103.419
2026-02-15 00:00,6,5,0,G07,termo,88.012
2026-02-15 00:00,6,5,0,G08,solar,0.0
2026-02-15 00:00,6,5,0,G09,solar,0.0
2026-02-15 00:00,6,5,0,G10,eolica,65.397
2026-02-15 01:00,6,5,1,G01,hidro,53.271
2026-02-15 01:00,6,5,1,G02,hidro,58.173
2026-02-15 01:00,6,5,1,G03,hidro,118.219
2026-02-15 01:00,6,5,1,G04,hidro,162.095
2026-02-15 01:00,6,5,1,G05,hidro,157.89
2026-02-15 01:00,6,5,1,G06,termo,95.101
2026-02-15 01:00,6,5,1,G07,termo,94.862
2026-02-15 01:00,6,5,1,G08,solar,0.0
2026-02-15 01:00,6,5,1,G09,solar,0.0
2026-02-15 01:00,6,5,1,G10,eolica,71.752
2026-02-15 02:00,6,5,2,G01,hidro,55.302
2026-02-15 02:00,6,5,2,G02,hidro,58.797
2026-02-15 02:00,6,5,2,G03,hidro,134.312
2026-02-15 02:00,6,5,2,G04,hidro,159.346
2026-02-15 02:00,6,5,2,G05,hidro,174.713
2026-02-15 02:00,6,5,2,G06,termo,101.65
2026-02-15 02:00,6,5,2,G07,termo,86.793
2026-02-15 02:00,6,5,2,G08,solar,0.0
2026-02-15 02:00,6,5,2,G09,solar,0.0
2026-02-15 02:00,6,5,2,G10,eolica,77.255
2026-02-15 03:00,6,5,3,G01,hidro,52.661
2026-02-15 03:00,6,5,3,G02,hidro,55.34
2026-02-15 03:00,6,5,3,G03,hidro,113.553
2026-02-15 03:00,6,5,3,G04,hidro,167.627
2026-02-15 03:00,6,5,3,G05,hidro,171.235
2026-02-15 03:00,6,5,3,G06,termo,103.609
2026-02-15 03:00,6,5,3,G07,termo,100.262
2026-02-15 03:00,6,5,3,G08,solar,0.0
2026-02-15 03:00,6,5,3,G09,solar,0.0
2026-02-15 03:00,6,5,3,G10,eolica,82.712
2026-02-15 04:00,6,5,4,G01,hidro,59.463
2026-02-15 04:00,6,5,4,G02,hidro,56.4
2026-02-15 04:00,6,5,4,G03,hidro,131.487
2026-02-15 04:00,6,5,4,G04,hidro,159.397
2026-02-15 04:00,6,5,4,G05,hidro,160.478
2026-02-15 04:00,6,5,4,G06,termo,92.343
2026-02-15 04:00,6,5,4,G07,termo,88.949
2026-02-15 04:00,6,5,4,G08,solar,0.0
2026-02-15 04:00,6,5,4,G09,solar,0.0
2026-02-15 04:00,6,5,4,G10,eolica,82.723
2026-02-15 05:00,6,5,5,G01,hidro,52.349
2026-02-15 05:00,6,5,5,G02,hidro,58.527
2026-02-15 05:00,6,5,5,G03,hidro,129.689
2026-02-15 05:00,6,5,5,G04,hidro,143.901
2026-02-15 05:00,6,5,5,G05,hidro,169.784
2026-02-15 05:00,6,5,5,G06,termo,93.921
2026-02-15 05:00,6,5,5,G07,termo,97.552
2026-02-15 05:00,6,5,5,G08,solar,0.0
2026-02-15 05:00,6,5,5,G09,solar,0.0
2026-02-15 05:00,6,5,5,G10,eolica,77.862
2026-02-15 06:00,6,5,6,G01,hidro,59.528
2026-02-15 06:00,6,5,6,G02,hidro,53.308
2026-02-15 06:00,6,5,6,G03,hidro,142.984
2026-02-15 06:00,6,5,6,G04,hidro,164.134
2026-02-15 06:00,6,5,6,G05,hidro,150.145
2026-02-15 06:00,6,5,6,G06,termo,105.113
2026-02-15 06:00,6,5,6,G07,termo,108.155
2026-02-15 06:00,6,5,6,G08,solar,0.0
2026-02-15 06:00,6,5,6,G09,solar,0.0
2026-02-15 06:00,6,5,6,G10,eolica,84.121
2026-02-15 07:00,6,5,7,G01,hidro,88.225
2026-02-15 07:00,6,5,7,G02,hidro,104.924
2026-02-15 07:00,6,5,7,G03,hidro,213.964
2026-02-15 07:00,6,5,7,G04,hidro,267.429
2026-02-15 07:00,6,5,7,G05,hidro,253.529
2026-02-15 07:00,6,5,7,G06,termo,142.411
2026-02-15 07:00,6,5,7,G07,termo,154.496
2026-02-15 07:00,6,5,7,G08,solar,42.871
2026-02-15 07:00,6,5,7,G09,solar,38.585
2026-02-15 07:00,6,5,7,G10,eolica,84.128
2026-02-15 08:00,6,5,8,G01,hidro,102.098
2026-02-15 08:00,6,5,8,G02,hidro,94.738
2026-02-15 08:00,6,5,8,G03,hidro,202.183
2026-02-15 08:00,6,5,8,G04,hidro,264.421
2026-02-15 08:00,6,5,8,G05,hidro,279.022
2026-02-15 08:00,6,5,8,G06,termo,178.484
2026-02-15 08:00,6,5,8,G07,termo,150.472
2026-02-15 08:00,6,5,8,G08,solar,43.375
2026-02-15 08:00,6,5,8,G09,solar,40.176
2026-02-15 08:00,6,5,8,G10,eolica,83.779
2026-02-15 09:00,6,5,9,G01,hidro,99.982
2026-02-15 09:00,6,5,9,G02,hidro,90.989
2026-02-15 09:00,6,5,9,G03,hidro,209.017
2026-02-15 09:00,6,5,9,G04,hidro,286.137
2026-02-15 09:00,6,5,9,G05,hidro,240.611
2026-02-15 09:00,6,5,9,G06,termo,151.521
2026-02-15 09:00,6,5,9,G07,termo,141.631
2026-02-15 09:00,6,5,9,G08,solar,122.189
2026-02-15 09:00,6,5,9,G09,solar,122.482
2026-02-15 09:00,6,5,9,G10,eolica,80.636
2026-02-15 10:00,6,5,10,G01,hidro,85.921
2026-02-15 10:00,6,5,10,G02,hidro,87.266
2026-02-15 10:00,6,5,10,G03,hidro,203.572
2026-02-15 10:00,6,5,10,G04,hidro,237.362
2026-02-15 10:00,6,5,10,G05,hidro,273.162
2026-02-15 10:00,6,5,10,G06,termo,178.162
2026-02-15 10:00,6,5,10,G07,termo,141.51
2026-02-15 10:00,6,5,10,G08,solar,111.162
2026-02-15 10:00,6,5,10,G09,solar,116.775
2026-02-15 10:00,6,5,10,G10,eolica,72.675
2026-02-15 11:00,6,5,11,G01,hidro,104.508
2026-02-15 11:00,6,5,11,G02,hidro,101.648
2026-02-15 11:00,6,5,11,G03,hidro,207.332
2026-02-15 11:00,6,5,11,G04,hidro,242.308
2026-02-15 11:00,6,5,11,G05,hidro,235.683
2026-02-15 11:00,6,5,11,G06,termo,162.445
2026-02-15 11:00,6,5,11,G07,termo,160.043
2026-02-15 11:00,6,5,11,G08,solar,114.537
2026-02-15 11:00,6,5,11,G09,solar,114.835
2026-02-15 11:00,6,5,11,G10,eolica,63.686
2026-02-15 12:00,6,5,12,G01,hidro,98.74
2026-02-15 12:00,6,5,12,G02,hidro,101.934
2026-02-15 12:00,6,5,12,G03,hidro,214.616
2026-02-15 12:00,6,5,12,G04,hidro,292.73
2026-02-15 12:00,6,5,12,G05,hidro,235.968
2026-02-15 12:00,6,5,12,G06,termo,153.617
2026-02-15 12:00,6,5,12,G07,termo,177.516
2026-02-15 12:00,6,5,12,G08,solar,138.78
2026-02-15 12:00,6,5,12,G09,solar,139.402
2026-02-15 12:00,6,5,12,G10,eolica,60.71
2026-02-15 13:00,6,5,13,G01,hidro,94.403
2026-02-15 13:00,6,5,13,G02,hidro,90.283
2026-02-15 13:00,6,5,13,G03,hidro,210.929
2026-02-15 13:00,6,5,13,G04,hidro,284.896
2026-02-15 13:00,6,5,13,G05,hidro,248.448
2026-02-15 13:00,6,5,13,G06,termo,167.453
2026-02-15 13:00,6,5,13,G07,termo,161.41
2026-02-15 13:00,6,5,13,G08,solar,132.084
2026-02-15 13:00,6,5,13,G09,solar,134.728
2026-02-15 13:00,6,5,13,G10,eolica,55.258
2026-02-15 14:00,6,5,14,G01,hidro,87.918
2026-02-15 14:00,6,5,14,G02,hidro,103.814
2026-02-15 14:00,6,5,14,G03,hidro,182.727
2026-02-15 14:00,6,5,14,G04,hidro,286.577
2026-02-15 14:00,6,5,14,G05,hidro,258.205
2026-02-15 14:00,6,5,14,G06,termo,172.489
2026-02-15 14:00,6,5,14,G07,termo,171.297
2026-02-15 14:00,6,5,14,G08,solar,141.164
2026-02-15 14:00,6,5,14,G09,solar,129.451
2026-02-15 14:00,6,5,14,G10,eolica,48.767
2026-02-15 15:00,6,5,15,G01,hidro,89.934
2026-02-15 15:00,6,5,15,G02,hidro,83.905
2026-02-15 15:00,6,5,15,G03,hidro,226.857
2026-02-15 15:00,6,5,15,G04,hidro,284.985
2026-02-15 15:00,6,5,15,G05,hidro,243.13
2026-02-15 15:00,6,5,15,G06,termo,168.332
2026-02-15 15:00,6,5,15,G07,termo,149.551
2026-02-15 15:00,6,5,15,G08,solar,139.452
2026-02-15 15:00,6,5,15,G09,solar,137.637
2026-02-15 15:00,6,5,15,G10,eolica,36.702
2026-02-15 16:00,6,5,16,G01,hidro,94.273
2026-02-15 16:00,6,5,16,G02,hidro,93.453
2026-02-15 16:00,6,5,16,G03,hidro,192.355
2026-02-15 16:00,6,5,16,G04,hidro,244.841
2026-02-15 16:00,6,5,16,G05,hidro,270.149
2026-02-15 16:00,6,5,16,G06,termo,165.635
2026-02-15 16:00,6,5,16,G07,termo,146.998
2026-02-15 16:00,6,5,16,G08,solar,73.067
2026-02-15 16:00,6,5,16,G09,solar,71.205
2026-02-15 16:00,6,5,16,G10,eolica,33.001
2026-02-15 17:00,6,5,17,G01,hidro,99.48
2026-02-15 17:00,6,5,17,G02,hidro,96.67
2026-02-15 17:00,6,5,17,G03,hidro,192.864
2026-02-15 17:00,6,5,17,G04,hidro,260.13
2026-02-15 17:00,6,5,17,G05,hidro,279.843
2026-02-15 17:00,6,5,17,G06,termo,145.77
2026-02-15 17:00,6,5,17,G07,termo,141.984
2026-02-15 17:00,6,5,17,G08,solar,80.605
2026-02-15 17:00,6,5,17,G09,solar,73.706
2026-02-15 17:00,6,5,17,G10,eolica,34.899
2026-02-15 18:00,6,5,18,G01,hidro,82.358
2026-02-15 18:00,6,5,18,G02,hidro,86.33
2026-02-15 18:00,6,5,18,G03,hidro,208.627
2026-02-15 18:00,6,5,18,G04,hidro,240.831
2026-02-15 18:00,6,5,18,G05,hidro,278.159
2026-02-15 18:00,6,5,18,G06,termo,158.286
2026-02-15 18:00,6,5,18,G07,termo,142.241
2026-02-15 18:00,6,5,18,G08,solar,14.737
2026-02-15 18:00,6,5,18,G09,solar,14.313
2026-02-15 18:00,6,5,18,G10,eolica,32.877
2026-02-15 19:00,6,5,19,G01,hidro,87.022
2026-02-15 19:00,6,5,19,G02,hidro,88.019
2026-02-15 19:00,6,5,19,G03,hidro,207.279
2026-02-15 19:00,6,5,19,G04,hidro,211.417
2026-02-15 19:00,6,5,19,G05,hidro,224.595
2026-02-15 19:00,6,5,19,G06,termo,131.002
2026-02-15 19:00,6,5,19,G07,termo,150.148
2026-02-15 19:00,6,5,19,G08,solar,13.502
2026-02-15 19:00,6,5,19,G09,solar,13.094
2026-02-15 19:00,6,5,19,G10,eolica,30.39
2026-02-15 20:00,6,5,20,G01,hidro,82.98
2026-02-15 20:00,6,5,20,G02,hidro,76.698
2026-02-15 20:00,6,5,20,G03,hidro,188.309
2026-02-15 20:00,6,5,20,G04,hidro,214.384
2026-02-15 20:00,6,5,20,G05,hidro,253.808
2026-02-15 20:00,6,5,20,G06,termo,153.049
2026-02-15 20:00,6,5,20,G07,termo,143.69
2026-02-15 20:00,6,5,20,G08,solar,0.0
2026-02-15 20:00,6,5,20,G09,solar,0.0
2026-02-15 20:00,6,5,20,G10,eolica,33.983
2026-02-15 21:00,6,5,21,G01,hidro,77.675
2026-02-15 21:00,6,5,21,G02,hidro,87.023
2026-02-15 21:00,6,5,21,G03,hidro,188.494
2026-02-15 21:00,6,5,21,G04,hidro,234.701
2026-02-15 21:00,6,5,21,G05,hidro,258.185
2026-02-15 21:00,6,5,21,G06,termo,156.699
2026-02-15 21:00,6,5,21,G07,termo,161.084
2026-02-15 21:00,6,5,21,G08,solar,0.0
2026-02-15 21:00,6,5,21,G09,solar,0.0
2026-02-15 21:00,6,5,21,G10,eolica,40.681
2026-02-15 22:00,6,5,22,G01,hidro,78.592
2026-02-15 22:00,6,5,22,G02,hidro,92.498
2026-02-15 22:00,6,5,22,G03,hidro,207.049
2026-02-15 22:00,6,5,22,G04,hidro,253.504
2026-02-15 22:00,6,5,22,G05,hidro,211.36
2026-02-15 22:00,6,5,22,G06,termo,135.569
2026-02-15 22:00,6,5,22,G07,termo,132.915
2026-02-15 22:00,6,5,22,G08,solar,0.0
2026-02-15 22:00,6,5,22,G09,solar,0.0
2026-02-15 22:00,6,5,22,G10,eolica,50.702
2026-02-15 23:00,6,5,23,G01,hidro,63.218
2026-02-15 23:00,6,5,23,G02,hidro,62.584
2026-02-15 23:00,6,5,23,G03,hidro,143.551
2026-02-15 23:00,6,5,23,G04,hidro,170.5
2026-02-15 23:00,6,5,23,G05,hidro,158.482
2026-02-15 23:00,6,5,23,G06,termo,106.489
2026-02-15 23:00,6,5,23,G07,termo,110.297
2026-02-15 23:00,6,5,23,G08,solar,0.0
2026-02-15 23:00,6,5,23,G09,solar,0.0
2026-02-15 23:00,6,5,23,G10,eolica,48.501
2026-02-16 00:00,6,6,0,G01,hidro,51.731
2026-02-16 00:00,6,6,0,G02,hidro,53.557
2026-02-16 00:00,6,6,0,G03,hidro,114.833
2026-02-16 00:00,6,6,0,G04,hidro,159.82
2026-02-16 00:00,6,6,0,G05,hidro,164.067
2026-02-16 00:00,6,6,0,G06,termo,108.088
2026-02-16 00:00,6,6,0,G07,termo,99.748
2026-02-16 00:00,6,6,0,G08,solar,0.0
2026-02-16 00:00,6,6,0,G09,solar,0.0
2026-02-16 00:00,6,6,0,G10,eolica,57.007
2026-02-16 01:00,6,6,1,G01,hidro,63.403
2026-02-16 01:00,6,6,1,G02,hidro,53.314
2026-02-16 01:00,6,6,1,G03,hidro,123.29
2026-02-16 01:00,6,6,1,G04,hidro,145.134
2026-02-16 01:00,6,6,1,G05,hidro,162.71
2026-02-16 01:00,6,6,1,G06,termo,98.591
2026-02-16 01:00,6,6,1,G07,termo,106.435
2026-02-16 01:00,6,6,1,G08,solar,0.0
2026-02-16 01:00,6,6,1,G09,solar,0.0
2026-02-16 01:00,6,6,1,G10,eolica,60.129
2026-02-16 02:00,6,6,2,G01,hidro,56.625
2026-02-16 02:00,6,6,2,G02,hidro,62.167
2026-02-16 02:00,6,6,2,G03,hidro,132.031
2026-02-16 02:00,6,6,2,G04,hidro,159.281
2026-02-16 02:00,6,6,2,G05,hidro,157.372
2026-02-16 02:00,6,6,2,G06,termo,104.167
2026-02-16 02:00,6,6,2,G07,termo,88.214
2026-02-16 02:00,6,6,2,G08,solar,0.0
2026-02-16 02:00,6,6,2,G09,solar,0.0
2026-02-16 02:00,6,6,2,G10,eolica,77.99
2026-02-16 03:00,6,6,3,G01,hidro,60.258
2026-02-16 03:00,6,6,3,G02,hidro,63.236
2026-02-16 03:00,6,6,3,G03,hidro,140.586
2026-02-16 03:00,6,6,3,G04,hidro,142.991
2026-02-16 03:00,6,6,3,G05,hidro,144.534
2026-02-16 03:00,6,6,3,G06,termo,101.982
2026-02-16 03:00,6,6,3,G07,termo,94.489
2026-02-16 03:00,6,6,3,G08,solar,0.0
2026-02-16 03:00,6,6,3,G09,solar,0.0
2026-02-16 03:00,6,6,3,G10,eolica,79.871
2026-02-16 04:00,6,6,4,G01,hidro,59.301
2026-02-16 04:00,6,6,4,G02,hidro,61.102
2026-02-16 04:00,6,6,4,G03,hidro,140.721
2026-02-16 04:00,6,6,4,G04,hidro,173.527
2026-02-16 04:00,6,6,4,G05,hidro,181.577
2026-02-16 04:00,6,6,4,G06,termo,94.584
2026-02-16 04:00,6,6,4,G07,termo,96.058
2026-02-16 04:00,6,6,4,G08,solar,0.0
2026-02-16 04:00,6,6,4,G09,solar,0.0
2026-02-16 04:00,6,6,4,G10,eolica,74.707
2026-02-16 05:00,6,6,5,G01,hidro,52.719
2026-02-16 05:00,6,6,5,G02,hidro,61.185
2026-02-16 05:00,6,6,5,G03,hidro,114.311
2026-02-16 05:00,6,6,5,G04,hidro,165.352
2026-02-16 05:00,6,6,5,G05,hidro,143.451
2026-02-16 05:00,6,6,5,G06,termo,87.603
2026-02-16 05:00,6,6,5,G07,termo,98.115
2026-02-16 05:00,6,6,5,G08,solar,0.0
2026-02-16 05:00,6,6,5,G09,solar,0.0
2026-02-16 05:00,6,6,5,G10,eolica,91.347
2026-02-16 06:00,6,6,6,G01,hidro,51.049
2026-02-16 06:00,6,6,6,G02,hidro,64.082
2026-02-16 06:00,6,6,6,G03,hidro,131.852
2026-02-16 06:00,6,6,6,G04,hidro,163.841
2026-02-16 06:00,6,6,6,G05,hidro,179.232
2026-02-16 06:00,6,6,6,G06,termo,98.817
2026-02-16 06:00,6,6,6,G07,termo,105.838
2026-02-16 06:00,6,6,6,G08,solar,0.0
2026-02-16 06:00,6,6,6,G09,solar,0.0
2026-02-16 06:00,6,6,6,G10,eolica,88.678
2026-02-16 07:00,6,6,7,G01,hidro,95.918
2026-02-16 07:00,6,6,7,G02,hidro,83.37
2026-02-16 07:00,6,6,7,G03,hidro,184.426
2026-02-16 07:00,6,6,7,G04,hidro,275.589
2026-02-16 07:00,6,6,7,G05,hidro,242.195
2026-02-16 07:00,6,6,7,G06,termo,176.829
2026-02-16 07:00,6,6,7,G07,termo,155.343
2026-02-16 07:00,6,6,7,G08,solar,41.54
2026-02-16 07:00,6,6,7,G09,solar,40.168
2026-02-16 07:00,6,6,7,G10,eolica,78.33
2026-02-16 08:00,6,6,8,G01,hidro,90.702
2026-02-16 08:00,6,6,8,G02,hidro,87.967
2026-02-16 08:00,6,6,8,G03,hidro,196.952
2026-02-16 08:00,6,6,8,G04,hidro,257.684
2026-02-16 08:00,6,6,8,G05,hidro,285.472
2026-02-16 08:00,6,6,8,G06,termo,160.54
2026-02-16 08:00,6,6,8,G07,termo,174.746
2026-02-16 08:00,6,6,8,G08,solar,39.49
2026-02-16 08:00,6,6,8,G09,solar,39.246
2026-02-16 08:00,6,6,8,G10,eolica,84.575
2026-02-16 09:00,6,6,9,G01,hidro,93.411
2026-02-16 09:00,6,6,9,G02,hidro,95.801
2026-02-16 09:00,6,6,9,G03,hidro,224.769
2026-02-16 09:00,6,6,9,G04,hidro,272.243
2026-02-16 09:00,6,6,9,G05,hidro,247.624
2026-02-16 09:00,6,6,9,G06,termo,171.341
2026-02-16 09:00,6,6,9,G07,termo,146.313
2026-02-16 09:00,6,6,9,G08,solar,122.458
2026-02-16 09:00,6,6,9,G09,solar,112.58
2026-02-16 09:00,6,6,9,G10,eolica,78.44
2026-02-16 10:00,6,6,10,G01,hidro,82.665
2026-02-16 10:00,6,6,10,G02,hidro,86.048
2026-02-16 10:00,6,6,10,G03,hidro,226.421
2026-02-16 10:00,6,6,10,G04,hidro,290.788
2026-02-16 10:00,6,6,10,G05,hidro,256.827
2026-02-16 10:00,6,6,10,G06,termo,149.585
2026-02-16 10:00,6,6,10,G07,termo,158.313
2026-02-16 10:00,6,6,10,G08,solar,124.527
2026-02-16 10:00,6,6,10,G09,solar,119.614
2026-02-16 10:00,6,6,10,G10,eolica,73.444
2026-02-16 11:00,6,6,11,G01,hidro,84.393
2026-02-16 11:00,6,6,11,G02,hidro,86.375
2026-02-16 11:00,6,6,11,G03,hidro,221.908
2026-02-16 11:00,6,6,11,G04,hidro,258.858
2026-02-16 11:00,6,6,11,G05,hidro,238.275
2026-02-16 11:00,6,6,11,G06,termo,160.831
2026-02-16 11:00,6,6,11,G07,termo,148.62
2026-02-16 11:00,6,6,11,G08,solar,123.824
2026-02-16 11:00,6,6,11,G09,solar,122.794
2026-02-16 11:00,6,6,11,G10,eolica,66.111
2026-02-16 12:00,6,6,12,G01,hidro,104.559
2026-02-16 12:00,6,6,12,G02,hidro,84.267
2026-02-16 12:00,6,6,12,G03,hidro,214.869
2026-02-16 12:00,6,6,12,G04,hidro,239.641
2026-02-16 12:00,6,6,12,G05,hidro,269.925
2026-02-16 12:00,6,6,12,G06,termo,159.673
2026-02-16 12:00,6,6,12,G07,termo,168.398
2026-02-16 12:00,6,6,12,G08,solar,137.669
2026-02-16 12:00,6,6,12,G09,solar,140.797
2026-02-16 12:00,6,6,12,G10,eolica,58.546
2026-02-16 13:00,6,6,13,G01,hidro,102.586
2026-02-16 13:00,6,6,13,G02,hidro,86.689
2026-02-16 13:00,6,6,13,G03,hidro,224.814
2026-02-16 13:00,6,6,13,G04,hidro,246.254
2026-02-16 13:00,6,6,13,G05,hidro,258.341
2026-02-16 13:00,6,6,13,G06,termo,173.076
2026-02-16 13:00,6,6,13,G07,termo,155.689
2026-02-16 13:00,6,6,13,G08,solar,146.961
2026-02-16 13:00,6,6,13,G09,solar,140.28
2026-02-16 13:00,6,6,13,G10,eolica,50.51
2026-02-16 14:00,6,6,14,G01,hidro,88.547
2026-02-16 14:00,6,6,14,G02,hidro,103.473
2026-02-16 14:00,6,6,14,G03,hidro,182.59
2026-02-16 14:00,6,6,14,G04,hidro,246.77
2026-02-16 14:00,6,6,14,G05,hidro,248.893
2026-02-16 14:00,6,6,14,G06,termo,165.941
2026-02-16 14:00,6,6,14,G07,termo,171.082
2026-02-16 14:00,6,6,14,G08,solar,134.775
2026-02-16 14:00,6,6,14,G09,solar,139.632
2026-02-16 14:00,6,6,14,G10,eolica,49.259
2026-02-16 15:00,6,6,15,G01,hidro,104.531
2026-02-16 15:00,6,6,15,G02,hidro,96.458
2026-02-16 15:00,6,6,15,G03,hidro,194.598
2026-02-16 15:00,6,6,15,G04,hidro,229.998
2026-02-16 15:00,6,6,15,G05,hidro,281.006
2026-02-16 15:00,6,6,15,G06,termo,139.505
2026-02-16 15:00,6,6,15,G07,termo,155.761
2026-02-16 15:00,6,6,15,G08,solar,134.602
2026-02-16 15:00,6,6,15,G09,solar,147.624
2026-02-16 15:00,6,6,15,G10,eolica,37.539
2026-02-16 16:00,6,6,16,G01,hidro,95.655
2026-02-16 16:00,6,6,16,G02,hidro,90.56
2026-02-16 16:00,6,6,16,G03,hidro,180.698
2026-02-16 16:00,6,6,16,G04,hidro,287.547
2026-02-16 16:00,6,6,16,G05,hidro,291.574
2026-02-16 16:00,6,6,16,G06,termo,141.358
2026-02-16 16:00,6,6,16,G07,termo,154.587
2026-02-16 16:00,6,6,16,G08,solar,77.349
2026-02-16 16:00,6,6,16,G09,solar,72.002
2026-02-16 16:00,6,6,16,G10,eolica,37.924
2026-02-16 17:00,6,6,17,G01,hidro,99.279
2026-02-16 17:00,6,6,17,G02,hidro,103.302
2026-02-16 17:00,6,6,17,G03,hidro,213.568
2026-02-16 17:00,6,6,17,G04,hidro,288.731
2026-02-16 17:00,6,6,17,G05,hidro,278.744
2026-02-16 17:00,6,6,17,G06,termo,168.654
2026-02-16 17:00,6,6,17,G07,termo,175.926
2026-02-16 17:00,6,6,17,G08,solar,78.1
2026-02-16 17:00,6,6,17,G09,solar,79.224
2026-02-16 17:00,6,6,17,G10,eolica,31.389
2026-02-16 18:00,6,6,18,G01,hidro,88.508
2026-02-16 18:00,6,6,18,G02,hidro,86.528
2026-02-16 18:00,6,6,18,G03,hidro,184.086
2026-02-16 18:00,6,6,18,G04,hidro,242.7
2026-02-16 18:00,6,6,18,G05,hidro,229.67
2026-02-16 18:00,6,6,18,G06,termo,162.531
2026-02-16 18:00,6,6,18,G07,termo,165.11
2026-02-16 18:00,6,6,18,G08,solar,13.748
2026-02-16 18:00,6,6,18,G09,solar,14.791
2026-02-16 18:00,6,6,18,G10,eolica,30.111
2026-02-16 19:00,6,6,19,G01,hidro,77.318
2026-02-16 19:00,6,6,19,G02,hidro,91.607
2026-02-16 19:00,6,6,19,G03,hidro,200.336
2026-02-16 19:00,6,6,19,G04,hidro,256.379
2026-02-16 19:00,6,6,19,G05,hidro,241.803
2026-02-16 19:00,6,6,19,G06,termo,132.516
2026-02-16 19:00,6,6,19,G07,termo,130.477
2026-02-16 19:00,6,6,19,G08,solar,13.082
2026-02-16 19:00,6,6,19,G09,solar,13.018
2026-02-16 19:00,6,6,19,G10,eolica,29.911
2026-02-16 20:00,6,6,20,G01,hidro,85.752
2026-02-16 20:00,6,6,20,G02,hidro,83.576
2026-02-16 20:00,6,6,20,G03,hidro,164.459
2026-02-16 20:00,6,6,20,G04,hidro,261.305
2026-02-16 20:00,6,6,20,G05,hidro,251.682
2026-02-16 20:00,6,6,20,G06,termo,149.485
2026-02-16 20:00,6,6,20,G07,termo,150.8
2026-02-16 20:00,6,6,20,G08,solar,0.0
2026-02-16 20:00,6,6,20,G09,solar,0.0
2026-02-16 20:00,6,6,20,G10,eolica,37.301
2026-02-16 21:00,6,6,21,G01,hidro,84.47
2026-02-16 21:00,6,6,21,G02,hidro,80.903
2026-02-16 21:00,6,6,21,G03,hidro,183.345
2026-02-16 21:00,6,6,21,G04,hidro,217.122
2026-02-16 21:00,6,6,21,G05,hidro,225.285
2026-02-16 21:00,6,6,21,G06,termo,146.796
2026-02-16 21:00,6,6,21,G07,termo,126.657
2026-02-16 21:00,6,6,21,G08,solar,0.0
2026-02-16 21:00,6,6,21,G09,solar,0.0
2026-02-16 21:00,6,6,21,G10,eolica,41.25
2026-02-16 22:00,6,6,22,G01,hidro,80.516
2026-02-16 22:00,6,6,22,G02,hidro,76.409
2026-02-16 22:00,6,6,22,G03,hidro,187.526
2026-02-16 22:00,6,6,22,G04,hidro,232.798
2026-02-16 22:00,6,6,22,G05,hidro,222.957
2026-02-16 22:00,6,6,22,G06,termo,156.506
2026-02-16 22:00,6,6,22,G07,termo,127.106
2026-02-16 22:00,6,6,22,G08,solar,0.0
2026-02-16 22:00,6,6,22,G09,solar,0.0
2026-02-16 22:00,6,6,22,G10,eolica,47.797
2026-02-16 23:00,6,6,23,G01,hidro,61.188
2026-02-16 23:00,6,6,23,G02,hidro,69.541
2026-02-16 23:00,6,6,23,G03,hidro,153.191
2026-02-16 23:00,6,6,23,G04,hidro,163.338
2026-02-16 23:00,6,6,23,G05,hidro,182.434
2026-02-16 23:00,6,6,23,G06,termo,102.844
2026-02-16 23:00,6,6,23,G07,termo,98.36
2026-02-16 23:00,6,6,23,G08,solar,0.0
2026-02-16 23:00,6,6,23,G09,solar,0.0
2026-02-16 23:00,6,6,23,G10,eolica,55.991
2026-02-17 00:00,7,0,0,G01,hidro,56.791
2026-02-17 00:00,7,0,0,G02,hidro,56.843
2026-02-17 00:00,7,0,0,G03,hidro,123.838
2026-02-17 00:00,7,0,0,G04,hidro,171.229
2026-02-17 00:00,7,0,0,G05,hidro,172.922
2026-02-17 00:00,7,0,0,G06,termo,109.6
2026-02-17 00:00,7,0,0,G07,termo,87.746
2026-02-17 00:00,7,0,0,G08,solar,0.0
2026-02-17 00:00,7,0,0,G09,solar,0.0
2026-02-17 00:00,7,0,0,G10,eolica,54.02
2026-02-17 01:00,7,0,1,G01,hidro,62.638
2026-02-17 01:00,7,0,1,G02,hidro,58.616
2026-02-17 01:00,7,0,1,G03,hidro,122.635
2026-02-17 01:00,7,0,1,G04,hidro,154.315
2026-02-17 01:00,7,0,1,G05,hidro,169.302
2026-02-17 01:00,7,0,1,G06,termo,108.652
2026-02-17 01:00,7,0,1,G07,termo,90.856
2026-02-17 01:00,7,0,1,G08,solar,0.0
2026-02-17 01:00,7,0,1,G09,solar,0.0
2026-02-17 01:00,7,0,1,G10,eolica,64.395
2026-02-17 02:00,7,0,2,G01,hidro,61.372
2026-02-17 02:00,7,0,2,G02,hidro,64.814
2026-02-17 02:00,7,0,2,G03,hidro,132.634
2026-02-17 02:00,7,0,2,G04,hidro,169.525
2026-02-17 02:00,7,0,2,G05,hidro,159.42
2026-02-17 02:00,7,0,2,G06,termo,100.124
2026-02-17 02:00,7,0,2,G07,termo,87.475
2026-02-17 02:00,7,0,2,G08,solar,0.0
2026-02-17 02:00,7,0,2,G09,solar,0.0
2026-02-17 02:00,7,0,2,G10,eolica,71.84
2026-02-17 03:00,7,0,3,G01,hidro,54.915
2026-02-17 03:00,7,0,3,G02,hidro,60.512
2026-02-17 03:00,7,0,3,G03,hidro,117.159
2026-02-17 03:00,7,0,3,G04,hidro,173.376
2026-02-17 03:00,7,0,3,G05,hidro,148.743
2026-02-17 03:00,7,0,3,G06,termo,104.704
2026-02-17 03:00,7,0,3,G07,termo,95.076
2026-02-17 03:00,7,0,3,G08,solar,0.0
2026-02-17 03:00,7,0,3,G09,solar,0.0
2026-02-17 03:00,7,0,3,G10,eolica,78.619
2026-02-17 04:00,7,0,4,G01,hidro,60.881
2026-02-17 04:00,7,0,4,G02,hidro,56.708
2026-02-17 04:00,7,0,4,G03,hidro,116.122
2026-02-17 04:00,7,0,4,G04,hidro,152.189
2026-02-17 04:00,7,0,4,G05,hidro,181.613
2026-02-17 04:00,7,0,4,G06,termo,98.172
2026-02-17 04:00,7,0,4,G07,termo,107.848
2026-02-17 04:00,7,0,4,G08,solar,0.0
2026-02-17 04:00,7,0,4,G09,solar,0.0
2026-02-17 04:00,7,0,4,G10,eolica,77.754
2026-02-17 05:00,7,0,5,G01,hidro,61.057
2026-02-17 05:00,7,0,5,G02,hidro,63.07
2026-02-17 05:00,7,0,5,G03,hidro,123.226
2026-02-17 05:00,7,0,5,G04,hidro,152.206
2026-02-17 05:00,7,0,5,G05,hidro,175.438
2026-02-17 05:00,7,0,5,G06,termo,97.592
2026-02-17 05:00,7,0,5,G07,termo,107.798
2026-02-17 05:00,7,0,5,G08,solar,0.0
2026-02-17 05:00,7,0,5,G09,solar,0.0
2026-02-17 05:00,7,0,5,G10,eolica,93.986
2026-02-17 06:00,7,0,6,G01,hidro,53.843
2026-02-17 06:00,7,0,6,G02,hidro,62.448
2026-02-17 06:00,7,0,6,G03,hidro,122.958
2026-02-17 06:00,7,0,6,G04,hidro,148.27
2026-02-17 06:00,7,0,6,G05,hidro,156.489
2026-02-17 06:00,7,0,6,G06,termo,90.504
2026-02-17 06:00,7,0,6,G07,termo,93.668
2026-02-17 06:00,7,0,6,G08,solar,0.0
2026-02-17 06:00,7,0,6,G09,solar,0.0
2026-02-17 06:00,7,0,6,G10,eolica,91.875
2026-02-17 07:00,7,0,7,G01,hidro,103.79
2026-02-17 07:00,7,0,7,G02,hidro,103.276
2026-02-17 07:00,7,0,7,G03,hidro,218.974
2026-02-17 07:00,7,0,7,G04,hidro,269.019
2026-02-17 07:00,7,0,7,G05,hidro,280.488
2026-02-17 07:00,7,0,7,G06,termo,160.914
2026-02-17 07:00,7,0,7,G07,termo,170.99
2026-02-17 07:00,7,0,7,G08,solar,39.959
2026-02-17 07:00,7,0,7,G09,solar,41.796
2026-02-17 07:00,7,0,7,G10,eolica,89.796
2026-02-17 08:00,7,0,8,G01,hidro,98.063
2026-02-17 08:00,7,0,8,G02,hidro,102.983
2026-02-17 08:00,7,0,8,G03,hidro,184.811
2026-02-17 08:00,7,0,8,G04,hidro,270.13
2026-02-17 08:00,7,0,8,G05,hidro,249.565
2026-02-17 08:00,7,0,8,G06,termo,170.472
2026-02-17 08:00,7,0,8,G07,termo,171.62
2026-02-17 08:00,7,0,8,G08,solar,42.114
2026-02-17 08:00,7,0,8,G09,solar,41.403
2026-02-17 08:00,7,0,8,G10,eolica,87.971
2026-02-17 09:00,7,0,9,G01,hidro,99.485
2026-02-17 09:00,7,0,9,G02,hidro,99.138
2026-02-17 09:00,7,0,9,G03,hidro,225.052
2026-02-17 09:00,7,0,9,G04,hidro,244.457
2026-02-17 09:00,7,0,9,G05,hidro,253.766
2026-02-17 09:00,7,0,9,G06,termo,177.78
2026-02-17 09:00,7,0,9,G07,termo,168.294
2026-02-17 09:00,7,0,9,G08,solar,125.84
2026-02-17 09:00,7,0,9,G09,solar,122.711
2026-02-17 09:00,7,0,9,G10,eolica,75.935
2026-02-17 10:00,7,0,10,G01,hidro,99.878
2026-02-17 10:00,7,0,10,G02,hidro,84.996
2026-02-17 10:00,7,0,10,G03,hidro,188.974
2026-02-17 10:00,7,0,10,G04,hidro,231.199
2026-02-17 10:00,7,0,10,G05,hidro,253.423
2026-02-17 10:00,7,0,10,G06,termo,161.026
2026-02-17 10:00,7,0,10,G07,termo,145.794
2026-02-17 10:00,7,0,10,G08,solar,110.974
2026-02-17 10:00,7,0,10,G09,solar,124.843
2026-02-17 10:00,7,0,10,G10,eolica,75.41
2026-02-17 11:00,7,0,11,G01,hidro,99.675
2026-02-17 11:00,7,0,11,G02,hidro,83.659
2026-02-17 11:00,7,0,11,G03,hidro,220.862
2026-02-17 11:00,7,0,11,G04,hidro,239.011
2026-02-17 11:00,7,0,11,G05,hidro,254.182
2026-02-17 11:00,7,0,11,G06,termo,165.267
2026-02-17 11:00,7,0,11,G07,termo,145.478
2026-02-17 11:00,7,0,11,G08,solar,115.166
2026-02-17 11:00,7,0,11,G09,solar,117.158
2026-02-17 11:00,7,0,11,G10,eolica,73.387
2026-02-17 12:00,7,0,12,G01,hidro,101.692
2026-02-17 12:00,7,0,12,G02,hidro,93.821
2026-02-17 12:00,7,0,12,G03,hidro,219.103
2026-02-17 12:00,7,0,12,G04,hidro,275.835
2026-02-17 12:00,7,0,12,G05,hidro,234.366
2026-02-17 12:00,7,0,12,G06,termo,169.862
2026-02-17 12:00,7,0,12,G07,termo,150.87
2026-02-17 12:00,7,0,12,G08,solar,143.402
2026-02-17 12:00,7,0,12,G09,solar,144.052
2026-02-17 12:00,7,0,12,G10,eolica,56.651
2026-02-17 13:00,7,0,13,G01,hidro,101.407
2026-02-17 13:00,7,0,13,G02,hidro,83.452
2026-02-17 13:00,7,0,13,G03,hidro,220.029
2026-02-17 13:00,7,0,13,G04,hidro,277.477
2026-02-17 13:00,7,0,13,G05,hidro,241.298
2026-02-17 13:00,7,0,13,G06,termo,152.473
2026-02-17 13:00,7,0,13,G07,termo,142.619
2026-02-17 13:00,7,0,13,G08,solar,130.17
2026-02-17 13:00,7,0,13,G09,solar,147.343
2026-02-17 13:00,7,0,13,G10,eolica,51.177
2026-02-17 14:00,7,0,14,G01,hidro,94.316
2026-02-17 14:00,7,0,14,G02,hidro,87.187
2026-02-17 14:00,7,0,14,G03,hidro,191.061
2026-02-17 14:00,7,0,14,G04,hidro,264.452
2026-02-17 14:00,7,0,14,G05,hidro,273.963
2026-02-17 14:00,7,0,14,G06,termo,177.148
2026-02-17 14:00,7,0,14,G07,termo,162.067
2026-02-17 14:00,7,0,14,G08,solar,143.382
2026-02-17 14:00,7,0,14,G09,solar,131.814
2026-02-17 14:00,7,0,14,G10,eolica,44.64
2026-02-17 15:00,7,0,15,G01,hidro,84.701
2026-02-17 15:00,7,0,15,G02,hidro,83.386
2026-02-17 15:00,7,0,15,G03,hidro,191.544
2026-02-17 15:00,7,0,15,G04,hidro,243.102
2026-02-17 15:00,7,0,15,G05,hidro,238.594
2026-02-17 15:00,7,0,15,G06,termo,170.555
2026-02-17 15:00,7,0,15,G07,termo,160.694
2026-02-17 15:00,7,0,15,G08,solar,135.758
2026-02-17 15:00,7,0,15,G09,solar,132.755
2026-02-17 15:00,7,0,15,G10,eolica,36.043
2026-02-17 16:00,7,0,16,G01,hidro,102.32
2026-02-17 16:00,7,0,16,G02,hidro,104.948
2026-02-17 16:00,7,0,16,G03,hidro,209.899
2026-02-17 16:00,7,0,16,G04,hidro,242.023
2026-02-17 16:00,7,0,16,G05,hidro,278.13
2026-02-17 16:00,7,0,16,G06,termo,155.734
2026-02-17 16:00,7,0,16,G07,termo,176.116
2026-02-17 16:00,7,0,16,G08,solar,76.84
2026-02-17 16:00,7,0,16,G09,solar,81.993
2026-02-17 16:00,7,0,16,G10,eolica,39.938
2026-02-17 17:00,7,0,17,G01,hidro,104.796
2026-02-17 17:00,7,0,17,G02,hidro,93.624
2026-02-17 17:00,7,0,17,G03,hidro,222.139
2026-02-17 17:00,7,0,17,G04,hidro,235.452
2026-02-17 17:00,7,0,17,G05,hidro,278.703
2026-02-17 17:00,7,0,17,G06,termo,173.912
2026-02-17 17:00,7,0,17,G07,termo,171.694
2026-02-17 17:00,7,0,17,G08,solar,82.4
2026-02-17 17:00,7,0,17,G09,solar,78.38
2026-02-17 17:00,7,0,17,G10,eolica,32.827
2026-02-17 18:00,7,0,18,G01,hidro,83.41
2026-02-17 18:00,7,0,18,G02,hidro,93.31
2026-02-17 18:00,7,0,18,G03,hidro,209.458
2026-02-17 18:00,7,0,18,G04,hidro,290.936
2026-02-17 18:00,7,0,18,G05,hidro,281.713
2026-02-17 18:00,7,0,18,G06,termo,146.279
2026-02-17 18:00,7,0,18,G07,termo,165.028
2026-02-17 18:00,7,0,18,G08,solar,13.009
2026-02-17 18:00,7,0,18,G09,solar,13.391
2026-02-17 18:00,7,0,18,G10,eolica,33.787
2026-02-17 19:00,7,0,19,G01,hidro,82.015
2026-02-17 19:00,7,0,19,G02,hidro,83.742
2026-02-17 19:00,7,0,19,G03,hidro,166.252
2026-02-17 19:00,7,0,19,G04,hidro,259.015
2026-02-17 19:00,7,0,19,G05,hidro,258.747
2026-02-17 19:00,7,0,19,G06,termo,153.685
2026-02-17 19:00,7,0,19,G07,termo,140.409
2026-02-17 19:00,7,0,19,G08,solar,13.557
2026-02-17 19:00,7,0,19,G09,solar,13.077
2026-02-17 19:00,7,0,19,G10,eolica,30.667
2026-02-17 20:00,7,0,20,G01,hidro,94.679
2026-02-17 20:00,7,0,20,G02,hidro,86.017
2026-02-17 20:00,7,0,20,G03,hidro,200.51
2026-02-17 20:00,7,0,20,G04,hidro,234.736
2026-02-17 20:00,7,0,20,G05,hidro,240.642
2026-02-17 20:00,7,0,20,G06,termo,152.853
2026-02-17 20:00,7,0,20,G07,termo,155.017
2026-02-17 20:00,7,0,20,G08,solar,0.0
2026-02-17 20:00,7,0,20,G09,solar,0.0
2026-02-17 20:00,7,0,20,G10,eolica,33.742
2026-02-17 21:00,7,0,21,G01,hidro,93.048
2026-02-17 21:00,7,0,21,G02,hidro,89.078
2026-02-17 21:00,7,0,21,G03,hidro,190.346
2026-02-17 21:00,7,0,21,G04,hidro,234.062
2026-02-17 21:00,7,0,21,G05,hidro,245.755
2026-02-17 21:00,7,0,21,G06,termo,150.821
2026-02-17 21:00,7,0,21,G07,termo,160.589
2026-02-17 21:00,7,0,21,G08,solar,0.0
2026-02-17 21:00,7,0,21,G09,solar,0.0
2026-02-17 21:00,7,0,21,G10,eolica,38.69
2026-02-17 22:00,7,0,22,G01,hidro,75.469
2026-02-17 22:00,7,0,22,G02,hidro,82.304
2026-02-17 22:00,7,0,22,G03,hidro,175.497
2026-02-17 22:00,7,0,22,G04,hidro,223.927
2026-02-17 22:00,7,0,22,G05,hidro,251.883
2026-02-17 22:00,7,0,22,G06,termo,152.768
2026-02-17 22:00,7,0,22,G07,termo,150.13
2026-02-17 22:00,7,0,22,G08,solar,0.0
2026-02-17 22:00,7,0,22,G09,solar,0.0
2026-02-17 22:00,7,0,22,G10,eolica,48.823
2026-02-17 23:00,7,0,23,G01,hidro,68.392
2026-02-17 23:00,7,0,23,G02,hidro,67.958
2026-02-17 23:00,7,0,23,G03,hidro,153.404
2026-02-17 23:00,7,0,23,G04,hidro,170.348
2026-02-17 23:00,7,0,23,G05,hidro,184.339
2026-02-17 23:00,7,0,23,G06,termo,98.179
2026-02-17 23:00,7,0,23,G07,termo,94.758
2026-02-17 23:00,7,0,23,G08,solar,0.0
2026-02-17 23:00,7,0,23,G09,solar,0.0
2026-02-17 23:00,7,0,23,G10,eolica,58.164
2026-02-18 00:00,7,1,0,G01,hidro,63.031
2026-02-18 00:00,7,1,0,G02,hidro,64.876
2026-02-18 00:00,7,1,0,G03,hidro,140.555
2026-02-18 00:00,7,1,0,G04,hidro,144.925
2026-02-18 00:00,7,1,0,G05,hidro,157.867
2026-02-18 00:00,7,1,0,G06,termo,89.793
2026-02-18 00:00,7,1,0,G07,termo,101.222
2026-02-18 00:00,7,1,0,G08,solar,0.0
2026-02-18 00:00,7,1,0,G09,solar,0.0
2026-02-18 00:00,7,1,0,G10,eolica,53.725
2026-02-18 01:00,7,1,1,G01,hidro,64.043
2026-02-18 01:00,7,1,1,G02,hidro,58.363
2026-02-18 01:00,7,1,1,G03,hidro,118.514
2026-02-18 01:00,7,1,1,G04,hidro,167.35
2026-02-18 01:00,7,1,1,G05,hidro,161.912
2026-02-18 01:00,7,1,1,G06,termo,96.602
2026-02-18 01:00,7,1,1,G07,termo,86.718
2026-02-18 01:00,7,1,1,G08,solar,0.0
2026-02-18 01:00,7,1,1,G09,solar,0.0
2026-02-18 01:00,7,1,1,G10,eolica,69.253
2026-02-18 02:00,7,1,2,G01,hidro,63.647
2026-02-18 02:00,7,1,2,G02,hidro,56.545
2026-02-18 02:00,7,1,2,G03,hidro,140.564
2026-02-18 02:00,7,1,2,G04,hidro,163.414
2026-02-18 02:00,7,1,2,G05,hidro,148.543
2026-02-18 02:00,7,1,2,G06,termo,102.024
2026-02-18 02:00,7,1,2,G07,termo,98.534
2026-02-18 02:00,7,1,2,G08,solar,0.0
2026-02-18 02:00,7,1,2,G09,solar,0.0
2026-02-18 02:00,7,1,2,G10,eolica,70.101
2026-02-18 03:00,7,1,3,G01,hidro,63.012
2026-02-18 03:00,7,1,3,G02,hidro,57.997
2026-02-18 03:00,7,1,3,G03,hidro,141.602
2026-02-18 03:00,7,1,3,G04,hidro,153.265
2026-02-18 03:00,7,1,3,G05,hidro,151.697
2026-02-18 03:00,7,1,3,G06,termo,90.227
2026-02-18 03:00,7,1,3,G07,termo,88.479
2026-02-18 03:00,7,1,3,G08,solar,0.0
2026-02-18 03:00,7,1,3,G09,solar,0.0
2026-02-18 03:00,7,1,3,G10,eolica,84.038
2026-02-18 04:00,7,1,4,G01,hidro,63.417
2026-02-18 04:00,7,1,4,G02,hidro,62.502
2026-02-18 04:00,7,1,4,G03,hidro,139.072
2026-02-18 04:00,7,1,4,G04,hidro,166.786
2026-02-18 04:00,7,1,4,G05,hidro,181.723
2026-02-18 04:00,7,1,4,G06,termo,107.727
2026-02-18 04:00,7,1,4,G07,termo,87.305
2026-02-18 04:00,7,1,4,G08,solar,0.0
2026-02-18 04:00,7,1,4,G09,solar,0.0
2026-02-18 04:00,7,1,4,G10,eolica,79.117
2026-02-18 05:00,7,1,5,G01,hidro,53.724
2026-02-18 05:00,7,1,5,G02,hidro,60.405
2026-02-18 05:00,7,1,5,G03,hidro,123.674
2026-02-18 05:00,7,1,5,G04,hidro,153.092
2026-02-18 05:00,7,1,5,G05,hidro,158.237
2026-02-18 05:00,7,1,5,G06,termo,101.869
2026-02-18 05:00,7,1,5,G07,termo,107.49
2026-02-18 05:00,7,1,5,G08,solar,0.0
2026-02-18 05:00,7,1,5,G09,solar,0.0
2026-02-18 05:00,7,1,5,G10,eolica,83.09
2026-02-18 06:00,7,1,6,G01,hidro,58.092
2026-02-18 06:00,7,1,6,G02,hidro,55.225
2026-02-18 06:00,7,1,6,G03,hidro,127.147
2026-02-18 06:00,7,1,6,G04,hidro,147.304
2026-02-18 06:00,7,1,6,G05,hidro,167.339
2026-02-18 06:00,7,1,6,G06,termo,94.069
2026-02-18 06:00,7,1,6,G07,termo,106.708
2026-02-18 06:00,7,1,6,G08,solar,0.0
2026-02-18 06:00,7,1,6,G09,solar,0.0
2026-02-18 06:00,7,1,6,G10,eolica,93.825
2026-02-18 07:00,7,1,7,G01,hidro,90.518
2026-02-18 07:00,7,1,7,G02,hidro,101.391
2026-02-18 07:00,7,1,7,G03,hidro,217.138
2026-02-18 07:00,7,1,7,G04,hidro,264.153
2026-02-18 07:00,7,1,7,G05,hidro,247.091
2026-02-18 07:00,7,1,7,G06,termo,152.526
2026-02-18 07:00,7,1,7,G07,termo,176.628
2026-02-18 07:00,7,1,7,G08,solar,40.486
2026-02-18 07:00,7,1,7,G09,solar,38.318
2026-02-18 07:00,7,1,7,G10,eolica,93.149
2026-02-18 08:00,7,1,8,G01,hidro,85.562
2026-02-18 08:00,7,1,8,G02,hidro,94.812
2026-02-18 08:00,7,1,8,G03,hidro,221.773
2026-02-18 08:00,7,1,8,G04,hidro,293.475
2026-02-18 08:00,7,1,8,G05,hidro,240.715
2026-02-18 08:00,7,1,8,G06,termo,140.206
2026-02-18 08:00,7,1,8,G07,termo,166.986
2026-02-18 08:00,7,1,8,G08,solar,40.638
2026-02-18 08:00,7,1,8,G09,solar,39.787
2026-02-18 08:00,7,1,8,G10,eolica,88.282
2026-02-18 09:00,7,1,9,G01,hidro,97.13
2026-02-18 09:00,7,1,9,G02,hidro,90.395
2026-02-18 09:00,7,1,9,G03,hidro,205.024
2026-02-18 09:00,7,1,9,G04,hidro,283.881
2026-02-18 09:00,7,1,9,G05,hidro,292.528
2026-02-18 09:00,7,1,9,G06,termo,156.109
2026-02-18 09:00,7,1,9,G07,termo,173.922
2026-02-18 09:00,7,1,9,G08,solar,111.555
2026-02-18 09:00,7,1,9,G09,solar,115.748
2026-02-18 09:00,7,1,9,G10,eolica,85.973
2026-02-18 10:00,7,1,10,G01,hidro,91.728
2026-02-18 10:00,7,1,10,G02,hidro,99.188
2026-02-18 10:00,7,1,10,G03,hidro,229.485
2026-02-18 10:00,7,1,10,G04,hidro,286.967
2026-02-18 10:00,7,1,10,G05,hidro,239.633
2026-02-18 10:00,7,1,10,G06,termo,166.843
2026-02-18 10:00,7,1,10,G07,termo,156.803
2026-02-18 10:00,7,1,10,G08,solar,121.474
2026-02-18 10:00,7,1,10,G09,solar,116.835
2026-02-18 10:00,7,1,10,G10,eolica,75.38
2026-02-18 11:00,7,1,11,G01,hidro,87.769
2026-02-18 11:00,7,1,11,G02,hidro,100.779
2026-02-18 11:00,7,1,11,G03,hidro,220.194
2026-02-18 11:00,7,1,11,G04,hidro,284.905
2026-02-18 11:00,7,1,11,G05,hidro,241.201
2026-02-18 11:00,7,1,11,G06,termo,154.607
2026-02-18 11:00,7,1,11,G07,termo,152.019
2026-02-18 11:00,7,1,11,G08,solar,125.558
2026-02-18 11:00,7,1,11,G09,solar,115.311
2026-02-18 11:00,7,1,11,G10,eolica,71.82
2026-02-18 12:00,7,1,12,G01,hidro,92.447
2026-02-18 12:00,7,1,12,G02,hidro,91.514
2026-02-18 12:00,7,1,12,G03,hidro,225.123
2026-02-18 12:00,7,1,12,G04,hidro,292.358
2026-02-18 12:00,7,1,12,G05,hidro,290.836
2026-02-18 12:00,7,1,12,G06,termo,175.226
2026-02-18 12:00,7,1,12,G07,termo,151.31
2026-02-18 12:00,7,1,12,G08,solar,143.456
2026-02-18 12:00,7,1,12,G09,solar,137.918
2026-02-18 12:00,7,1,12,G10,eolica,62.716
2026-02-18 13:00,7,1,13,G01,hidro,104.574
2026-02-18 13:00,7,1,13,G02,hidro,89.615
2026-02-18 13:00,7,1,13,G03,hidro,225.123
2026-02-18 13:00,7,1,13,G04,hidro,253.076
2026-02-18 13:00,7,1,13,G05,hidro,292.543
2026-02-18 13:00,7,1,13,G06,termo,159.084
2026-02-18 13:00,7,1,13,G07,termo,140.048
2026-02-18 13:00,7,1,13,G08,solar,132.616
2026-02-18 13:00,7,1,13,G09,solar,134.925
2026-02-18 13:00,7,1,13,G10,eolica,50.847
2026-02-18 14:00,7,1,14,G01,hidro,99.32
2026-02-18 14:00,7,1,14,G02,hidro,87.172
2026-02-18 14:00,7,1,14,G03,hidro,208.372
2026-02-18 14:00,7,1,14,G04,hidro,232.137
2026-02-18 14:00,7,1,14,G05,hidro,268.77
2026-02-18 14:00,7,1,14,G06,termo,165.373
2026-02-18 14:00,7,1,14,G07,termo,146.988
2026-02-18 14:00,7,1,14,G08,solar,129.847
2026-02-18 14:00,7,1,14,G09,solar,133.373
2026-02-18 14:00,7,1,14,G10,eolica,42.252
2026-02-18 15:00,7,1,15,G01,hidro,84.128
2026-02-18 15:00,7,1,15,G02,hidro,93.305
2026-02-18 15:00,7,1,15,G03,hidro,221.938
2026-02-18 15:00,7,1,15,G04,hidro,240.283
2026-02-18 15:00,7,1,15,G05,hidro,242.69
2026-02-18 15:00,7,1,15,G06,termo,155.658
2026-02-18 15:00,7,1,15,G07,termo,172.451
2026-02-18 15:00,7,1,15,G08,solar,128.233
2026-02-18 15:00,7,1,15,G09,solar,129.532
2026-02-18 15:00,7,1,15,G10,eolica,39.725
2026-02-18 16:00,7,1,16,G01,hidro,82.354
2026-02-18 16:00,7,1,16,G02,hidro,102.509
2026-02-18 16:00,7,1,16,G03,hidro,212.402
2026-02-18 16:00,7,1,16,G04,hidro,288.507
2026-02-18 16:00,7,1,16,G05,hidro,232.408
2026-02-18 16:00,7,1,16,G06,termo,168.706
2026-02-18 16:00,7,1,16,G07,termo,151.54
2026-02-18 16:00,7,1,16,G08,solar,72.684
2026-02-18 16:00,7,1,16,G09,solar,80.208
2026-02-18 16:00,7,1,16,G10,eolica,34.792
2026-02-18 17:00,7,1,17,G01,hidro,92.371
2026-02-18 17:00,7,1,17,G02,hidro,95.4
2026-02-18 17:00,7,1,17,G03,hidro,226.931
2026-02-18 17:00,7,1,17,G04,hidro,279.555
2026-02-18 17:00,7,1,17,G05,hidro,283.118
2026-02-18 17:00,7,1,17,G06,termo,141.589
2026-02-18 17:00,7,1,17,G07,termo,161.232
2026-02-18 17:00,7,1,17,G08,solar,77.761
2026-02-18 17:00,7,1,17,G09,solar,77.731
2026-02-18 17:00,7,1,17,G10,eolica,35.693
2026-02-18 18:00,7,1,18,G01,hidro,96.564
2026-02-18 18:00,7,1,18,G02,hidro,93.289
2026-02-18 18:00,7,1,18,G03,hidro,201.408
2026-02-18 18:00,7,1,18,G04,hidro,257.027
2026-02-18 18:00,7,1,18,G05,hidro,287.544
2026-02-18 18:00,7,1,18,G06,termo,175.259
2026-02-18 18:00,7,1,18,G07,termo,144.419
2026-02-18 18:00,7,1,18,G08,solar,14.749
2026-02-18 18:00,7,1,18,G09,solar,14.438
2026-02-18 18:00,7,1,18,G10,eolica,31.586
2026-02-18 19:00,7,1,19,G01,hidro,82.184
2026-02-18 19:00,7,1,19,G02,hidro,91.415
2026-02-18 19:00,7,1,19,G03,hidro,166.274
2026-02-18 19:00,7,1,19,G04,hidro,207.673
2026-02-18 19:00,7,1,19,G05,hidro,231.329
2026-02-18 19:00,7,1,19,G06,termo,148.802
2026-02-18 19:00,7,1,19,G07,termo,159.078
2026-02-18 19:00,7,1,19,G08,solar,14.976
2026-02-18 19:00,7,1,19,G09,solar,14.47
2026-02-18 19:00,7,1,19,G10,eolica,34.434
2026-02-18 20:00,7,1,20,G01,hidro,86.251
2026-02-18 20:00,7,1,20,G02,hidro,81.957
2026-02-18 20:00,7,1,20,G03,hidro,188.855
2026-02-18 20:00,7,1,20,G04,hidro,220.675
2026-02-18 20:00,7,1,20,G05,hidro,263.108
2026-02-18 20:00,7,1,20,G06,termo,127.783
2026-02-18 20:00,7,1,20,G07,termo,143.083
2026-02-18 20:00,7,1,20,G08,solar,0.0
2026-02-18 20:00,7,1,20,G09,solar,0.0
2026-02-18 20:00,7,1,20,G10,eolica,33.633
2026-02-18 21:00,7,1,21,G01,hidro,88.135
2026-02-18 21:00,7,1,21,G02,hidro,77.766
2026-02-18 21:00,7,1,21,G03,hidro,175.498
2026-02-18 21:00,7,1,21,G04,hidro,256.949
2026-02-18 21:00,7,1,21,G05,hidro,211.036
2026-02-18 21:00,7,1,21,G06,termo,130.548
2026-02-18 21:00,7,1,21,G07,termo,158.079
2026-02-18 21:00,7,1,21,G08,solar,0.0
2026-02-18 21:00,7,1,21,G09,solar,0.0
2026-02-18 21:00,7,1,21,G10,eolica,40.917
2026-02-18 22:00,7,1,22,G01,hidro,88.626
2026-02-18 22:00,7,1,22,G02,hidro,83.456
2026-02-18 22:00,7,1,22,G03,hidro,193.967
2026-02-18 22:00,7,1,22,G04,hidro,213.068
2026-02-18 22:00,7,1,22,G05,hidro,251.166
2026-02-18 22:00,7,1,22,G06,termo,128.239
2026-02-18 22:00,7,1,22,G07,termo,128.749
2026-02-18 22:00,7,1,22,G08,solar,0.0
2026-02-18 22:00,7,1,22,G09,solar,0.0
2026-02-18 22:00,7,1,22,G10,eolica,42.849
2026-02-18 23:00,7,1,23,G01,hidro,59.199
2026-02-18 23:00,7,1,23,G02,hidro,59.083
2026-02-18 23:00,7,1,23,G03,hidro,122.839
2026-02-18 23:00,7,1,23,G04,hidro,185.994
2026-02-18 23:00,7,1,23,G05,hidro,166.27
2026-02-18 23:00,7,1,23,G06,termo,104.695
2026-02-18 23:00,7,1,23,G07,termo,93.631
2026-02-18 23:00,7,1,23,G08,solar,0.0
2026-02-18 23:00,7,1,23,G09,solar,0.0
2026-02-18 23:00,7,1,23,G10,eolica,50.452
2026-02-19 00:00,7,2,0,G01,hidro,54.359
2026-02-19 00:00,7,2,0,G02,hidro,58.179
2026-02-19 00:00,7,2,0,G03,hidro,131.114
2026-02-19 00:00,7,2,0,G04,hidro,172.876
2026-02-19 00:00,7,2,0,G05,hidro,167.46
2026-02-19 00:00,7,2,0,G06,termo,97.366
2026-02-19 00:00,7,2,0,G07,termo,90.419
2026-02-19 00:00,7,2,0,G08,solar,0.0
2026-02-19 00:00,7,2,0,G09,solar,0.0
2026-02-19 00:00,7,2,0,G10,eolica,65.036
2026-02-19 01:00,7,2,1,G01,hidro,52.093
2026-02-19 01:00,7,2,1,G02,hidro,54.489
2026-02-19 01:00,7,2,1,G03,hidro,122.064
2026-02-19 01:00,7,2,1,G04,hidro,179.464
2026-02-19 01:00,7,2,1,G05,hidro,172.272
2026-02-19 01:00,7,2,1,G06,termo,86.433
2026-02-19 01:00,7,2,1,G07,termo,91.286
2026-02-19 01:00,7,2,1,G08,solar,0.0
2026-02-19 01:00,7,2,1,G09,solar,0.0
2026-02-19 01:00,7,2,1,G10,eolica,64.363
2026-02-19 02:00,7,2,2,G01,hidro,61.84
2026-02-19 02:00,7,2,2,G02,hidro,51.958
2026-02-19 02:00,7,2,2,G03,hidro,133.288
2026-02-19 02:00,7,2,2,G04,hidro,149.13
2026-02-19 02:00,7,2,2,G05,hidro,175.136
2026-02-19 02:00,7,2,2,G06,termo,89.495
2026-02-19 02:00,7,2,2,G07,termo,106.18
2026-02-19 02:00,7,2,2,G08,solar,0.0
2026-02-19 02:00,7,2,2,G09,solar,0.0
2026-02-19 02:00,7,2,2,G10,eolica,67.787
2026-02-19 03:00,7,2,3,G01,hidro,61.76
2026-02-19 03:00,7,2,3,G02,hidro,52.745
2026-02-19 03:00,7,2,3,G03,hidro,122.482
2026-02-19 03:00,7,2,3,G04,hidro,153.665
2026-02-19 03:00,7,2,3,G05,hidro,161.154
2026-02-19 03:00,7,2,3,G06,termo,101.915
2026-02-19 03:00,7,2,3,G07,termo,88.716
2026-02-19 03:00,7,2,3,G08,solar,0.0
2026-02-19 03:00,7,2,3,G09,solar,0.0
2026-02-19 03:00,7,2,3,G10,eolica,79.923
2026-02-19 04:00,7,2,4,G01,hidro,64.088
2026-02-19 04:00,7,2,4,G02,hidro,64.471
2026-02-19 04:00,7,2,4,G03,hidro,128.732
2026-02-19 04:00,7,2,4,G04,hidro,161.752
2026-02-19 04:00,7,2,4,G05,hidro,167.668
2026-02-19 04:00,7,2,4,G06,termo,107.294
2026-02-19 04:00,7,2,4,G07,termo,96.281
2026-02-19 04:00,7,2,4,G08,solar,0.0
2026-02-19 04:00,7,2,4,G09,solar,0.0
2026-02-19 04:00,7,2,4,G10,eolica,79.211
2026-02-19 05:00,7,2,5,G01,hidro,56.415
2026-02-19 05:00,7,2,5,G02,hidro,54.925
2026-02-19 05:00,7,2,5,G03,hidro,135.174
2026-02-19 05:00,7,2,5,G04,hidro,178.768
2026-02-19 05:00,7,2,5,G05,hidro,179.126
2026-02-19 05:00,7,2,5,G06,termo,97.48
2026-02-19 05:00,7,2,5,G07,termo,96.704
2026-02-19 05:00,7,2,5,G08,solar,0.0
2026-02-19 05:00,7,2,5,G09,solar,0.0
2026-02-19 05:00,7,2,5,G10,eolica,89.914
2026-02-19 06:00,7,2,6,G01,hidro,52.729
2026-02-19 06:00,7,2,6,G02,hidro,57.802
2026-02-19 06:00,7,2,6,G03,hidro,135.275
2026-02-19 06:00,7,2,6,G04,hidro,147.206
2026-02-19 06:00,7,2,6,G05,hidro,173.501
2026-02-19 06:00,7,2,6,G06,termo,105.162
2026-02-19 06:00,7,2,6,G07,termo,102.486
2026-02-19 06:00,7,2,6,G08,solar,0.0
2026-02-19 06:00,7,2,6,G09,solar,0.0
2026-02-19 06:00,7,2,6,G10,eolica,84.526
2026-02-19 07:00,7,2,7,G01,hidro,88.091
2026-02-19 07:00,7,2,7,G02,hidro,101.171
2026-02-19 07:00,7,2,7,G03,hidro,198.284
2026-02-19 07:00,7,2,7,G04,hidro,263.188
2026-02-19 07:00,7,2,7,G05,hidro,273.522
2026-02-19 07:00,7,2,7,G06,termo,147.626
2026-02-19 07:00,7,2,7,G07,termo,163.09
2026-02-19 07:00,7,2,7,G08,solar,41.575
2026-02-19 07:00,7,2,7,G09,solar,41.931
2026-02-19 07:00,7,2,7,G10,eolica,88.545
2026-02-19 08:00,7,2,8,G01,hidro,99.55
2026-02-19 08:00,7,2,8,G02,hidro,104.791
2026-02-19 08:00,7,2,8,G03,hidro,227.074
2026-02-19 08:00,7,2,8,G04,hidro,230.787
2026-02-19 08:00,7,2,8,G05,hidro,246.403
2026-02-19 08:00,7,2,8,G06,termo,153.125
2026-02-19 08:00,7,2,8,G07,termo,157.293
2026-02-19 08:00,7,2,8,G08,solar,38.314
2026-02-19 08:00,7,2,8,G09,solar,44.292
2026-02-19 08:00,7,2,8,G10,eolica,86.25
2026-02-19 09:00,7,2,9,G01,hidro,86.919
2026-02-19 09:00,7,2,9,G02,hidro,104.027
2026-02-19 09:00,7,2,9,G03,hidro,186.034
2026-02-19 09:00,7,2,9,G04,hidro,238.531
2026-02-19 09:00,7,2,9,G05,hidro,257.757
2026-02-19 09:00,7,2,9,G06,termo,156.787
2026-02-19 09:00,7,2,9,G07,termo,178.017
2026-02-19 09:00,7,2,9,G08,solar,113.626
2026-02-19 09:00,7,2,9,G09,solar,120.665
2026-02-19 09:00,7,2,9,G10,eolica,73.456
2026-02-19 10:00,7,2,10,G01,hidro,95.808
2026-02-19 10:00,7,2,10,G02,hidro,90.047
2026-02-19 10:00,7,2,10,G03,hidro,181.185
2026-02-19 10:00,7,2,10,G04,hidro,276.165
2026-02-19 10:00,7,2,10,G05,hidro,279.236
2026-02-19 10:00,7,2,10,G06,termo,151.874
2026-02-19 10:00,7,2,10,G07,termo,168.329
2026-02-19 10:00,7,2,10,G08,solar,112.688
2026-02-19 10:00,7,2,10,G09,solar,117.432
2026-02-19 10:00,7,2,10,G10,eolica,65.269
2026-02-19 11:00,7,2,11,G01,hidro,90.924
2026-02-19 11:00,7,2,11,G02,hidro,94.986
2026-02-19 11:00,7,2,11,G03,hidro,225.99
2026-02-19 11:00,7,2,11,G04,hidro,238.499
2026-02-19 11:00,7,2,11,G05,hidro,246.882
2026-02-19 11:00,7,2,11,G06,termo,175.378
2026-02-19 11:00,7,2,11,G07,termo,166.289
2026-02-19 11:00,7,2,11,G08,solar,124.571
2026-02-19 11:00,7,2,11,G09,solar,122.745
2026-02-19 11:00,7,2,11,G10,eolica,72.57
2026-02-19 12:00,7,2,12,G01,hidro,87.875
2026-02-19 12:00,7,2,12,G02,hidro,100.717
2026-02-19 12:00,7,2,12,G03,hidro,215.101
2026-02-19 12:00,7,2,12,G04,hidro,281.589
2026-02-19 12:00,7,2,12,G05,hidro,269.488
2026-02-19 12:00,7,2,12,G06,termo,157.481
2026-02-19 12:00,7,2,12,G07,termo,168.381
2026-02-19 12:00,7,2,12,G08,solar,138.56
2026-02-19 12:00,7,2,12,G09,solar,128.826
2026-02-19 12:00,7,2,12,G10,eolica,65.943
2026-02-19 13:00,7,2,13,G01,hidro,88.679
2026-02-19 13:00,7,2,13,G02,hidro,98.328
2026-02-19 13:00,7,2,13,G03,hidro,200.712
2026-02-19 13:00,7,2,13,G04,hidro,286.32
2026-02-19 13:00,7,2,13,G05,hidro,258.152
2026-02-19 13:00,7,2,13,G06,termo,169.11
2026-02-19 13:00,7,2,13,G07,termo,142.567
2026-02-19 13:00,7,2,13,G08,solar,129.307
2026-02-19 13:00,7,2,13,G09,solar,128.036
2026-02-19 13:00,7,2,13,G10,eolica,54.595
2026-02-19 14:00,7,2,14,G01,hidro,91.994
2026-02-19 14:00,7,2,14,G02,hidro,93.041
2026-02-19 14:00,7,2,14,G03,hidro,202.404
2026-02-19 14:00,7,2,14,G04,hidro,280.6
2026-02-19 14:00,7,2,14,G05,hidro,286.445
2026-02-19 14:00,7,2,14,G06,termo,163.335
2026-02-19 14:00,7,2,14,G07,termo,162.341
2026-02-19 14:00,7,2,14,G08,solar,137.622
2026-02-19 14:00,7,2,14,G09,solar,128.474
2026-02-19 14:00,7,2,14,G10,eolica,48.884
2026-02-19 15:00,7,2,15,G01,hidro,98.705
2026-02-19 15:00,7,2,15,G02,hidro,95.207
2026-02-19 15:00,7,2,15,G03,hidro,212.301
2026-02-19 15:00,7,2,15,G04,hidro,256.482
2026-02-19 15:00,7,2,15,G05,hidro,256.329
2026-02-19 15:00,7,2,15,G06,termo,175.194
2026-02-19 15:00,7,2,15,G07,termo,160.963
2026-02-19 15:00,7,2,15,G08,solar,149.186
2026-02-19 15:00,7,2,15,G09,solar,137.45
2026-02-19 15:00,7,2,15,G10,eolica,36.335
2026-02-19 16:00,7,2,16,G01,hidro,82.025
2026-02-19 16:00,7,2,16,G02,hidro,94.988
2026-02-19 16:00,7,2,16,G03,hidro,221.061
2026-02-19 16:00,7,2,16,G04,hidro,237.226
2026-02-19 16:00,7,2,16,G05,hidro,265.997
2026-02-19 16:00,7,2,16,G06,termo,163.393
2026-02-19 16:00,7,2,16,G07,termo,148.098
2026-02-19 16:00,7,2,16,G08,solar,75.138
2026-02-19 16:00,7,2,16,G09,solar,71.367
2026-02-19 16:00,7,2,16,G10,eolica,38.348
2026-02-19 17:00,7,2,17,G01,hidro,98.504
2026-02-19 17:00,7,2,17,G02,hidro,101.003
2026-02-19 17:00,7,2,17,G03,hidro,220.551
2026-02-19 17:00,7,2,17,G04,hidro,289.109
2026-02-19 17:00,7,2,17,G05,hidro,232.053
2026-02-19 17:00,7,2,17,G06,termo,156.634
2026-02-19 17:00,7,2,17,G07,termo,165.706
2026-02-19 17:00,7,2,17,G08,solar,71.453
2026-02-19 17:00,7,2,17,G09,solar,78.592
2026-02-19 17:00,7,2,17,G10,eolica,31.626
2026-02-19 18:00,7,2,18,G01,hidro,99.88
2026-02-19 18:00,7,2,18,G02,hidro,95.159
2026-02-19 18:00,7,2,18,G03,hidro,198.548
2026-02-19 18:00,7,2,18,G04,hidro,268.441
2026-02-19 18:00,7,2,18,G05,hidro,276.315
2026-02-19 18:00,7,2,18,G06,termo,159.869
2026-02-19 18:00,7,2,18,G07,termo,156.134
2026-02-19 18:00,7,2,18,G08,solar,13.662
2026-02-19 18:00,7,2,18,G09,solar,12.914
2026-02-19 18:00,7,2,18,G10,eolica,33.613
2026-02-19 19:00,7,2,19,G01,hidro,78.116
2026-02-19 19:00,7,2,19,G02,hidro,76.408
2026-02-19 19:00,7,2,19,G03,hidro,199.554
2026-02-19 19:00,7,2,19,G04,hidro,231.092
2026-02-19 19:00,7,2,19,G05,hidro,236.204
2026-02-19 19:00,7,2,19,G06,termo,155.781
2026-02-19 19:00,7,2,19,G07,termo,135.782
2026-02-19 19:00,7,2,19,G08,solar,14.736
2026-02-19 19:00,7,2,19,G09,solar,14.952
2026-02-19 19:00,7,2,19,G10,eolica,36.016
2026-02-19 20:00,7,2,20,G01,hidro,87.693
2026-02-19 20:00,7,2,20,G02,hidro,82.816
2026-02-19 20:00,7,2,20,G03,hidro,196.05
2026-02-19 20:00,7,2,20,G04,hidro,247.659
2026-02-19 20:00,7,2,20,G05,hidro,251.76
2026-02-19 20:00,7,2,20,G06,termo,129.793
2026-02-19 20:00,7,2,20,G07,termo,134.907
2026-02-19 20:00,7,2,20,G08,solar,0.0
2026-02-19 20:00,7,2,20,G09,solar,0.0
2026-02-19 20:00,7,2,20,G10,eolica,34.458
2026-02-19 21:00,7,2,21,G01,hidro,77.014
2026-02-19 21:00,7,2,21,G02,hidro,82.637
2026-02-19 21:00,7,2,21,G03,hidro,194.588
2026-02-19 21:00,7,2,21,G04,hidro,265.706
2026-02-19 21:00,7,2,21,G05,hidro,262.374
2026-02-19 21:00,7,2,21,G06,termo,143.795
2026-02-19 21:00,7,2,21,G07,termo,143.527
2026-02-19 21:00,7,2,21,G08,solar,0.0
2026-02-19 21:00,7,2,21,G09,solar,0.0
2026-02-19 21:00,7,2,21,G10,eolica,39.21
2026-02-19 22:00,7,2,22,G01,hidro,78.631
2026-02-19 22:00,7,2,22,G02,hidro,91.487
2026-02-19 22:00,7,2,22,G03,hidro,195.82
2026-02-19 22:00,7,2,22,G04,hidro,243.788
2026-02-19 22:00,7,2,22,G05,hidro,250.599
2026-02-19 22:00,7,2,22,G06,termo,139.605
2026-02-19 22:00,7,2,22,G07,termo,138.049
2026-02-19 22:00,7,2,22,G08,solar,0.0
2026-02-19 22:00,7,2,22,G09,solar,0.0
2026-02-19 22:00,7,2,22,G10,eolica,46.953
2026-02-19 23:00,7,2,23,G01,hidro,59.063
2026-02-19 23:00,7,2,23,G02,hidro,67.471
2026-02-19 23:00,7,2,23,G03,hidro,143.251
2026-02-19 23:00,7,2,23,G04,hidro,189.452
2026-02-19 23:00,7,2,23,G05,hidro,158.937
2026-02-19 23:00,7,2,23,G06,termo,110.473
2026-02-19 23:00,7,2,23,G07,termo,114.433
2026-02-19 23:00,7,2,23,G08,solar,0.0
2026-02-19 23:00,7,2,23,G09,solar,0.0
2026-02-19 23:00,7,2,23,G10,eolica,54.255
2026-02-20 00:00,7,3,0,G01,hidro,55.04
2026-02-20 00:00,7,3,0,G02,hidro,54.501
2026-02-20 00:00,7,3,0,G03,hidro,142.707
2026-02-20 00:00,7,3,0,G04,hidro,174.173
2026-02-20 00:00,7,3,0,G05,hidro,170.078
2026-02-20 00:00,7,3,0,G06,termo,88.581
2026-02-20 00:00,7,3,0,G07,termo,91.633
2026-02-20 00:00,7,3,0,G08,solar,0.0
2026-02-20 00:00,7,3,0,G09,solar,0.0
2026-02-20 00:00,7,3,0,G10,eolica,61.868
2026-02-20 01:00,7,3,1,G01,hidro,59.477
2026-02-20 01:00,7,3,1,G02,hidro,62.292
2026-02-20 01:00,7,3,1,G03,hidro,125.136
2026-02-20 01:00,7,3,1,G04,hidro,179.719
2026-02-20 01:00,7,3,1,G05,hidro,169.16
2026-02-20 01:00,7,3,1,G06,termo,95.923
2026-02-20 01:00,7,3,1,G07,termo,107.122
2026-02-20 01:00,7,3,1,G08,solar,0.0
2026-02-20 01:00,7,3,1,G09,solar,0.0
2026-02-20 01:00,7,3,1,G10,eolica,60.131
2026-02-20 02:00,7,3,2,G01,hidro,60.103
2026-02-20 02:00,7,3,2,G02,hidro,63.911
2026-02-20 02:00,7,3,2,G03,hidro,136.407
2026-02-20 02:00,7,3,2,G04,hidro,178.646
2026-02-20 02:00,7,3,2,G05,hidro,179.671
2026-02-20 02:00,7,3,2,G06,termo,102.517
2026-02-20 02:00,7,3,2,G07,termo,93.803
2026-02-20 02:00,7,3,2,G08,solar,0.0
2026-02-20 02:00,7,3,2,G09,solar,0.0
2026-02-20 02:00,7,3,2,G10,eolica,65.484
2026-02-20 03:00,7,3,3,G01,hidro,62.448
2026-02-20 03:00,7,3,3,G02,hidro,62.702
2026-02-20 03:00,7,3,3,G03,hidro,131.7
2026-02-20 03:00,7,3,3,G04,hidro,161.9
2026-02-20 03:00,7,3,3,G05,hidro,146.983
2026-02-20 03:00,7,3,3,G06,termo,89.666
2026-02-20 03:00,7,3,3,G07,termo,97.057
2026-02-20 03:00,7,3,3,G08,solar,0.0
2026-02-20 03:00,7,3,3,G09,solar,0.0
2026-02-20 03:00,7,3,3,G10,eolica,75.651
2026-02-20 04:00,7,3,4,G01,hidro,51.359
2026-02-20 04:00,7,3,4,G02,hidro,55.415
2026-02-20 04:00,7,3,4,G03,hidro,125.721
2026-02-20 04:00,7,3,4,G04,hidro,162.947
2026-02-20 04:00,7,3,4,G05,hidro,160.225
2026-02-20 04:00,7,3,4,G06,termo,93.135
2026-02-20 04:00,7,3,4,G07,termo,86.304
2026-02-20 04:00,7,3,4,G08,solar,0.0
2026-02-20 04:00,7,3,4,G09,solar,0.0
2026-02-20 04:00,7,3,4,G10,eolica,88.778
2026-02-20 05:00,7,3,5,G01,hidro,59.847
2026-02-20 05:00,7,3,5,G02,hidro,55.268
2026-02-20 05:00,7,3,5,G03,hidro,119.778
2026-02-20 05:00,7,3,5,G04,hidro,168.867
2026-02-20 05:00,7,3,5,G05,hidro,163.766
2026-02-20 05:00,7,3,5,G06,termo,107.534
2026-02-20 05:00,7,3,5,G07,termo,91.018
2026-02-20 05:00,7,3,5,G08,solar,0.0
2026-02-20 05:00,7,3,5,G09,solar,0.0
2026-02-20 05:00,7,3,5,G10,eolica,86.693
2026-02-20 06:00,7,3,6,G01,hidro,58.145
2026-02-20 06:00,7,3,6,G02,hidro,60.45
2026-02-20 06:00,7,3,6,G03,hidro,136.895
2026-02-20 06:00,7,3,6,G04,hidro,146.837
2026-02-20 06:00,7,3,6,G05,hidro,153.291
2026-02-20 06:00,7,3,6,G06,termo,92.129
2026-02-20 06:00,7,3,6,G07,termo,87.515
2026-02-20 06:00,7,3,6,G08,solar,0.0
2026-02-20 06:00,7,3,6,G09,solar,0.0
2026-02-20 06:00,7,3,6,G10,eolica,84.762
2026-02-20 07:00,7,3,7,G01,hidro,85.31
2026-02-20 07:00,7,3,7,G02,hidro,96.963
2026-02-20 07:00,7,3,7,G03,hidro,181.557
2026-02-20 07:00,7,3,7,G04,hidro,230.026
2026-02-20 07:00,7,3,7,G05,hidro,278.379
2026-02-20 07:00,7,3,7,G06,termo,142.464
2026-02-20 07:00,7,3,7,G07,termo,155.625
2026-02-20 07:00,7,3,7,G08,solar,38.315
2026-02-20 07:00,7,3,7,G09,solar,39.732
2026-02-20 07:00,7,3,7,G10,eolica,88.432
2026-02-20 08:00,7,3,8,G01,hidro,89.684
2026-02-20 08:00,7,3,8,G02,hidro,98.809
2026-02-20 08:00,7,3,8,G03,hidro,217.393
2026-02-20 08:00,7,3,8,G04,hidro,250.14
2026-02-20 08:00,7,3,8,G05,hidro,231.666
2026-02-20 08:00,7,3,8,G06,termo,175.019
2026-02-20 08:00,7,3,8,G07,termo,156.68
2026-02-20 08:00,7,3,8,G08,solar,42.723
2026-02-20 08:00,7,3,8,G09,solar,38.903
2026-02-20 08:00,7,3,8,G10,eolica,79.623
2026-02-20 09:00,7,3,9,G01,hidro,98.132
2026-02-20 09:00,7,3,9,G02,hidro,85.824
2026-02-20 09:00,7,3,9,G03,hidro,189.314
2026-02-20 09:00,7,3,9,G04,hidro,252.038
2026-02-20 09:00,7,3,9,G05,hidro,265.519
2026-02-20 09:00,7,3,9,G06,termo,141.928
2026-02-20 09:00,7,3,9,G07,termo,144.15
2026-02-20 09:00,7,3,9,G08,solar,122.702
2026-02-20 09:00,7,3,9,G09,solar,115.308
2026-02-20 09:00,7,3,9,G10,eolica,78.265
2026-02-20 10:00,7,3,10,G01,hidro,87.572
2026-02-20 10:00,7,3,10,G02,hidro,104.058
2026-02-20 10:00,7,3,10,G03,hidro,224.339
2026-02-20 10:00,7,3,10,G04,hidro,237.176
2026-02-20 10:00,7,3,10,G05,hidro,280.188
2026-02-20 10:00,7,3,10,G06,termo,169.696
2026-02-20 10:00,7,3,10,G07,termo,145.105
2026-02-20 10:00,7,3,10,G08,solar,111.835
2026-02-20 10:00,7,3,10,G09,solar,124.415
2026-02-20 10:00,7,3,10,G10,eolica,70.291
2026-02-20 11:00,7,3,11,G01,hidro,94.817
2026-02-20 11:00,7,3,11,G02,hidro,102.985
2026-02-20 11:00,7,3,11,G03,hidro,223.592
2026-02-20 11:00,7,3,11,G04,hidro,254.57
2026-02-20 11:00,7,3,11,G05,hidro,277.236
2026-02-20 11:00,7,3,11,G06,termo,139.612
2026-02-20 11:00,7,3,11,G07,termo,156.717
2026-02-20 11:00,7,3,11,G08,solar,124.796
2026-02-20 11:00,7,3,11,G09,solar,115.758
2026-02-20 11:00,7,3,11,G10,eolica,64.416
2026-02-20 12:00,7,3,12,G01,hidro,88.489
2026-02-20 12:00,7,3,12,G02,hidro,88.497
2026-02-20 12:00,7,3,12,G03,hidro,218.707
2026-02-20 12:00,7,3,12,G04,hidro,269.235
2026-02-20 12:00,7,3,12,G05,hidro,261.275
2026-02-20 12:00,7,3,12,G06,termo,147.124
2026-02-20 12:00,7,3,12,G07,termo,175.476
2026-02-20 12:00,7,3,12,G08,solar,131.016
2026-02-20 12:00,7,3,12,G09,solar,142.795
2026-02-20 12:00,7,3,12,G10,eolica,58.099
2026-02-20 13:00,7,3,13,G01,hidro,96.348
2026-02-20 13:00,7,3,13,G02,hidro,94.044
2026-02-20 13:00,7,3,13,G03,hidro,230.218
2026-02-20 13:00,7,3,13,G04,hidro,243.469
2026-02-20 13:00,7,3,13,G05,hidro,286.002
2026-02-20 13:00,7,3,13,G06,termo,145.617
2026-02-20 13:00,7,3,13,G07,termo,149.991
2026-02-20 13:00,7,3,13,G08,solar,128.706
2026-02-20 13:00,7,3,13,G09,solar,136.334
2026-02-20 13:00,7,3,13,G10,eolica,49.291
2026-02-20 14:00,7,3,14,G01,hidro,99.288
2026-02-20 14:00,7,3,14,G02,hidro,88.908
2026-02-20 14:00,7,3,14,G03,hidro,183.299
2026-02-20 14:00,7,3,14,G04,hidro,247.365
2026-02-20 14:00,7,3,14,G05,hidro,289.535
2026-02-20 14:00,7,3,14,G06,termo,162.07
2026-02-20 14:00,7,3,14,G07,termo,155.672
2026-02-20 14:00,7,3,14,G08,solar,140.753
2026-02-20 14:00,7,3,14,G09,solar,149.868
2026-02-20 14:00,7,3,14,G10,eolica,48.709
2026-02-20 15:00,7,3,15,G01,hidro,83.969
2026-02-20 15:00,7,3,15,G02,hidro,85.413
2026-02-20 15:00,7,3,15,G03,hidro,214.538
2026-02-20 15:00,7,3,15,G04,hidro,261.417
2026-02-20 15:00,7,3,15,G05,hidro,292.159
2026-02-20 15:00,7,3,15,G06,termo,145.287
2026-02-20 15:00,7,3,15,G07,termo,155.267
2026-02-20 15:00,7,3,15,G08,solar,147.371
2026-02-20 15:00,7,3,15,G09,solar,134.099
2026-02-20 15:00,7,3,15,G10,eolica,42.64
2026-02-20 16:00,7,3,16,G01,hidro,93.843
2026-02-20 16:00,7,3,16,G02,hidro,84.511
2026-02-20 16:00,7,3,16,G03,hidro,229.766
2026-02-20 16:00,7,3,16,G04,hidro,229.924
2026-02-20 16:00,7,3,16,G05,hidro,280.722
2026-02-20 16:00,7,3,16,G06,termo,174.687
2026-02-20 16:00,7,3,16,G07,termo,148.853
2026-02-20 16:00,7,3,16,G08,solar,79.663
2026-02-20 16:00,7,3,16,G09,solar,70.625
2026-02-20 16:00,7,3,16,G10,eolica,38.462
2026-02-20 17:00,7,3,17,G01,hidro,98.956
2026-02-20 17:00,7,3,17,G02,hidro,95.311
2026-02-20 17:00,7,3,17,G03,hidro,192.121
2026-02-20 17:00,7,3,17,G04,hidro,235.446
2026-02-20 17:00,7,3,17,G05,hidro,254.907
2026-02-20 17:00,7,3,17,G06,termo,147.419
2026-02-20 17:00,7,3,17,G07,termo,140.181
2026-02-20 17:00,7,3,17,G08,solar,82.41
2026-02-20 17:00,7,3,17,G09,solar,81.882
2026-02-20 17:00,7,3,17,G10,eolica,31.947
2026-02-20 18:00,7,3,18,G01,hidro,102.776
2026-02-20 18:00,7,3,18,G02,hidro,93.679
2026-02-20 18:00,7,3,18,G03,hidro,194.696
2026-02-20 18:00,7,3,18,G04,hidro,282.75
2026-02-20 18:00,7,3,18,G05,hidro,240.717
2026-02-20 18:00,7,3,18,G06,termo,172.184
2026-02-20 18:00,7,3,18,G07,termo,176.074
2026-02-20 18:00,7,3,18,G08,solar,14.082
2026-02-20 18:00,7,3,18,G09,solar,14.184
2026-02-20 18:00,7,3,18,G10,eolica,31.989
2026-02-20 19:00,7,3,19,G01,hidro,85.812
2026-02-20 19:00,7,3,19,G02,hidro,76.33
2026-02-20 19:00,7,3,19,G03,hidro,180.729
2026-02-20 19:00,7,3,19,G04,hidro,223.165
2026-02-20 19:00,7,3,19,G05,hidro,255.609
2026-02-20 19:00,7,3,19,G06,termo,140.902
2026-02-20 19:00,7,3,19,G07,termo,157.927
2026-02-20 19:00,7,3,19,G08,solar,14.731
2026-02-20 19:00,7,3,19,G09,solar,13.795
2026-02-20 19:00,7,3,19,G10,eolica,35.807
2026-02-20 20:00,7,3,20,G01,hidro,79.865
2026-02-20 20:00,7,3,20,G02,hidro,75.289
2026-02-20 20:00,7,3,20,G03,hidro,166.613
2026-02-20 20:00,7,3,20,G04,hidro,210.782
2026-02-20 20:00,7,3,20,G05,hidro,226.143
2026-02-20 20:00,7,3,20,G06,termo,128.994
2026-02-20 20:00,7,3,20,G07,termo,161.242
2026-02-20 20:00,7,3,20,G08,solar,0.0
2026-02-20 20:00,7,3,20,G09,solar,0.0
2026-02-20 20:00,7,3,20,G10,eolica,37.853
2026-02-20 21:00,7,3,21,G01,hidro,77.341
2026-02-20 21:00,7,3,21,G02,hidro,89.414
2026-02-20 21:00,7,3,21,G03,hidro,184.189
2026-02-20 21:00,7,3,21,G04,hidro,224.523
2026-02-20 21:00,7,3,21,G05,hidro,210.773
2026-02-20 21:00,7,3,21,G06,termo,161.433
2026-02-20 21:00,7,3,21,G07,termo,144.622
2026-02-20 21:00,7,3,21,G08,solar,0.0
2026-02-20 21:00,7,3,21,G09,solar,0.0
2026-02-20 21:00,7,3,21,G10,eolica,36.99
2026-02-20 22:00,7,3,22,G01,hidro,89.185
2026-02-20 22:00,7,3,22,G02,hidro,81.291
2026-02-20 22:00,7,3,22,G03,hidro,200.962
2026-02-20 22:00,7,3,22,G04,hidro,216.441
2026-02-20 22:00,7,3,22,G05,hidro,232.155
2026-02-20 22:00,7,3,22,G06,termo,150.637
2026-02-20 22:00,7,3,22,G07,termo,126.547
2026-02-20 22:00,7,3,22,G08,solar,0.0
2026-02-20 22:00,7,3,22,G09,solar,0.0
2026-02-20 22:00,7,3,22,G10,eolica,42.874
2026-02-20 23:00,7,3,23,G01,hidro,69.894
2026-02-20 23:00,7,3,23,G02,hidro,67.09
2026-02-20 23:00,7,3,23,G03,hidro,141.361
2026-02-20 23:00,7,3,23,G04,hidro,171.764
2026-02-20 23:00,7,3,23,G05,hidro,156.314
2026-02-20 23:00,7,3,23,G06,termo,112.451
2026-02-20 23:00,7,3,23,G07,termo,95.008
2026-02-20 23:00,7,3,23,G08,solar,0.0
2026-02-20 23:00,7,3,23,G09,solar,0.0
2026-02-20 23:00,7,3,23,G10,eolica,53.709
2026-02-21 00:00,7,4,0,G01,hidro,61.704
2026-02-21 00:00,7,4,0,G02,hidro,59.257
2026-02-21 00:00,7,4,0,G03,hidro,125.618
2026-02-21 00:00,7,4,0,G04,hidro,160.33
2026-02-21 00:00,7,4,0,G05,hidro,161.148
2026-02-21 00:00,7,4,0,G06,termo,96.348
2026-02-21 00:00,7,4,0,G07,termo,88.845
2026-02-21 00:00,7,4,0,G08,solar,0.0
2026-02-21 00:00,7,4,0,G09,solar,0.0
2026-02-21 00:00,7,4,0,G10,eolica,53.792
2026-02-21 01:00,7,4,1,G01,hidro,62.066
2026-02-21 01:00,7,4,1,G02,hidro,61.163
2026-02-21 01:00,7,4,1,G03,hidro,118.006
2026-02-21 01:00,7,4,1,G04,hidro,142.923
2026-02-21 01:00,7,4,1,G05,hidro,167.824
2026-02-21 01:00,7,4,1,G06,termo,89.042
2026-02-21 01:00,7,4,1,G07,termo,98.025
2026-02-21 01:00,7,4,1,G08,solar,0.0
2026-02-21 01:00,7,4,1,G09,solar,0.0
2026-02-21 01:00,7,4,1,G10,eolica,61.377
2026-02-21 02:00,7,4,2,G01,hidro,55.256
2026-02-21 02:00,7,4,2,G02,hidro,50.938
2026-02-21 02:00,7,4,2,G03,hidro,136.858
2026-02-21 02:00,7,4,2,G04,hidro,172.524
2026-02-21 02:00,7,4,2,G05,hidro,143.191
2026-02-21 02:00,7,4,2,G06,termo,103.284
2026-02-21 02:00,7,4,2,G07,termo,110.307
2026-02-21 02:00,7,4,2,G08,solar,0.0
2026-02-21 02:00,7,4,2,G09,solar,0.0
2026-02-21 02:00,7,4,2,G10,eolica,71.501
2026-02-21 03:00,7,4,3,G01,hidro,53.987
2026-02-21 03:00,7,4,3,G02,hidro,50.942
2026-02-21 03:00,7,4,3,G03,hidro,139.005
2026-02-21 03:00,7,4,3,G04,hidro,147.758
2026-02-21 03:00,7,4,3,G05,hidro,162.821
2026-02-21 03:00,7,4,3,G06,termo,109.178
2026-02-21 03:00,7,4,3,G07,termo,98.664
2026-02-21 03:00,7,4,3,G08,solar,0.0
2026-02-21 03:00,7,4,3,G09,solar,0.0
2026-02-21 03:00,7,4,3,G10,eolica,81.267
2026-02-21 04:00,7,4,4,G01,hidro,51.957
2026-02-21 04:00,7,4,4,G02,hidro,54.311
2026-02-21 04:00,7,4,4,G03,hidro,138.471
2026-02-21 04:00,7,4,4,G04,hidro,168.243
2026-02-21 04:00,7,4,4,G05,hidro,172.989
2026-02-21 04:00,7,4,4,G06,termo,102.78
2026-02-21 04:00,7,4,4,G07,termo,99.317
2026-02-21 04:00,7,4,4,G08,solar,0.0
2026-02-21 04:00,7,4,4,G09,solar,0.0
2026-02-21 04:00,7,4,4,G10,eolica,91.714
2026-02-21 05:00,7,4,5,G01,hidro,58.469
2026-02-21 05:00,7,4,5,G02,hidro,63.471
2026-02-21 05:00,7,4,5,G03,hidro,139.449
2026-02-21 05:00,7,4,5,G04,hidro,156.799
2026-02-21 05:00,7,4,5,G05,hidro,180.437
2026-02-21 05:00,7,4,5,G06,termo,88.343
2026-02-21 05:00,7,4,5,G07,termo,110.159
2026-02-21 05:00,7,4,5,G08,solar,0.0
2026-02-21 05:00,7,4,5,G09,solar,0.0
2026-02-21 05:00,7,4,5,G10,eolica,82.608
2026-02-21 06:00,7,4,6,G01,hidro,55.435
2026-02-21 06:00,7,4,6,G02,hidro,51.887
2026-02-21 06:00,7,4,6,G03,hidro,126.963
2026-02-21 06:00,7,4,6,G04,hidro,148.371
2026-02-21 06:00,7,4,6,G05,hidro,172.32
2026-02-21 06:00,7,4,6,G06,termo,98.883
2026-02-21 06:00,7,4,6,G07,termo,109.744
2026-02-21 06:00,7,4,6,G08,solar,0.0
2026-02-21 06:00,7,4,6,G09,solar,0.0
2026-02-21 06:00,7,4,6,G10,eolica,90.879
2026-02-21 07:00,7,4,7,G01,hidro,103.687
2026-02-21 07:00,7,4,7,G02,hidro,98.52
2026-02-21 07:00,7,4,7,G03,hidro,197.102
2026-02-21 07:00,7,4,7,G04,hidro,293.731
2026-02-21 07:00,7,4,7,G05,hidro,249.913
2026-02-21 07:00,7,4,7,G06,termo,146.085
2026-02-21 07:00,7,4,7,G07,termo,149.405
2026-02-21 07:00,7,4,7,G08,solar,42.719
2026-02-21 07:00,7,4,7,G09,solar,40.768
2026-02-21 07:00,7,4,7,G10,eolica,79.204
2026-02-21 08:00,7,4,8,G01,hidro,96.937
2026-02-21 08:00,7,4,8,G02,hidro,87.227
2026-02-21 08:00,7,4,8,G03,hidro,222.559
2026-02-21 08:00,7,4,8,G04,hidro,280.824
2026-02-21 08:00,7,4,8,G05,hidro,258.729
2026-02-21 08:00,7,4,8,G06,termo,172.063
2026-02-21 08:00,7,4,8,G07,termo,153.174
2026-02-21 08:00,7,4,8,G08,solar,42.215
2026-02-21 08:00,7,4,8,G09,solar,43.25
2026-02-21 08:00,7,4,8,G10,eolica,78.56
2026-02-21 09:00,7,4,9,G01,hidro,85.454
2026-02-21 09:00,7,4,9,G02,hidro,87.054
2026-02-21 09:00,7,4,9,G03,hidro,224.152
2026-02-21 09:00,7,4,9,G04,hidro,291.849
2026-02-21 09:00,7,4,9,G05,hidro,285.641
2026-02-21 09:00,7,4,9,G06,termo,161.763
2026-02-21 09:00,7,4,9,G07,termo,148.81
2026-02-21 09:00,7,4,9,G08,solar,123.287
2026-02-21 09:00,7,4,9,G09,solar,127.494
2026-02-21 09:00,7,4,9,G10,eolica,86.294
2026-02-21 10:00,7,4,10,G01,hidro,94.876
2026-02-21 10:00,7,4,10,G02,hidro,84.002
2026-02-21 10:00,7,4,10,G03,hidro,212.62
2026-02-21 10:00,7,4,10,G04,hidro,238.636
2026-02-21 10:00,7,4,10,G05,hidro,238.035
2026-02-21 10:00,7,4,10,G06,termo,163.246
2026-02-21 10:00,7,4,10,G07,termo,141.689
2026-02-21 10:00,7,4,10,G08,solar,114.334
2026-02-21 10:00,7,4,10,G09,solar,119.031
2026-02-21 10:00,7,4,10,G10,eolica,73.448
2026-02-21 11:00,7,4,11,G01,hidro,87.963
2026-02-21 11:00,7,4,11,G02,hidro,103.407
2026-02-21 11:00,7,4,11,G03,hidro,187.59
2026-02-21 11:00,7,4,11,G04,hidro,293.383
2026-02-21 11:00,7,4,11,G05,hidro,256.357
2026-02-21 11:00,7,4,11,G06,termo,149.191
2026-02-21 11:00,7,4,11,G07,termo,164.319
2026-02-21 11:00,7,4,11,G08,solar,110.728
2026-02-21 11:00,7,4,11,G09,solar,113.93
2026-02-21 11:00,7,4,11,G10,eolica,68.703
2026-02-21 12:00,7,4,12,G01,hidro,86.561
2026-02-21 12:00,7,4,12,G02,hidro,86.531
2026-02-21 12:00,7,4,12,G03,hidro,206.209
2026-02-21 12:00,7,4,12,G04,hidro,245.889
2026-02-21 12:00,7,4,12,G05,hidro,253.916
2026-02-21 12:00,7,4,12,G06,termo,159.608
2026-02-21 12:00,7,4,12,G07,termo,164.267
2026-02-21 12:00,7,4,12,G08,solar,144.867
2026-02-21 12:00,7,4,12,G09,solar,148.753
2026-02-21 12:00,7,4,12,G10,eolica,54.336
2026-02-21 13:00,7,4,13,G01,hidro,84.169
2026-02-21 13:00,7,4,13,G02,hidro,88.383
2026-02-21 13:00,7,4,13,G03,hidro,205.068
2026-02-21 13:00,7,4,13,G04,hidro,256.418
2026-02-21 13:00,7,4,13,G05,hidro,288.642
2026-02-21 13:00,7,4,13,G06,termo,147.73
2026-02-21 13:00,7,4,13,G07,termo,155.955
2026-02-21 13:00,7,4,13,G08,solar,134.706
2026-02-21 13:00,7,4,13,G09,solar,130.56
2026-02-21 13:00,7,4,13,G10,eolica,51.816
2026-02-21 14:00,7,4,14,G01,hidro,85.824
2026-02-21 14:00,7,4,14,G02,hidro,103.739
2026-02-21 14:00,7,4,14,G03,hidro,189.016
2026-02-21 14:00,7,4,14,G04,hidro,282.155
2026-02-21 14:00,7,4,14,G05,hidro,242.828
2026-02-21 14:00,7,4,14,G06,termo,168.316
2026-02-21 14:00,7,4,14,G07,termo,178.475
2026-02-21 14:00,7,4,14,G08,solar,141.989
2026-02-21 14:00,7,4,14,G09,solar,138.755
2026-02-21 14:00,7,4,14,G10,eolica,46.924
2026-02-21 15:00,7,4,15,G01,hidro,103.179
2026-02-21 15:00,7,4,15,G02,hidro,104.495
2026-02-21 15:00,7,4,15,G03,hidro,218.613
2026-02-21 15:00,7,4,15,G04,hidro,261.164
2026-02-21 15:00,7,4,15,G05,hidro,286.494
2026-02-21 15:00,7,4,15,G06,termo,140.69
2026-02-21 15:00,7,4,15,G07,termo,177.329
2026-02-21 15:00,7,4,15,G08,solar,132.4
2026-02-21 15:00,7,4,15,G09,solar,135.594
2026-02-21 15:00,7,4,15,G10,eolica,43.505
2026-02-21 16:00,7,4,16,G01,hidro,93.892
2026-02-21 16:00,7,4,16,G02,hidro,86.463
2026-02-21 16:00,7,4,16,G03,hidro,227.957
2026-02-21 16:00,7,4,16,G04,hidro,265.062
2026-02-21 16:00,7,4,16,G05,hidro,266.863
2026-02-21 16:00,7,4,16,G06,termo,145.783
2026-02-21 16:00,7,4,16,G07,termo,173.47
2026-02-21 16:00,7,4,16,G08,solar,74.263
2026-02-21 16:00,7,4,16,G09,solar,77.182
2026-02-21 16:00,7,4,16,G10,eolica,39.611
2026-02-21 17:00,7,4,17,G01,hidro,102.706
2026-02-21 17:00,7,4,17,G02,hidro,99.206
2026-02-21 17:00,7,4,17,G03,hidro,206.954
2026-02-21 17:00,7,4,17,G04,hidro,249.888
2026-02-21 17:00,7,4,17,G05,hidro,255.673
2026-02-21 17:00,7,4,17,G06,termo,146.581
2026-02-21 17:00,7,4,17,G07,termo,142.322
2026-02-21 17:00,7,4,17,G08,solar,79.872
2026-02-21 17:00,7,4,17,G09,solar,77.375
2026-02-21 17:00,7,4,17,G10,eolica,33.343
2026-02-21 18:00,7,4,18,G01,hidro,82.811
2026-02-21 18:00,7,4,18,G02,hidro,84.596
2026-02-21 18:00,7,4,18,G03,hidro,207.97
2026-02-21 18:00,7,4,18,G04,hidro,231.005
2026-02-21 18:00,7,4,18,G05,hidro,267.766
2026-02-21 18:00,7,4,18,G06,termo,163.182
2026-02-21 18:00,7,4,18,G07,termo,139.742
2026-02-21 18:00,7,4,18,G08,solar,13.358
2026-02-21 18:00,7,4,18,G09,solar,13.11
2026-02-21 18:00,7,4,18,G10,eolica,34.486
2026-02-21 19:00,7,4,19,G01,hidro,82.918
2026-02-21 19:00,7,4,19,G02,hidro,87.576
2026-02-21 19:00,7,4,19,G03,hidro,198.492
2026-02-21 19:00,7,4,19,G04,hidro,253.624
2026-02-21 19:00,7,4,19,G05,hidro,228.077
2026-02-21 19:00,7,4,19,G06,termo,145.845
2026-02-21 19:00,7,4,19,G07,termo,147.705
2026-02-21 19:00,7,4,19,G08,solar,14.751
2026-02-21 19:00,7,4,19,G09,solar,14.004
2026-02-21 19:00,7,4,19,G10,eolica,35.04
2026-02-21 20:00,7,4,20,G01,hidro,78.906
2026-02-21 20:00,7,4,20,G02,hidro,83.755
2026-02-21 20:00,7,4,20,G03,hidro,165.384
2026-02-21 20:00,7,4,20,G04,hidro,260.16
2026-02-21 20:00,7,4,20,G05,hidro,223.836
2026-02-21 20:00,7,4,20,G06,termo,151.109
2026-02-21 20:00,7,4,20,G07,termo,151.732
2026-02-21 20:00,7,4,20,G08,solar,0.0
2026-02-21 20:00,7,4,20,G09,solar,0.0
2026-02-21 20:00,7,4,20,G10,eolica,33.447
2026-02-21 21:00,7,4,21,G01,hidro,75.24
2026-02-21 21:00,7,4,21,G02,hidro,93.041
2026-02-21 21:00,7,4,21,G03,hidro,188.26
2026-02-21 21:00,7,4,21,G04,hidro,259.733
2026-02-21 21:00,7,4,21,G05,hidro,250.126
2026-02-21 21:00,7,4,21,G06,termo,132.514
2026-02-21 21:00,7,4,21,G07,termo,143.294
2026-02-21 21:00,7,4,21,G08,solar,0.0
2026-02-21 21:00,7,4,21,G09,solar,0.0
2026-02-21 21:00,7,4,21,G10,eolica,39.645
2026-02-21 22:00,7,4,22,G01,hidro,78.207
2026-02-21 22:00,7,4,22,G02,hidro,75.269
2026-02-21 22:00,7,4,22,G03,hidro,205.872
2026-02-21 22:00,7,4,22,G04,hidro,249.821
2026-02-21 22:00,7,4,22,G05,hidro,249.924
2026-02-21 22:00,7,4,22,G06,termo,159.34
2026-02-21 22:00,7,4,22,G07,termo,126.199
2026-02-21 22:00,7,4,22,G08,solar,0.0
2026-02-21 22:00,7,4,22,G09,solar,0.0
2026-02-21 22:00,7,4,22,G10,eolica,45.433
2026-02-21 23:00,7,4,23,G01,hidro,64.263
2026-02-21 23:00,7,4,23,G02,hidro,59.086
2026-02-21 23:00,7,4,23,G03,hidro,143.615
2026-02-21 23:00,7,4,23,G04,hidro,188.766
2026-02-21 23:00,7,4,23,G05,hidro,153.398
2026-02-21 23:00,7,4,23,G06,termo,107.766
2026-02-21 23:00,7,4,23,G07,termo,104.907
2026-02-21 23:00,7,4,23,G08,solar,0.0
2026-02-21 23:00,7,4,23,G09,solar,0.0
2026-02-21 23:00,7,4,23,G10,eolica,49.465
2026-02-22 00:00,7,5,0,G01,hidro,58.398
2026-02-22 00:00,7,5,0,G02,hidro,64.791
2026-02-22 00:00,7,5,0,G03,hidro,133.708
2026-02-22 00:00,7,5,0,G04,hidro,143.739
2026-02-22 00:00,7,5,0,G05,hidro,157.692
2026-02-22 00:00,7,5,0,G06,termo,86.245
2026-02-22 00:00,7,5,0,G07,termo,96.38
2026-02-22 00:00,7,5,0,G08,solar,0.0
2026-02-22 00:00,7,5,0,G09,solar,0.0
2026-02-22 00:00,7,5,0,G10,eolica,63.523
2026-02-22 01:00,7,5,1,G01,hidro,56.446
2026-02-22 01:00,7,5,1,G02,hidro,59.153
2026-02-22 01:00,7,5,1,G03,hidro,117.235
2026-02-22 01:00,7,5,1,G04,hidro,172.137
2026-02-22 01:00,7,5,1,G05,hidro,151.825
2026-02-22 01:00,7,5,1,G06,termo,103.193
2026-02-22 01:00,7,5,1,G07,termo,108.139
2026-02-22 01:00,7,5,1,G08,solar,0.0
2026-02-22 01:00,7,5,1,G09,solar,0.0
2026-02-22 01:00,7,5,1,G10,eolica,71.615
2026-02-22 02:00,7,5,2,G01,hidro,63.429
2026-02-22 02:00,7,5,2,G02,hidro,60.581
2026-02-22 02:00,7,5,2,G03,hidro,112.971
2026-02-22 02:00,7,5,2,G04,hidro,164.748
2026-02-22 02:00,7,5,2,G05,hidro,177.67
2026-02-22 02:00,7,5,2,G06,termo,90.536
2026-02-22 02:00,7,5,2,G07,termo,103.772
2026-02-22 02:00,7,5,2,G08,solar,0.0
2026-02-22 02:00,7,5,2,G09,solar,0.0
2026-02-22 02:00,7,5,2,G10,eolica,77.591
2026-02-22 03:00,7,5,3,G01,hidro,56.169
2026-02-22 03:00,7,5,3,G02,hidro,56.94
2026-02-22 03:00,7,5,3,G03,hidro,142.505
2026-02-22 03:00,7,5,3,G04,hidro,168.945
2026-02-22 03:00,7,5,3,G05,hidro,144.574
2026-02-22 03:00,7,5,3,G06,termo,96.014
2026-02-22 03:00,7,5,3,G07,termo,99.219
2026-02-22 03:00,7,5,3,G08,solar,0.0
2026-02-22 03:00,7,5,3,G09,solar,0.0
2026-02-22 03:00,7,5,3,G10,eolica,83.688
2026-02-22 04:00,7,5,4,G01,hidro,57.956
2026-02-22 04:00,7,5,4,G02,hidro,62.446
2026-02-22 04:00,7,5,4,G03,hidro,136.839
2026-02-22 04:00,7,5,4,G04,hidro,151.265
2026-02-22 04:00,7,5,4,G05,hidro,178.266
2026-02-22 04:00,7,5,4,G06,termo,97.694
2026-02-22 04:00,7,5,4,G07,termo,94.906
2026-02-22 04:00,7,5,4,G08,solar,0.0
2026-02-22 04:00,7,5,4,G09,solar,0.0
2026-02-22 04:00,7,5,4,G10,eolica,86.534
2026-02-22 05:00,7,5,5,G01,hidro,60.176
2026-02-22 05:00,7,5,5,G02,hidro,53.159
2026-02-22 05:00,7,5,5,G03,hidro,121.863
2026-02-22 05:00,7,5,5,G04,hidro,149.081
2026-02-22 05:00,7,5,5,G05,hidro,176.696
2026-02-22 05:00,7,5,5,G06,termo,106.96
2026-02-22 05:00,7,5,5,G07,termo,100.708
2026-02-22 05:00,7,5,5,G08,solar,0.0
2026-02-22 05:00,7,5,5,G09,solar,0.0
2026-02-22 05:00,7,5,5,G10,eolica,77.175
2026-02-22 06:00,7,5,6,G01,hidro,62.298
2026-02-22 06:00,7,5,6,G02,hidro,56.192
2026-02-22 06:00,7,5,6,G03,hidro,137.434
2026-02-22 06:00,7,5,6,G04,hidro,148.353
2026-02-22 06:00,7,5,6,G05,hidro,177.785
2026-02-22 06:00,7,5,6,G06,termo,89.987
2026-02-22 06:00,7,5,6,G07,termo,99.633
2026-02-22 06:00,7,5,6,G08,solar,0.0
2026-02-22 06:00,7,5,6,G09,solar,0.0
2026-02-22 06:00,7,5,6,G10,eolica,86.982
2026-02-22 07:00,7,5,7,G01,hidro,94.729
2026-02-22 07:00,7,5,7,G02,hidro,88.726
2026-02-22 07:00,7,5,7,G03,hidro,209.063
2026-02-22 07:00,7,5,7,G04,hidro,278.548
2026-02-22 07:00,7,5,7,G05,hidro,291.597
2026-02-22 07:00,7,5,7,G06,termo,162.496
2026-02-22 07:00,7,5,7,G07,termo,170.022
2026-02-22 07:00,7,5,7,G08,solar,38.322
2026-02-22 07:00,7,5,7,G09,solar,42.116
2026-02-22 07:00,7,5,7,G10,eolica,93.528
2026-02-22 08:00,7,5,8,G01,hidro,86.427
2026-02-22 08:00,7,5,8,G02,hidro,104.104
2026-02-22 08:00,7,5,8,G03,hidro,203.59
2026-02-22 08:00,7,5,8,G04,hidro,287.214
2026-02-22 08:00,7,5,8,G05,hidro,270.218
2026-02-22 08:00,7,5,8,G06,termo,143.276
2026-02-22 08:00,7,5,8,G07,termo,170.036
2026-02-22 08:00,7,5,8,G08,solar,42.722
2026-02-22 08:00,7,5,8,G09,solar,43.448
2026-02-22 08:00,7,5,8,G10,eolica,86.34
2026-02-22 09:00,7,5,9,G01,hidro,96.969
2026-02-22 09:00,7,5,9,G02,hidro,100.17
2026-02-22 09:00,7,5,9,G03,hidro,209.672
2026-02-22 09:00,7,5,9,G04,hidro,282.865
2026-02-22 09:00,7,5,9,G05,hidro,231.238
2026-02-22 09:00,7,5,9,G06,termo,144.943
2026-02-22 09:00,7,5,9,G07,termo,155.176
2026-02-22 09:00,7,5,9,G08,solar,126.814
2026-02-22 09:00,7,5,9,G09,solar,119.128
2026-02-22 09:00,7,5,9,G10,eolica,77.727
2026-02-22 10:00,7,5,10,G01,hidro,92.921
2026-02-22 10:00,7,5,10,G02,hidro,93.185
2026-02-22 10:00,7,5,10,G03,hidro,227.531
2026-02-22 10:00,7,5,10,G04,hidro,290.833
2026-02-22 10:00,7,5,10,G05,hidro,293.848
2026-02-22 10:00,7,5,10,G06,termo,148.616
2026-02-22 10:00,7,5,10,G07,termo,163.666
2026-02-22 10:00,7,5,10,G08,solar,116.896
2026-02-22 10:00,7,5,10,G09,solar,121.533
2026-02-22 10:00,7,5,10,G10,eolica,70.58
2026-02-22 11:00,7,5,11,G01,hidro,104.569
2026-02-22 11:00,7,5,11,G02,hidro,92.113
2026-02-22 11:00,7,5,11,G03,hidro,213.453
2026-02-22 11:00,7,5,11,G04,hidro,238.681
2026-02-22 11:00,7,5,11,G05,hidro,270.572
2026-02-22 11:00,7,5,11,G06,termo,165.854
2026-02-22 11:00,7,5,11,G07,termo,158.626
2026-02-22 11:00,7,5,11,G08,solar,125.584
2026-02-22 11:00,7,5,11,G09,solar,126.305
2026-02-22 11:00,7,5,11,G10,eolica,71.332
2026-02-22 12:00,7,5,12,G01,hidro,83.739
2026-02-22 12:00,7,5,12,G02,hidro,84.14
2026-02-22 12:00,7,5,12,G03,hidro,208.403
2026-02-22 12:00,7,5,12,G04,hidro,240.171
2026-02-22 12:00,7,5,12,G05,hidro,256.958
2026-02-22 12:00,7,5,12,G06,termo,150.032
2026-02-22 12:00,7,5,12,G07,termo,151.902
2026-02-22 12:00,7,5,12,G08,solar,132.501
2026-02-22 12:00,7,5,12,G09,solar,129.053
2026-02-22 12:00,7,5,12,G10,eolica,57.1
2026-02-22 13:00,7,5,13,G01,hidro,84.267
2026-02-22 13:00,7,5,13,G02,hidro,89.353
2026-02-22 13:00,7,5,13,G03,hidro,186.481
2026-02-22 13:00,7,5,13,G04,hidro,266.447
2026-02-22 13:00,7,5,13,G05,hidro,248.238
2026-02-22 13:00,7,5,13,G06,termo,149.655
2026-02-22 13:00,7,5,13,G07,termo,178.129
2026-02-22 13:00,7,5,13,G08,solar,144.238
2026-02-22 13:00,7,5,13,G09,solar,133.889
2026-02-22 13:00,7,5,13,G10,eolica,56.2
2026-02-22 14:00,7,5,14,G01,hidro,92.405
2026-02-22 14:00,7,5,14,G02,hidro,101.179
2026-02-22 14:00,7,5,14,G03,hidro,187.112
2026-02-22 14:00,7,5,14,G04,hidro,269.846
2026-02-22 14:00,7,5,14,G05,hidro,239.66
2026-02-22 14:00,7,5,14,G06,termo,173.218
2026-02-22 14:00,7,5,14,G07,termo,162.032
2026-02-22 14:00,7,5,14,G08,solar,149.622
2026-02-22 14:00,7,5,14,G09,solar,132.284
2026-02-22 14:00,7,5,14,G10,eolica,46.11
2026-02-22 15:00,7,5,15,G01,hidro,90.422
2026-02-22 15:00,7,5,15,G02,hidro,91.414
2026-02-22 15:00,7,5,15,G03,hidro,192.096
2026-02-22 15:00,7,5,15,G04,hidro,281.449
2026-02-22 15:00,7,5,15,G05,hidro,279.72
2026-02-22 15:00,7,5,15,G06,termo,169.695
2026-02-22 15:00,7,5,15,G07,termo,165.602
2026-02-22 15:00,7,5,15,G08,solar,135.005
2026-02-22 15:00,7,5,15,G09,solar,140.211
2026-02-22 15:00,7,5,15,G10,eolica,43.684
2026-02-22 16:00,7,5,16,G01,hidro,92.929
2026-02-22 16:00,7,5,16,G02,hidro,96.982
2026-02-22 16:00,7,5,16,G03,hidro,208.957
2026-02-22 16:00,7,5,16,G04,hidro,276.956
2026-02-22 16:00,7,5,16,G05,hidro,278.483
2026-02-22 16:00,7,5,16,G06,termo,172.129
2026-02-22 16:00,7,5,16,G07,termo,144.516
2026-02-22 16:00,7,5,16,G08,solar,77.826
2026-02-22 16:00,7,5,16,G09,solar,80.176
2026-02-22 16:00,7,5,16,G10,eolica,37.873
2026-02-22 17:00,7,5,17,G01,hidro,92.602
2026-02-22 17:00,7,5,17,G02,hidro,97.425
2026-02-22 17:00,7,5,17,G03,hidro,203.419
2026-02-22 17:00,7,5,17,G04,hidro,270.611
2026-02-22 17:00,7,5,17,G05,hidro,274.162
2026-02-22 17:00,7,5,17,G06,termo,156.151
2026-02-22 17:00,7,5,17,G07,termo,149.307
2026-02-22 17:00,7,5,17,G08,solar,81.449
2026-02-22 17:00,7,5,17,G09,solar,71.192
2026-02-22 17:00,7,5,17,G10,eolica,33.103
2026-02-22 18:00,7,5,18,G01,hidro,88.625
2026-02-22 18:00,7,5,18,G02,hidro,91.021
2026-02-22 18:00,7,5,18,G03,hidro,202.733
2026-02-22 18:00,7,5,18,G04,hidro,274.045
2026-02-22 18:00,7,5,18,G05,hidro,250.637
2026-02-22 18:00,7,5,18,G06,termo,148.769
2026-02-22 18:00,7,5,18,G07,termo,166.08
2026-02-22 18:00,7,5,18,G08,solar,13.766
2026-02-22 18:00,7,5,18,G09,solar,12.918
2026-02-22 18:00,7,5,18,G10,eolica,29.845
2026-02-22 19:00,7,5,19,G01,hidro,91.082
2026-02-22 19:00,7,5,19,G02,hidro,88.056
2026-02-22 19:00,7,5,19,G03,hidro,176.655
2026-02-22 19:00,7,5,19,G04,hidro,264.804
2026-02-22 19:00,7,5,19,G05,hidro,257.701
2026-02-22 19:00,7,5,19,G06,termo,148.474
2026-02-22 19:00,7,5,19,G07,termo,156.894
2026-02-22 19:00,7,5,19,G08,solar,14.317
2026-02-22 19:00,7,5,19,G09,solar,12.775
2026-02-22 19:00,7,5,19,G10,eolica,32.042
2026-02-22 20:00,7,5,20,G01,hidro,78.683
2026-02-22 20:00,7,5,20,G02,hidro,88.255
2026-02-22 20:00,7,5,20,G03,hidro,187.296
2026-02-22 20:00,7,5,20,G04,hidro,243.783
2026-02-22 20:00,7,5,20,G05,hidro,241.872
2026-02-22 20:00,7,5,20,G06,termo,161.026
2026-02-22 20:00,7,5,20,G07,termo,129.026
2026-02-22 20:00,7,5,20,G08,solar,0.0
2026-02-22 20:00,7,5,20,G09,solar,0.0
2026-02-22 20:00,7,5,20,G10,eolica,36.557
2026-02-22 21:00,7,5,21,G01,hidro,75.41
2026-02-22 21:00,7,5,21,G02,hidro,84.692
2026-02-22 21:00,7,5,21,G03,hidro,206.742
2026-02-22 21:00,7,5,21,G04,hidro,247.813
2026-02-22 21:00,7,5,21,G05,hidro,221.326
2026-02-22 21:00,7,5,21,G06,termo,152.644
2026-02-22 21:00,7,5,21,G07,termo,146.2
2026-02-22 21:00,7,5,21,G08,solar,0.0
2026-02-22 21:00,7,5,21,G09,solar,0.0
2026-02-22 21:00,7,5,21,G10,eolica,42.554
2026-02-22 22:00,7,5,22,G01,hidro,88.398
2026-02-22 22:00,7,5,22,G02,hidro,87.625
2026-02-22 22:00,7,5,22,G03,hidro,178.929
2026-02-22 22:00,7,5,22,G04,hidro,237.895
2026-02-22 22:00,7,5,22,G05,hidro,211.082
2026-02-22 22:00,7,5,22,G06,termo,132.055
2026-02-22 22:00,7,5,22,G07,termo,156.078
2026-02-22 22:00,7,5,22,G08,solar,0.0
2026-02-22 22:00,7,5,22,G09,solar,0.0
2026-02-22 22:00,7,5,22,G10,eolica,48.607
2026-02-22 23:00,7,5,23,G01,hidro,60.103
2026-02-22 23:00,7,5,23,G02,hidro,65.825
2026-02-22 23:00,7,5,23,G03,hidro,130.355
2026-02-22 23:00,7,5,23,G04,hidro,184.777
2026-02-22 23:00,7,5,23,G05,hidro,177.304
2026-02-22 23:00,7,5,23,G06,termo,105.843
2026-02-22 23:00,7,5,23,G07,termo,94.84
2026-02-22 23:00,7,5,23,G08,solar,0.0
2026-02-22 23:00,7,5,23,G09,solar,0.0
2026-02-22 23:00,7,5,23,G10,eolica,49.599
2026-02-23 00:00,7,6,0,G01,hidro,55.806
2026-02-23 00:00,7,6,0,G02,hidro,52.621
2026-02-23 00:00,7,6,0,G03,hidro,116.244
2026-02-23 00:00,7,6,0,G04,hidro,143.506
2026-02-23 00:00,7,6,0,G05,hidro,176.486
2026-02-23 00:00,7,6,0,G06,termo,86.455
2026-02-23 00:00,7,6,0,G07,termo,100.972
2026-02-23 00:00,7,6,0,G08,solar,0.0
2026-02-23 00:00,7,6,0,G09,solar,0.0
2026-02-23 00:00,7,6,0,G10,eolica,64.538
2026-02-23 01:00,7,6,1,G01,hidro,52.534
2026-02-23 01:00,7,6,1,G02,hidro,54.172
2026-02-23 01:00,7,6,1,G03,hidro,138.622
2026-02-23 01:00,7,6,1,G04,hidro,152.962
2026-02-23 01:00,7,6,1,G05,hidro,153.305
2026-02-23 01:00,7,6,1,G06,termo,100.093
2026-02-23 01:00,7,6,1,G07,termo,103.662
2026-02-23 01:00,7,6,1,G08,solar,0.0
2026-02-23 01:00,7,6,1,G09,solar,0.0
2026-02-23 01:00,7,6,1,G10,eolica,73.349
2026-02-23 02:00,7,6,2,G01,hidro,62.153
2026-02-23 02:00,7,6,2,G02,hidro,51.239
2026-02-23 02:00,7,6,2,G03,hidro,112.121
2026-02-23 02:00,7,6,2,G04,hidro,162.339
2026-02-23 02:00,7,6,2,G05,hidro,145.68
2026-02-23 02:00,7,6,2,G06,termo,86.515
2026-02-23 02:00,7,6,2,G07,termo,94.823
2026-02-23 02:00,7,6,2,G08,solar,0.0
2026-02-23 02:00,7,6,2,G09,solar,0.0
2026-02-23 02:00,7,6,2,G10,eolica,71.934
2026-02-23 03:00,7,6,3,G01,hidro,62.404
2026-02-23 03:00,7,6,3,G02,hidro,52.402
2026-02-23 03:00,7,6,3,G03,hidro,131.519
2026-02-23 03:00,7,6,3,G04,hidro,171.072
2026-02-23 03:00,7,6,3,G05,hidro,160.139
2026-02-23 03:00,7,6,3,G06,termo,93.799
2026-02-23 03:00,7,6,3,G07,termo,89.056
2026-02-23 03:00,7,6,3,G08,solar,0.0
2026-02-23 03:00,7,6,3,G09,solar,0.0
2026-02-23 03:00,7,6,3,G10,eolica,75.538
2026-02-23 04:00,7,6,4,G01,hidro,61.046
2026-02-23 04:00,7,6,4,G02,hidro,59.649
2026-02-23 04:00,7,6,4,G03,hidro,123.808
2026-02-23 04:00,7,6,4,G04,hidro,157.446
2026-02-23 04:00,7,6,4,G05,hidro,144.141
2026-02-23 04:00,7,6,4,G06,termo,107.6
2026-02-23 04:00,7,6,4,G07,termo,106.964
2026-02-23 04:00,7,6,4,G08,solar,0.0
2026-02-23 04:00,7,6,4,G09,solar,0.0
2026-02-23 04:00,7,6,4,G10,eolica,81.554
2026-02-23 05:00,7,6,5,G01,hidro,56.035
2026-02-23 05:00,7,6,5,G02,hidro,55.876
2026-02-23 05:00,7,6,5,G03,hidro,138.077
2026-02-23 05:00,7,6,5,G04,hidro,152.461
2026-02-23 05:00,7,6,5,G05,hidro,164.615
2026-02-23 05:00,7,6,5,G06,termo,106.882
2026-02-23 05:00,7,6,5,G07,termo,97.274
2026-02-23 05:00,7,6,5,G08,solar,0.0
2026-02-23 05:00,7,6,5,G09,solar,0.0
2026-02-23 05:00,7,6,5,G10,eolica,79.519
2026-02-23 06:00,7,6,6,G01,hidro,56.587
2026-02-23 06:00,7,6,6,G02,hidro,64.389
2026-02-23 06:00,7,6,6,G03,hidro,117.79
2026-02-23 06:00,7,6,6,G04,hidro,174.825
2026-02-23 06:00,7,6,6,G05,hidro,159.866
2026-02-23 06:00,7,6,6,G06,termo,97.976
2026-02-23 06:00,7,6,6,G07,termo,96.759
2026-02-23 06:00,7,6,6,G08,solar,0.0
2026-02-23 06:00,7,6,6,G09,solar,0.0
2026-02-23 06:00,7,6,6,G10,eolica,91.073
2026-02-23 07:00,7,6,7,G01,hidro,85.236
2026-02-23 07:00,7,6,7,G02,hidro,93.255
2026-02-23 07:00,7,6,7,G03,hidro,201.907
2026-02-23 07:00,7,6,7,G04,hidro,246.593
2026-02-23 07:00,7,6,7,G05,hidro,277.989
2026-02-23 07:00,7,6,7,G06,termo,159.296
2026-02-23 07:00,7,6,7,G07,termo,146.042
2026-02-23 07:00,7,6,7,G08,solar,38.385
2026-02-23 07:00,7,6,7,G09,solar,38.522
2026-02-23 07:00,7,6,7,G10,eolica,85.311
2026-02-23 08:00,7,6,8,G01,hidro,103.023
2026-02-23 08:00,7,6,8,G02,hidro,97.727
2026-02-23 08:00,7,6,8,G03,hidro,188.188
2026-02-23 08:00,7,6,8,G04,hidro,253.369
2026-02-23 08:00,7,6,8,G05,hidro,274.137
2026-02-23 08:00,7,6,8,G06,termo,171.375
2026-02-23 08:00,7,6,8,G07,termo,176.088
2026-02-23 08:00,7,6,8,G08,solar,43.261
2026-02-23 08:00,7,6,8,G09,solar,41.026
2026-02-23 08:00,7,6,8,G10,eolica,91.456
2026-02-23 09:00,7,6,9,G01,hidro,88.184
2026-02-23 09:00,7,6,9,G02,hidro,103.68
2026-02-23 09:00,7,6,9,G03,hidro,215.025
2026-02-23 09:00,7,6,9,G04,hidro,231.35
2026-02-23 09:00,7,6,9,G05,hidro,266.876
2026-02-23 09:00,7,6,9,G06,termo,164.298
2026-02-23 09:00,7,6,9,G07,termo,173.214
2026-02-23 09:00,7,6,9,G08,solar,117.203
2026-02-23 09:00,7,6,9,G09,solar,109.694
2026-02-23 09:00,7,6,9,G10,eolica,83.751
2026-02-23 10:00,7,6,10,G01,hidro,95.89
2026-02-23 10:00,7,6,10,G02,hidro,95.822
2026-02-23 10:00,7,6,10,G03,hidro,218.164
2026-02-23 10:00,7,6,10,G04,hidro,282.427
2026-02-23 10:00,7,6,10,G05,hidro,268.816
2026-02-23 10:00,7,6,10,G06,termo,143.953
2026-02-23 10:00,7,6,10,G07,termo,157.439
2026-02-23 10:00,7,6,10,G08,solar,115.454
2026-02-23 10:00,7,6,10,G09,solar,126.749
2026-02-23 10:00,7,6,10,G10,eolica,76.598
2026-02-23 11:00,7,6,11,G01,hidro,91.994
2026-02-23 11:00,7,6,11,G02,hidro,85.079
2026-02-23 11:00,7,6,11,G03,hidro,201.177
2026-02-23 11:00,7,6,11,G04,hidro,238.739
2026-02-23 11:00,7,6,11,G05,hidro,284.018
2026-02-23 11:00,7,6,11,G06,termo,156.715
2026-02-23 11:00,7,6,11,G07,termo,177.114
2026-02-23 11:00,7,6,11,G08,solar,124.415
2026-02-23 11:00,7,6,11,G09,solar,121.487
2026-02-23 11:00,7,6,11,G10,eolica,70.804
2026-02-23 12:00,7,6,12,G01,hidro,87.93
2026-02-23 12:00,7,6,12,G02,hidro,95.059
2026-02-23 12:00,7,6,12,G03,hidro,207.221
2026-02-23 12:00,7,6,12,G04,hidro,282.554
2026-02-23 12:00,7,6,12,G05,hidro,267.921
2026-02-23 12:00,7,6,12,G06,termo,169.413
2026-02-23 12:00,7,6,12,G07,termo,177.15
2026-02-23 12:00,7,6,12,G08,solar,129.523
2026-02-23 12:00,7,6,12,G09,solar,132.008
2026-02-23 12:00,7,6,12,G10,eolica,62.615
2026-02-23 13:00,7,6,13,G01,hidro,97.305
2026-02-23 13:00,7,6,13,G02,hidro,83.027
2026-02-23 13:00,7,6,13,G03,hidro,206.675
2026-02-23 13:00,7,6,13,G04,hidro,236.312
2026-02-23 13:00,7,6,13,G05,hidro,232.658
2026-02-23 13:00,7,6,13,G06,termo,152.916
2026-02-23 13:00,7,6,13,G07,termo,164.831
2026-02-23 13:00,7,6,13,G08,solar,149.493
2026-02-23 13:00,7,6,13,G09,solar,145.987
2026-02-23 13:00,7,6,13,G10,eolica,51.247
2026-02-23 14:00,7,6,14,G01,hidro,101.108
2026-02-23 14:00,7,6,14,G02,hidro,103.548
2026-02-23 14:00,7,6,14,G03,hidro,198.28
2026-02-23 14:00,7,6,14,G04,hidro,268.182
2026-02-23 14:00,7,6,14,G05,hidro,252.149
2026-02-23 14:00,7,6,14,G06,termo,143.257
2026-02-23 14:00,7,6,14,G07,termo,171.908
2026-02-23 14:00,7,6,14,G08,solar,147.812
2026-02-23 14:00,7,6,14,G09,solar,128.995
2026-02-23 14:00,7,6,14,G10,eolica,48.687
2026-02-23 15:00,7,6,15,G01,hidro,94.219
2026-02-23 15:00,7,6,15,G02,hidro,84.446
2026-02-23 15:00,7,6,15,G03,hidro,227.927
2026-02-23 15:00,7,6,15,G04,hidro,284.106
2026-02-23 15:00,7,6,15,G05,hidro,241.868
2026-02-23 15:00,7,6,15,G06,termo,158.59
2026-02-23 15:00,7,6,15,G07,termo,160.609
2026-02-23 15:00,7,6,15,G08,solar,139.014
2026-02-23 15:00,7,6,15,G09,solar,144.345
2026-02-23 15:00,7,6,15,G10,eolica,44.427
2026-02-23 16:00,7,6,16,G01,hidro,88.307
2026-02-23 16:00,7,6,16,G02,hidro,102.285
2026-02-23 16:00,7,6,16,G03,hidro,218.087
2026-02-23 16:00,7,6,16,G04,hidro,282.843
2026-02-23 16:00,7,6,16,G05,hidro,251.099
2026-02-23 16:00,7,6,16,G06,termo,143.772
2026-02-23 16:00,7,6,16,G07,termo,144.186
2026-02-23 16:00,7,6,16,G08,solar,77.668
2026-02-23 16:00,7,6,16,G09,solar,70.578
2026-02-23 16:00,7,6,16,G10,eolica,34.276
2026-02-23 17:00,7,6,17,G01,hidro,102.938
2026-02-23 17:00,7,6,17,G02,hidro,92.957
2026-02-23 17:00,7,6,17,G03,hidro,202.321
2026-02-23 17:00,7,6,17,G04,hidro,248.352
2026-02-23 17:00,7,6,17,G05,hidro,230.202
2026-02-23 17:00,7,6,17,G06,termo,172.752
2026-02-23 17:00,7,6,17,G07,termo,146.421
2026-02-23 17:00,7,6,17,G08,solar,70.387
2026-02-23 17:00,7,6,17,G09,solar,77.267
2026-02-23 17:00,7,6,17,G10,eolica,32.996
2026-02-23 18:00,7,6,18,G01,hidro,92.561
2026-02-23 18:00,7,6,18,G02,hidro,102.279
2026-02-23 18:00,7,6,18,G03,hidro,209.274
2026-02-23 18:00,7,6,18,G04,hidro,293.726
2026-02-23 18:00,7,6,18,G05,hidro,265.844
2026-02-23 18:00,7,6,18,G06,termo,141.714
2026-02-23 18:00,7,6,18,G07,termo,169.073
2026-02-23 18:00,7,6,18,G08,solar,14.095
2026-02-23 18:00,7,6,18,G09,solar,14.24
2026-02-23 18:00,7,6,18,G10,eolica,29.909
2026-02-23 19:00,7,6,19,G01,hidro,83.864
2026-02-23 19:00,7,6,19,G02,hidro,88.258
2026-02-23 19:00,7,6,19,G03,hidro,183.96
2026-02-23 19:00,7,6,19,G04,hidro,219.426
2026-02-23 19:00,7,6,19,G05,hidro,249.925
2026-02-23 19:00,7,6,19,G06,termo,152.331
2026-02-23 19:00,7,6,19,G07,termo,126.615
2026-02-23 19:00,7,6,19,G08,solar,14.84
2026-02-23 19:00,7,6,19,G09,solar,12.836
2026-02-23 19:00,7,6,19,G10,eolica,35.882
2026-02-23 20:00,7,6,20,G01,hidro,88.842
2026-02-23 20:00,7,6,20,G02,hidro,77.871
2026-02-23 20:00,7,6,20,G03,hidro,168.078
2026-02-23 20:00,7,6,20,G04,hidro,256.753
2026-02-23 20:00,7,6,20,G05,hidro,226.798
2026-02-23 20:00,7,6,20,G06,termo,154.808
2026-02-23 20:00,7,6,20,G07,termo,127.003
2026-02-23 20:00,7,6,20,G08,solar,0.0
2026-02-23 20:00,7,6,20,G09,solar,0.0
2026-02-23 20:00,7,6,20,G10,eolica,38.505
2026-02-23 21:00,7,6,21,G01,hidro,91.862
2026-02-23 21:00,7,6,21,G02,hidro,77.124
2026-02-23 21:00,7,6,21,G03,hidro,169.696
2026-02-23 21:00,7,6,21,G04,hidro,220.313
2026-02-23 21:00,7,6,21,G05,hidro,235.676
2026-02-23 21:00,7,6,21,G06,termo,158.047
2026-02-23 21:00,7,6,21,G07,termo,144.319
2026-02-23 21:00,7,6,21,G08,solar,0.0
2026-02-23 21:00,7,6,21,G09,solar,0.0
2026-02-23 21:00,7,6,21,G10,eolica,42.862
2026-02-23 22:00,7,6,22,G01,hidro,87.272
2026-02-23 22:00,7,6,22,G02,hidro,90.401
2026-02-23 22:00,7,6,22,G03,hidro,167.159
2026-02-23 22:00,7,6,22,G04,hidro,228.296
2026-02-23 22:00,7,6,22,G05,hidro,228.258
2026-02-23 22:00,7,6,22,G06,termo,137.24
2026-02-23 22:00,7,6,22,G07,termo,126.362
2026-02-23 22:00,7,6,22,G08,solar,0.0
2026-02-23 22:00,7,6,22,G09,solar,0.0
2026-02-23 22:00,7,6,22,G10,eolica,46.486
2026-02-23 23:00,7,6,23,G01,hidro,67.688
2026-02-23 23:00,7,6,23,G02,hidro,60.01
2026-02-23 23:00,7,6,23,G03,hidro,135.572
2026-02-23 23:00,7,6,23,G04,hidro,162.821
2026-02-23 23:00,7,6,23,G05,hidro,175.191
2026-02-23 23:00,7,6,23,G06,termo,105.725
2026-02-23 23:00,7,6,23,G07,termo,111.344
2026-02-23 23:00,7,6,23,G08,solar,0.0
2026-02-23 23:00,7,6,23,G09,solar,0.0
2026-02-23 23:00,7,6,23,G10,eolica,48.544
2026-02-24 00:00,8,0,0,G01,hidro,61.93
2026-02-24 00:00,8,0,0,G02,hidro,53.613
2026-02-24 00:00,8,0,0,G03,hidro,141.872
2026-02-24 00:00,8,0,0,G04,hidro,176.465
2026-02-24 00:00,8,0,0,G05,hidro,166.435
2026-02-24 00:00,8,0,0,G06,termo,97.392
2026-02-24 00:00,8,0,0,G07,termo,109.096
2026-02-24 00:00,8,0,0,G08,solar,0.0
2026-02-24 00:00,8,0,0,G09,solar,0.0
2026-02-24 00:00,8,0,0,G10,eolica,54.875
2026-02-24 01:00,8,0,1,G01,hidro,53.811
2026-02-24 01:00,8,0,1,G02,hidro,63.225
2026-02-24 01:00,8,0,1,G03,hidro,112.949
2026-02-24 01:00,8,0,1,G04,hidro,157.77
2026-02-24 01:00,8,0,1,G05,hidro,172.58
2026-02-24 01:00,8,0,1,G06,termo,99.24
2026-02-24 01:00,8,0,1,G07,termo,92.525
2026-02-24 01:00,8,0,1,G08,solar,0.0
2026-02-24 01:00,8,0,1,G09,solar,0.0
2026-02-24 01:00,8,0,1,G10,eolica,65.515
2026-02-24 02:00,8,0,2,G01,hidro,60.629
2026-02-24 02:00,8,0,2,G02,hidro,51.437
2026-02-24 02:00,8,0,2,G03,hidro,127.353
2026-02-24 02:00,8,0,2,G04,hidro,144.026
2026-02-24 02:00,8,0,2,G05,hidro,144.543
2026-02-24 02:00,8,0,2,G06,termo,99.479
2026-02-24 02:00,8,0,2,G07,termo,91.44
2026-02-24 02:00,8,0,2,G08,solar,0.0
2026-02-24 02:00,8,0,2,G09,solar,0.0
2026-02-24 02:00,8,0,2,G10,eolica,69.771
2026-02-24 03:00,8,0,3,G01,hidro,59.142
2026-02-24 03:00,8,0,3,G02,hidro,52.595
2026-02-24 03:00,8,0,3,G03,hidro,129.034
2026-02-24 03:00,8,0,3,G04,hidro,181.077
2026-02-24 03:00,8,0,3,G05,hidro,164.28
2026-02-24 03:00,8,0,3,G06,termo,89.414
2026-02-24 03:00,8,0,3,G07,termo,109.186
2026-02-24 03:00,8,0,3,G08,solar,0.0
2026-02-24 03:00,8,0,3,G09,solar,0.0
2026-02-24 03:00,8,0,3,G10,eolica,77.578
2026-02-24 04:00,8,0,4,G01,hidro,61.116
2026-02-24 04:00,8,0,4,G02,hidro,54.154
2026-02-24 04:00,8,0,4,G03,hidro,129.165
2026-02-24 04:00,8,0,4,G04,hidro,144.175
2026-02-24 04:00,8,0,4,G05,hidro,181.863
2026-02-24 04:00,8,0,4,G06,termo,97.201
2026-02-24 04:00,8,0,4,G07,termo,106.967
2026-02-24 04:00,8,0,4,G08,solar,0.0
2026-02-24 04:00,8,0,4,G09,solar,0.0
2026-02-24 04:00,8,0,4,G10,eolica,78.795
2026-02-24 05:00,8,0,5,G01,hidro,57.897
2026-02-24 05:00,8,0,5,G02,hidro,56.189
2026-02-24 05:00,8,0,5,G03,hidro,122.437
2026-02-24 05:00,8,0,5,G04,hidro,181.454
2026-02-24 05:00,8,0,5,G05,hidro,177.827
2026-02-24 05:00,8,0,5,G06,termo,87.311
2026-02-24 05:00,8,0,5,G07,termo,105.445
2026-02-24 05:00,8,0,5,G08,solar,0.0
2026-02-24 05:00,8,0,5,G09,solar,0.0
2026-02-24 05:00,8,0,5,G10,eolica,89.44
2026-02-24 06:00,8,0,6,G01,hidro,59.326
2026-02-24 06:00,8,0,6,G02,hidro,56.721
2026-02-24 06:00,8,0,6,G03,hidro,127.6
2026-02-24 06:00,8,0,6,G04,hidro,148.945
2026-02-24 06:00,8,0,6,G05,hidro,160.984
2026-02-24 06:00,8,0,6,G06,termo,103.337
2026-02-24 06:00,8,0,6,G07,termo,103.725
2026-02-24 06:00,8,0,6,G08,solar,0.0
2026-02-24 06:00,8,0,6,G09,solar,0.0
2026-02-24 06:00,8,0,6,G10,eolica,94.021
2026-02-24 07:00,8,0,7,G01,hidro,93.077
2026-02-24 07:00,8,0,7,G02,hidro,102.441
2026-02-24 07:00,8,0,7,G03,hidro,182.523
2026-02-24 07:00,8,0,7,G04,hidro,273.839
2026-02-24 07:00,8,0,7,G05,hidro,287.489
2026-02-24 07:00,8,0,7,G06,termo,152.049
2026-02-24 07:00,8,0,7,G07,termo,164.511
2026-02-24 07:00,8,0,7,G08,solar,41.362
2026-02-24 07:00,8,0,7,G09,solar,41.252
2026-02-24 07:00,8,0,7,G10,eolica,79.062
2026-02-24 08:00,8,0,8,G01,hidro,104.289
2026-02-24 08:00,8,0,8,G02,hidro,86.386
2026-02-24 08:00,8,0,8,G03,hidro,181.524
2026-02-24 08:00,8,0,8,G04,hidro,236.589
2026-02-24 08:00,8,0,8,G05,hidro,292.389
2026-02-24 08:00,8,0,8,G06,termo,141.601
2026-02-24 08:00,8,0,8,G07,termo,139.359
2026-02-24 08:00,8,0,8,G08,solar,44.362
2026-02-24 08:00,8,0,8,G09,solar,40.237
2026-02-24 08:00,8,0,8,G10,eolica,85.628
2026-02-24 09:00,8,0,9,G01,hidro,83.809
2026-02-24 09:00,8,0,9,G02,hidro,100.572
2026-02-24 09:00,8,0,9,G03,hidro,229.044
2026-02-24 09:00,8,0,9,G04,hidro,261.093
2026-02-24 09:00,8,0,9,G05,hidro,284.576
2026-02-24 09:00,8,0,9,G06,termo,146.679
2026-02-24 09:00,8,0,9,G07,termo,155.834
2026-02-24 09:00,8,0,9,G08,solar,108.741
2026-02-24 09:00,8,0,9,G09,solar,110.182
2026-02-24 09:00,8,0,9,G10,eolica,77.693
2026-02-24 10:00,8,0,10,G01,hidro,99.726
2026-02-24 10:00,8,0,10,G02,hidro,85.615
2026-02-24 10:00,8,0,10,G03,hidro,182.938
2026-02-24 10:00,8,0,10,G04,hidro,269.385
2026-02-24 10:00,8,0,10,G05,hidro,254.027
2026-02-24 10:00,8,0,10,G06,termo,177.425
2026-02-24 10:00,8,0,10,G07,termo,160.386
2026-02-24 10:00,8,0,10,G08,solar,111.36
2026-02-24 10:00,8,0,10,G09,solar,116.563
2026-02-24 10:00,8,0,10,G10,eolica,77.586
2026-02-24 11:00,8,0,11,G01,hidro,90.435
2026-02-24 11:00,8,0,11,G02,hidro,85.988
2026-02-24 11:00,8,0,11,G03,hidro,208.273
2026-02-24 11:00,8,0,11,G04,hidro,232.387
2026-02-24 11:00,8,0,11,G05,hidro,248.037
2026-02-24 11:00,8,0,11,G06,termo,167.34
2026-02-24 11:00,8,0,11,G07,termo,172.856
2026-02-24 11:00,8,0,11,G08,solar,111.411
2026-02-24 11:00,8,0,11,G09,solar,126.484
2026-02-24 11:00,8,0,11,G10,eolica,66.374
2026-02-24 12:00,8,0,12,G01,hidro,98.807
2026-02-24 12:00,8,0,12,G02,hidro,103.327
2026-02-24 12:00,8,0,12,G03,hidro,223.807
2026-02-24 12:00,8,0,12,G04,hidro,271.695
2026-02-24 12:00,8,0,12,G05,hidro,284.344
2026-02-24 12:00,8,0,12,G06,termo,157.867
2026-02-24 12:00,8,0,12,G07,termo,172.131
2026-02-24 12:00,8,0,12,G08,solar,141.293
2026-02-24 12:00,8,0,12,G09,solar,142.132
2026-02-24 12:00,8,0,12,G10,eolica,64.639
2026-02-24 13:00,8,0,13,G01,hidro,89.836
2026-02-24 13:00,8,0,13,G02,hidro,82.217
2026-02-24 13:00,8,0,13,G03,hidro,200.56
2026-02-24 13:00,8,0,13,G04,hidro,292.893
2026-02-24 13:00,8,0,13,G05,hidro,264.312
2026-02-24 13:00,8,0,13,G06,termo,163.588
2026-02-24 13:00,8,0,13,G07,termo,167.595
2026-02-24 13:00,8,0,13,G08,solar,136.357
2026-02-24 13:00,8,0,13,G09,solar,143.241
2026-02-24 13:00,8,0,13,G10,eolica,57.524
2026-02-24 14:00,8,0,14,G01,hidro,100.623
2026-02-24 14:00,8,0,14,G02,hidro,90.454
2026-02-24 14:00,8,0,14,G03,hidro,204.515
2026-02-24 14:00,8,0,14,G04,hidro,232.066
2026-02-24 14:00,8,0,14,G05,hidro,257.159
2026-02-24 14:00,8,0,14,G06,termo,146.716
2026-02-24 14:00,8,0,14,G07,termo,174.983
2026-02-24 14:00,8,0,14,G08,solar,137.631
2026-02-24 14:00,8,0,14,G09,solar,141.416
2026-02-24 14:00,8,0,14,G10,eolica,48.203
2026-02-24 15:00,8,0,15,G01,hidro,93.832
2026-02-24 15:00,8,0,15,G02,hidro,87.04
2026-02-24 15:00,8,0,15,G03,hidro,184.928
2026-02-24 15:00,8,0,15,G04,hidro,231.686
2026-02-24 15:00,8,0,15,G05,hidro,239.447
2026-02-24 15:00,8,0,15,G06,termo,157.03
2026-02-24 15:00,8,0,15,G07,termo,153.828
2026-02-24 15:00,8,0,15,G08,solar,131.997
2026-02-24 15:00,8,0,15,G09,solar,134.629
2026-02-24 15:00,8,0,15,G10,eolica,37.815
2026-02-24 16:00,8,0,16,G01,hidro,89.217
2026-02-24 16:00,8,0,16,G02,hidro,89.521
2026-02-24 16:00,8,0,16,G03,hidro,226.386
2026-02-24 16:00,8,0,16,G04,hidro,275.249
2026-02-24 16:00,8,0,16,G05,hidro,289.898
2026-02-24 16:00,8,0,16,G06,termo,158.379
2026-02-24 16:00,8,0,16,G07,termo,176.627
2026-02-24 16:00,8,0,16,G08,solar,80.623
2026-02-24 16:00,8,0,16,G09,solar,82.072
2026-02-24 16:00,8,0,16,G10,eolica,32.027
2026-02-24 17:00,8,0,17,G01,hidro,83.747
2026-02-24 17:00,8,0,17,G02,hidro,100.646
2026-02-24 17:00,8,0,17,G03,hidro,183.255
2026-02-24 17:00,8,0,17,G04,hidro,252.147
2026-02-24 17:00,8,0,17,G05,hidro,232.939
2026-02-24 17:00,8,0,17,G06,termo,140.992
2026-02-24 17:00,8,0,17,G07,termo,171.481
2026-02-24 17:00,8,0,17,G08,solar,76.217
2026-02-24 17:00,8,0,17,G09,solar,71.868
2026-02-24 17:00,8,0,17,G10,eolica,33.338
2026-02-24 18:00,8,0,18,G01,hidro,87.438
2026-02-24 18:00,8,0,18,G02,hidro,92.682
2026-02-24 18:00,8,0,18,G03,hidro,215.614
2026-02-24 18:00,8,0,18,G04,hidro,281.982
2026-02-24 18:00,8,0,18,G05,hidro,248.047
2026-02-24 18:00,8,0,18,G06,termo,177.895
2026-02-24 18:00,8,0,18,G07,termo,153.898
2026-02-24 18:00,8,0,18,G08,solar,13.197
2026-02-24 18:00,8,0,18,G09,solar,12.829
2026-02-24 18:00,8,0,18,G10,eolica,32.177
2026-02-24 19:00,8,0,19,G01,hidro,82.347
2026-02-24 19:00,8,0,19,G02,hidro,80.562
2026-02-24 19:00,8,0,19,G03,hidro,184.871
2026-02-24 19:00,8,0,19,G04,hidro,246.317
2026-02-24 19:00,8,0,19,G05,hidro,230.83
2026-02-24 19:00,8,0,19,G06,termo,145.889
2026-02-24 19:00,8,0,19,G07,termo,130.568
2026-02-24 19:00,8,0,19,G08,solar,12.772
2026-02-24 19:00,8,0,19,G09,solar,14.249
2026-02-24 19:00,8,0,19,G10,eolica,33.438
2026-02-24 20:00,8,0,20,G01,hidro,89.32
2026-02-24 20:00,8,0,20,G02,hidro,75.92
2026-02-24 20:00,8,0,20,G03,hidro,192.093
2026-02-24 20:00,8,0,20,G04,hidro,226.222
2026-02-24 20:00,8,0,20,G05,hidro,252.492
2026-02-24 20:00,8,0,20,G06,termo,141.917
2026-02-24 20:00,8,0,20,G07,termo,154.589
2026-02-24 20:00,8,0,20,G08,solar,0.0
2026-02-24 20:00,8,0,20,G09,solar,0.0
2026-02-24 20:00,8,0,20,G10,eolica,37.501
2026-02-24 21:00,8,0,21,G01,hidro,94.809
2026-02-24 21:00,8,0,21,G02,hidro,92.52
2026-02-24 21:00,8,0,21,G03,hidro,177.039
2026-02-24 21:00,8,0,21,G04,hidro,248.379
2026-02-24 21:00,8,0,21,G05,hidro,220.935
2026-02-24 21:00,8,0,21,G06,termo,143.073
2026-02-24 21:00,8,0,21,G07,termo,136.784
2026-02-24 21:00,8,0,21,G08,solar,0.0
2026-02-24 21:00,8,0,21,G09,solar,0.0
2026-02-24 21:00,8,0,21,G10,eolica,41.914
2026-02-24 22:00,8,0,22,G01,hidro,92.428
2026-02-24 22:00,8,0,22,G02,hidro,86.28
2026-02-24 22:00,8,0,22,G03,hidro,167.232
2026-02-24 22:00,8,0,22,G04,hidro,263.139
2026-02-24 22:00,8,0,22,G05,hidro,220.168
2026-02-24 22:00,8,0,22,G06,termo,160.765
2026-02-24 22:00,8,0,22,G07,termo,138.132
2026-02-24 22:00,8,0,22,G08,solar,0.0
2026-02-24 22:00,8,0,22,G09,solar,0.0
2026-02-24 22:00,8,0,22,G10,eolica,48.016
2026-02-24 23:00,8,0,23,G01,hidro,63.603
2026-02-24 23:00,8,0,23,G02,hidro,64.797
2026-02-24 23:00,8,0,23,G03,hidro,138.014
2026-02-24 23:00,8,0,23,G04,hidro,163.061
2026-02-24 23:00,8,0,23,G05,hidro,177.521
2026-02-24 23:00,8,0,23,G06,termo,101.644
2026-02-24 23:00,8,0,23,G07,termo,117.42
2026-02-24 23:00,8,0,23,G08,solar,0.0
2026-02-24 23:00,8,0,23,G09,solar,0.0
2026-02-24 23:00,8,0,23,G10,eolica,47.677
2026-02-25 00:00,8,1,0,G01,hidro,54.809
2026-02-25 00:00,8,1,0,G02,hidro,55.865
2026-02-25 00:00,8,1,0,G03,hidro,137.255
2026-02-25 00:00,8,1,0,G04,hidro,160.173
2026-02-25 00:00,8,1,0,G05,hidro,158.523
2026-02-25 00:00,8,1,0,G06,termo,95.475
2026-02-25 00:00,8,1,0,G07,termo,91.809
2026-02-25 00:00,8,1,0,G08,solar,0.0
2026-02-25 00:00,8,1,0,G09,solar,0.0
2026-02-25 00:00,8,1,0,G10,eolica,55.912
2026-02-25 01:00,8,1,1,G01,hidro,64.033
2026-02-25 01:00,8,1,1,G02,hidro,63.359
2026-02-25 01:00,8,1,1,G03,hidro,131.817
2026-02-25 01:00,8,1,1,G04,hidro,145.532
2026-02-25 01:00,8,1,1,G05,hidro,159.15
2026-02-25 01:00,8,1,1,G06,termo,104.353
2026-02-25 01:00,8,1,1,G07,termo,105.263
2026-02-25 01:00,8,1,1,G08,solar,0.0
2026-02-25 01:00,8,1,1,G09,solar,0.0
2026-02-25 01:00,8,1,1,G10,eolica,65.013
2026-02-25 02:00,8,1,2,G01,hidro,59.106
2026-02-25 02:00,8,1,2,G02,hidro,50.754
2026-02-25 02:00,8,1,2,G03,hidro,142.16
2026-02-25 02:00,8,1,2,G04,hidro,178.989
2026-02-25 02:00,8,1,2,G05,hidro,173.074
2026-02-25 02:00,8,1,2,G06,termo,88.657
2026-02-25 02:00,8,1,2,G07,termo,96.033
2026-02-25 02:00,8,1,2,G08,solar,0.0
2026-02-25 02:00,8,1,2,G09,solar,0.0
2026-02-25 02:00,8,1,2,G10,eolica,80.984
2026-02-25 03:00,8,1,3,G01,hidro,56.855
2026-02-25 03:00,8,1,3,G02,hidro,52.193
2026-02-25 03:00,8,1,3,G03,hidro,138.962
2026-02-25 03:00,8,1,3,G04,hidro,146.133
2026-02-25 03:00,8,1,3,G05,hidro,175.993
2026-02-25 03:00,8,1,3,G06,termo,95.467
2026-02-25 03:00,8,1,3,G07,termo,94.519
2026-02-25 03:00,8,1,3,G08,solar,0.0
2026-02-25 03:00,8,1,3,G09,solar,0.0
2026-02-25 03:00,8,1,3,G10,eolica,72.98
2026-02-25 04:00,8,1,4,G01,hidro,58.484
2026-02-25 04:00,8,1,4,G02,hidro,62.493
2026-02-25 04:00,8,1,4,G03,hidro,122.328
2026-02-25 04:00,8,1,4,G04,hidro,179.586
2026-02-25 04:00,8,1,4,G05,hidro,147.368
2026-02-25 04:00,8,1,4,G06,termo,87.205
2026-02-25 04:00,8,1,4,G07,termo,87.843
2026-02-25 04:00,8,1,4,G08,solar,0.0
2026-02-25 04:00,8,1,4,G09,solar,0.0
2026-02-25 04:00,8,1,4,G10,eolica,84.466
2026-02-25 05:00,8,1,5,G01,hidro,54.053
2026-02-25 05:00,8,1,5,G02,hidro,57.753
2026-02-25 05:00,8,1,5,G03,hidro,129.797
2026-02-25 05:00,8,1,5,G04,hidro,169.357
2026-02-25 05:00,8,1,5,G05,hidro,149.157
2026-02-25 05:00,8,1,5,G06,termo,106.919
2026-02-25 05:00,8,1,5,G07,termo,103.202
2026-02-25 05:00,8,1,5,G08,solar,0.0
2026-02-25 05:00,8,1,5,G09,solar,0.0
2026-02-25 05:00,8,1,5,G10,eolica,80.19
2026-02-25 06:00,8,1,6,G01,hidro,62.725
2026-02-25 06:00,8,1,6,G02,hidro,60.151
2026-02-25 06:00,8,1,6,G03,hidro,130.544
2026-02-25 06:00,8,1,6,G04,hidro,171.447
2026-02-25 06:00,8,1,6,G05,hidro,158.813
2026-02-25 06:00,8,1,6,G06,termo,88.47
2026-02-25 06:00,8,1,6,G07,termo,104.131
2026-02-25 06:00,8,1,6,G08,solar,0.0
2026-02-25 06:00,8,1,6,G09,solar,0.0
2026-02-25 06:00,8,1,6,G10,eolica,82.868
2026-02-25 07:00,8,1,7,G01,hidro,94.417
2026-02-25 07:00,8,1,7,G02,hidro,89.945
2026-02-25 07:00,8,1,7,G03,hidro,181.125
2026-02-25 07:00,8,1,7,G04,hidro,264.756
2026-02-25 07:00,8,1,7,G05,hidro,253.203
2026-02-25 07:00,8,1,7,G06,termo,145.167
2026-02-25 07:00,8,1,7,G07,termo,160.37
2026-02-25 07:00,8,1,7,G08,solar,40.439
2026-02-25 07:00,8,1,7,G09,solar,40.262
2026-02-25 07:00,8,1,7,G10,eolica,85.475
2026-02-25 08:00,8,1,8,G01,hidro,101.091
2026-02-25 08:00,8,1,8,G02,hidro,87.78
2026-02-25 08:00,8,1,8,G03,hidro,196.851
2026-02-25 08:00,8,1,8,G04,hidro,237.419
2026-02-25 08:00,8,1,8,G05,hidro,252.234
2026-02-25 08:00,8,1,8,G06,termo,164.239
2026-02-25 08:00,8,1,8,G07,termo,155.306
2026-02-25 08:00,8,1,8,G08,solar,39.843
2026-02-25 08:00,8,1,8,G09,solar,39.297
2026-02-25 08:00,8,1,8,G10,eolica,84.275
2026-02-25 09:00,8,1,9,G01,hidro,100.996
2026-02-25 09:00,8,1,9,G02,hidro,89.336
2026-02-25 09:00,8,1,9,G03,hidro,206.644
2026-02-25 09:00,8,1,9,G04,hidro,290.772
2026-02-25 09:00,8,1,9,G05,hidro,280.115
2026-02-25 09:00,8,1,9,G06,termo,150.704
2026-02-25 09:00,8,1,9,G07,termo,145.16
2026-02-25 09:00,8,1,9,G08,solar,117.339
2026-02-25 09:00,8,1,9,G09,solar,120.85
2026-02-25 09:00,8,1,9,G10,eolica,74.334
2026-02-25 10:00,8,1,10,G01,hidro,102.581
2026-02-25 10:00,8,1,10,G02,hidro,99.419
2026-02-25 10:00,8,1,10,G03,hidro,187.792
2026-02-25 10:00,8,1,10,G04,hidro,287.933
2026-02-25 10:00,8,1,10,G05,hidro,237.469
2026-02-25 10:00,8,1,10,G06,termo,162.878
2026-02-25 10:00,8,1,10,G07,termo,173.295
2026-02-25 10:00,8,1,10,G08,solar,122.688
2026-02-25 10:00,8,1,10,G09,solar,114.315
2026-02-25 10:00,8,1,10,G10,eolica,80.543
2026-02-25 11:00,8,1,11,G01,hidro,84.058
2026-02-25 11:00,8,1,11,G02,hidro,99.109
2026-02-25 11:00,8,1,11,G03,hidro,183.821
2026-02-25 11:00,8,1,11,G04,hidro,239.704
2026-02-25 11:00,8,1,11,G05,hidro,284.925
2026-02-25 11:00,8,1,11,G06,termo,141.134
2026-02-25 11:00,8,1,11,G07,termo,168.486
2026-02-25 11:00,8,1,11,G08,solar,117.032
2026-02-25 11:00,8,1,11,G09,solar,126.844
2026-02-25 11:00,8,1,11,G10,eolica,67.861
2026-02-25 12:00,8,1,12,G01,hidro,94.372
2026-02-25 12:00,8,1,12,G02,hidro,99.276
2026-02-25 12:00,8,1,12,G03,hidro,192.994
2026-02-25 12:00,8,1,12,G04,hidro,257.041
2026-02-25 12:00,8,1,12,G05,hidro,245.766
2026-02-25 12:00,8,1,12,G06,termo,151.265
2026-02-25 12:00,8,1,12,G07,termo,158.095
2026-02-25 12:00,8,1,12,G08,solar,132.185
2026-02-25 12:00,8,1,12,G09,solar,146.895
2026-02-25 12:00,8,1,12,G10,eolica,63.68
2026-02-25 13:00,8,1,13,G01,hidro,98.519
2026-02-25 13:00,8,1,13,G02,hidro,99.657
2026-02-25 13:00,8,1,13,G03,hidro,227.737
2026-02-25 13:00,8,1,13,G04,hidro,240.151
2026-02-25 13:00,8,1,13,G05,hidro,233.929
2026-02-25 13:00,8,1,13,G06,termo,149.081
2026-02-25 13:00,8,1,13,G07,termo,176.366
2026-02-25 13:00,8,1,13,G08,solar,145.063
2026-02-25 13:00,8,1,13,G09,solar,141.405
2026-02-25 13:00,8,1,13,G10,eolica,48.022
2026-02-25 14:00,8,1,14,G01,hidro,102.307
2026-02-25 14:00,8,1,14,G02,hidro,99.648
2026-02-25 14:00,8,1,14,G03,hidro,198.912
2026-02-25 14:00,8,1,14,G04,hidro,235.94
2026-02-25 14:00,8,1,14,G05,hidro,248.138
2026-02-25 14:00,8,1,14,G06,termo,152.964
2026-02-25 14:00,8,1,14,G07,termo,177.677
2026-02-25 14:00,8,1,14,G08,solar,143.96
2026-02-25 14:00,8,1,14,G09,solar,144.007
2026-02-25 14:00,8,1,14,G10,eolica,47.383
2026-02-25 15:00,8,1,15,G01,hidro,93.512
2026-02-25 15:00,8,1,15,G02,hidro,84.252
2026-02-25 15:00,8,1,15,G03,hidro,181.181
2026-02-25 15:00,8,1,15,G04,hidro,279.965
2026-02-25 15:00,8,1,15,G05,hidro,293.71
2026-02-25 15:00,8,1,15,G06,termo,173.806
2026-02-25 15:00,8,1,15,G07,termo,172.487
2026-02-25 15:00,8,1,15,G08,solar,130.115
2026-02-25 15:00,8,1,15,G09,solar,141.049
2026-02-25 15:00,8,1,15,G10,eolica,37.127
2026-02-25 16:00,8,1,16,G01,hidro,104.758
2026-02-25 16:00,8,1,16,G02,hidro,96.655
2026-02-25 16:00,8,1,16,G03,hidro,187.221
2026-02-25 16:00,8,1,16,G04,hidro,255.138
2026-02-25 16:00,8,1,16,G05,hidro,259.258
2026-02-25 16:00,8,1,16,G06,termo,156.782
2026-02-25 16:00,8,1,16,G07,termo,165.441
2026-02-25 16:00,8,1,16,G08,solar,81.489
2026-02-25 16:00,8,1,16,G09,solar,72.221
2026-02-25 16:00,8,1,16,G10,eolica,37.387
2026-02-25 17:00,8,1,17,G01,hidro,85.041
2026-02-25 17:00,8,1,17,G02,hidro,94.142
2026-02-25 17:00,8,1,17,G03,hidro,226.502
2026-02-25 17:00,8,1,17,G04,hidro,284.334
2026-02-25 17:00,8,1,17,G05,hidro,289.63
2026-02-25 17:00,8,1,17,G06,termo,169.358
2026-02-25 17:00,8,1,17,G07,termo,168.389
2026-02-25 17:00,8,1,17,G08,solar,71.776
2026-02-25 17:00,8,1,17,G09,solar,77.507
2026-02-25 17:00,8,1,17,G10,eolica,37.02
2026-02-25 18:00,8,1,18,G01,hidro,83.125
2026-02-25 18:00,8,1,18,G02,hidro,98.667
2026-02-25 18:00,8,1,18,G03,hidro,195.221
2026-02-25 18:00,8,1,18,G04,hidro,289.956
2026-02-25 18:00,8,1,18,G05,hidro,232.003
2026-02-25 18:00,8,1,18,G06,termo,141.118
2026-02-25 18:00,8,1,18,G07,termo,155.544
2026-02-25 18:00,8,1,18,G08,solar,13.354
2026-02-25 18:00,8,1,18,G09,solar,13.584
2026-02-25 18:00,8,1,18,G10,eolica,34.804
2026-02-25 19:00,8,1,19,G01,hidro,93.381
2026-02-25 19:00,8,1,19,G02,hidro,84.705
2026-02-25 19:00,8,1,19,G03,hidro,190.041
2026-02-25 19:00,8,1,19,G04,hidro,215.526
2026-02-25 19:00,8,1,19,G05,hidro,219.881
2026-02-25 19:00,8,1,19,G06,termo,140.383
2026-02-25 19:00,8,1,19,G07,termo,148.567
2026-02-25 19:00,8,1,19,G08,solar,14.839
2026-02-25 19:00,8,1,19,G09,solar,14.25
2026-02-25 19:00,8,1,19,G10,eolica,30.696
2026-02-25 20:00,8,1,20,G01,hidro,91.422
2026-02-25 20:00,8,1,20,G02,hidro,90.178
2026-02-25 20:00,8,1,20,G03,hidro,205.644
2026-02-25 20:00,8,1,20,G04,hidro,249.453
2026-02-25 20:00,8,1,20,G05,hidro,236.459
2026-02-25 20:00,8,1,20,G06,termo,148.795
2026-02-25 20:00,8,1,20,G07,termo,149.054
2026-02-25 20:00,8,1,20,G08,solar,0.0
2026-02-25 20:00,8,1,20,G09,solar,0.0
2026-02-25 20:00,8,1,20,G10,eolica,34.399
2026-02-25 21:00,8,1,21,G01,hidro,90.443
2026-02-25 21:00,8,1,21,G02,hidro,87.604
2026-02-25 21:00,8,1,21,G03,hidro,202.403
2026-02-25 21:00,8,1,21,G04,hidro,248.237
2026-02-25 21:00,8,1,21,G05,hidro,257.359
2026-02-25 21:00,8,1,21,G06,termo,126.981
2026-02-25 21:00,8,1,21,G07,termo,138.399
2026-02-25 21:00,8,1,21,G08,solar,0.0
2026-02-25 21:00,8,1,21,G09,solar,0.0
2026-02-25 21:00,8,1,21,G10,eolica,42.896
2026-02-25 22:00,8,1,22,G01,hidro,80.412
2026-02-25 22:00,8,1,22,G02,hidro,79.977
2026-02-25 22:00,8,1,22,G03,hidro,174.65
2026-02-25 22:00,8,1,22,G04,hidro,242.327
2026-02-25 22:00,8,1,22,G05,hidro,230.596
2026-02-25 22:00,8,1,22,G06,termo,149.211
2026-02-25 22:00,8,1,22,G07,termo,154.324
2026-02-25 22:00,8,1,22,G08,solar,0.0
2026-02-25 22:00,8,1,22,G09,solar,0.0
2026-02-25 22:00,8,1,22,G10,eolica,49.023
2026-02-25 23:00,8,1,23,G01,hidro,69.158
2026-02-25 23:00,8,1,23,G02,hidro,55.227
2026-02-25 23:00,8,1,23,G03,hidro,153.058
2026-02-25 23:00,8,1,23,G04,hidro,153.78
2026-02-25 23:00,8,1,23,G05,hidro,175.521
2026-02-25 23:00,8,1,23,G06,termo,102.831
2026-02-25 23:00,8,1,23,G07,termo,118.695
2026-02-25 23:00,8,1,23,G08,solar,0.0
2026-02-25 23:00,8,1,23,G09,solar,0.0
2026-02-25 23:00,8,1,23,G10,eolica,57.462
2026-02-26 00:00,8,2,0,G01,hidro,59.674
2026-02-26 00:00,8,2,0,G02,hidro,53.985
2026-02-26 00:00,8,2,0,G03,hidro,125.252
2026-02-26 00:00,8,2,0,G04,hidro,171.423
2026-02-26 00:00,8,2,0,G05,hidro,145.689
2026-02-26 00:00,8,2,0,G06,termo,108.007
2026-02-26 00:00,8,2,0,G07,termo,97.276
2026-02-26 00:00,8,2,0,G08,solar,0.0
2026-02-26 00:00,8,2,0,G09,solar,0.0
2026-02-26 00:00,8,2,0,G10,eolica,61.712
2026-02-26 01:00,8,2,1,G01,hidro,60.19
2026-02-26 01:00,8,2,1,G02,hidro,61.367
2026-02-26 01:00,8,2,1,G03,hidro,118.656
2026-02-26 01:00,8,2,1,G04,hidro,177.687
2026-02-26 01:00,8,2,1,G05,hidro,165.729
2026-02-26 01:00,8,2,1,G06,termo,89.747
2026-02-26 01:00,8,2,1,G07,termo,92.954
2026-02-26 01:00,8,2,1,G08,solar,0.0
2026-02-26 01:00,8,2,1,G09,solar,0.0
2026-02-26 01:00,8,2,1,G10,eolica,72.23
2026-02-26 02:00,8,2,2,G01,hidro,57.938
2026-02-26 02:00,8,2,2,G02,hidro,58.312
2026-02-26 02:00,8,2,2,G03,hidro,119.751
2026-02-26 02:00,8,2,2,G04,hidro,178.18
2026-02-26 02:00,8,2,2,G05,hidro,147.432
2026-02-26 02:00,8,2,2,G06,termo,109.291
2026-02-26 02:00,8,2,2,G07,termo,108.031
2026-02-26 02:00,8,2,2,G08,solar,0.0
2026-02-26 02:00,8,2,2,G09,solar,0.0
2026-02-26 02:00,8,2,2,G10,eolica,69.379
2026-02-26 03:00,8,2,3,G01,hidro,51.683
2026-02-26 03:00,8,2,3,G02,hidro,62.216
2026-02-26 03:00,8,2,3,G03,hidro,120.43
2026-02-26 03:00,8,2,3,G04,hidro,143.936
2026-02-26 03:00,8,2,3,G05,hidro,143.234
2026-02-26 03:00,8,2,3,G06,termo,98.555
2026-02-26 03:00,8,2,3,G07,termo,98.745
2026-02-26 03:00,8,2,3,G08,solar,0.0
2026-02-26 03:00,8,2,3,G09,solar,0.0
2026-02-26 03:00,8,2,3,G10,eolica,71.431
2026-02-26 04:00,8,2,4,G01,hidro,58.394
2026-02-26 04:00,8,2,4,G02,hidro,61.995
2026-02-26 04:00,8,2,4,G03,hidro,125.825
2026-02-26 04:00,8,2,4,G04,hidro,148.523
2026-02-26 04:00,8,2,4,G05,hidro,162.86
2026-02-26 04:00,8,2,4,G06,termo,102.511
2026-02-26 04:00,8,2,4,G07,termo,106.31
2026-02-26 04:00,8,2,4,G08,solar,0.0
2026-02-26 04:00,8,2,4,G09,solar,0.0
2026-02-26 04:00,8,2,4,G10,eolica,84.244
2026-02-26 05:00,8,2,5,G01,hidro,52.108
2026-02-26 05:00,8,2,5,G02,hidro,58.247
2026-02-26 05:00,8,2,5,G03,hidro,115.371
2026-02-26 05:00,8,2,5,G04,hidro,164.329
2026-02-26 05:00,8,2,5,G05,hidro,177.699
2026-02-26 05:00,8,2,5,G06,termo,110.428
2026-02-26 05:00,8,2,5,G07,termo,99.156
2026-02-26 05:00,8,2,5,G08,solar,0.0
2026-02-26 05:00,8,2,5,G09,solar,0.0
2026-02-26 05:00,8,2,5,G10,eolica,82.679
2026-02-26 06:00,8,2,6,G01,hidro,56.973
2026-02-26 06:00,8,2,6,G02,hidro,63.978
2026-02-26 06:00,8,2,6,G03,hidro,117.247
2026-02-26 06:00,8,2,6,G04,hidro,168.415
2026-02-26 06:00,8,2,6,G05,hidro,152.811
2026-02-26 06:00,8,2,6,G06,termo,109.679
2026-02-26 06:00,8,2,6,G07,termo,107.335
2026-02-26 06:00,8,2,6,G08,solar,0.0
2026-02-26 06:00,8,2,6,G09,solar,0.0
2026-02-26 06:00,8,2,6,G10,eolica,77.804
2026-02-26 07:00,8,2,7,G01,hidro,85.045
2026-02-26 07:00,8,2,7,G02,hidro,93.172
2026-02-26 07:00,8,2,7,G03,hidro,181.747
2026-02-26 07:00,8,2,7,G04,hidro,249.181
2026-02-26 07:00,8,2,7,G05,hidro,261.968
2026-02-26 07:00,8,2,7,G06,termo,152.809
2026-02-26 07:00,8,2,7,G07,termo,155.839
2026-02-26 07:00,8,2,7,G08,solar,40.327
2026-02-26 07:00,8,2,7,G09,solar,41.595
2026-02-26 07:00,8,2,7,G10,eolica,80.035
2026-02-26 08:00,8,2,8,G01,hidro,97.94
2026-02-26 08:00,8,2,8,G02,hidro,87.948
2026-02-26 08:00,8,2,8,G03,hidro,195.749
2026-02-26 08:00,8,2,8,G04,hidro,284.4
2026-02-26 08:00,8,2,8,G05,hidro,232.555
2026-02-26 08:00,8,2,8,G06,termo,155.641
2026-02-26 08:00,8,2,8,G07,termo,142.042
2026-02-26 08:00,8,2,8,G08,solar,43.92
2026-02-26 08:00,8,2,8,G09,solar,44.532
2026-02-26 08:00,8,2,8,G10,eolica,74.766
2026-02-26 09:00,8,2,9,G01,hidro,93.093
2026-02-26 09:00,8,2,9,G02,hidro,98.796
2026-02-26 09:00,8,2,9,G03,hidro,181.304
2026-02-26 09:00,8,2,9,G04,hidro,290.937
2026-02-26 09:00,8,2,9,G05,hidro,259.664
2026-02-26 09:00,8,2,9,G06,termo,155.996
2026-02-26 09:00,8,2,9,G07,termo,151.417
2026-02-26 09:00,8,2,9,G08,solar,121.792
2026-02-26 09:00,8,2,9,G09,solar,112.649
2026-02-26 09:00,8,2,9,G10,eolica,73.354
2026-02-26 10:00,8,2,10,G01,hidro,90.688
2026-02-26 10:00,8,2,10,G02,hidro,88.435
2026-02-26 10:00,8,2,10,G03,hidro,203.356
2026-02-26 10:00,8,2,10,G04,hidro,278.039
2026-02-26 10:00,8,2,10,G05,hidro,277.155
2026-02-26 10:00,8,2,10,G06,termo,176.258
2026-02-26 10:00,8,2,10,G07,termo,145.988
2026-02-26 10:00,8,2,10,G08,solar,119.051
2026-02-26 10:00,8,2,10,G09,solar,119.612
2026-02-26 10:00,8,2,10,G10,eolica,68.253
2026-02-26 11:00,8,2,11,G01,hidro,88.954
2026-02-26 11:00,8,2,11,G02,hidro,86.022
2026-02-26 11:00,8,2,11,G03,hidro,208.999
2026-02-26 11:00,8,2,11,G04,hidro,273.164
2026-02-26 11:00,8,2,11,G05,hidro,240.318
2026-02-26 11:00,8,2,11,G06,termo,139.981
2026-02-26 11:00,8,2,11,G07,termo,162.869
2026-02-26 11:00,8,2,11,G08,solar,120.647
2026-02-26 11:00,8,2,11,G09,solar,116.318
2026-02-26 11:00,8,2,11,G10,eolica,69.417
2026-02-26 12:00,8,2,12,G01,hidro,103.527
2026-02-26 12:00,8,2,12,G02,hidro,89.708
2026-02-26 12:00,8,2,12,G03,hidro,216.473
2026-02-26 12:00,8,2,12,G04,hidro,271.581
2026-02-26 12:00,8,2,12,G05,hidro,290.287
2026-02-26 12:00,8,2,12,G06,termo,139.467
2026-02-26 12:00,8,2,12,G07,termo,149.069
2026-02-26 12:00,8,2,12,G08,solar,130.267
2026-02-26 12:00,8,2,12,G09,solar,142.292
2026-02-26 12:00,8,2,12,G10,eolica,55.523
2026-02-26 13:00,8,2,13,G01,hidro,102.953
2026-02-26 13:00,8,2,13,G02,hidro,104.054
2026-02-26 13:00,8,2,13,G03,hidro,224.718
2026-02-26 13:00,8,2,13,G04,hidro,237.836
2026-02-26 13:00,8,2,13,G05,hidro,270.336
2026-02-26 13:00,8,2,13,G06,termo,148.182
2026-02-26 13:00,8,2,13,G07,termo,169.842
2026-02-26 13:00,8,2,13,G08,solar,140.707
2026-02-26 13:00,8,2,13,G09,solar,134.318
2026-02-26 13:00,8,2,13,G10,eolica,47.318
2026-02-26 14:00,8,2,14,G01,hidro,92.187
2026-02-26 14:00,8,2,14,G02,hidro,101.804
2026-02-26 14:00,8,2,14,G03,hidro,187.44
2026-02-26 14:00,8,2,14,G04,hidro,269.852
2026-02-26 14:00,8,2,14,G05,hidro,260.373
2026-02-26 14:00,8,2,14,G06,termo,163.284
2026-02-26 14:00,8,2,14,G07,termo,155.097
2026-02-26 14:00,8,2,14,G08,solar,143.924
2026-02-26 14:00,8,2,14,G09,solar,133.763
2026-02-26 14:00,8,2,14,G10,eolica,44.364
2026-02-26 15:00,8,2,15,G01,hidro,90.007
2026-02-26 15:00,8,2,15,G02,hidro,86.978
2026-02-26 15:00,8,2,15,G03,hidro,190.512
2026-02-26 15:00,8,2,15,G04,hidro,287.022
2026-02-26 15:00,8,2,15,G05,hidro,293.618
2026-02-26 15:00,8,2,15,G06,termo,144.493
2026-02-26 15:00,8,2,15,G07,termo,175.518
2026-02-26 15:00,8,2,15,G08,solar,140.122
2026-02-26 15:00,8,2,15,G09,solar,127.887
2026-02-26 15:00,8,2,15,G10,eolica,37.651
2026-02-26 16:00,8,2,16,G01,hidro,83.006
2026-02-26 16:00,8,2,16,G02,hidro,95.968
2026-02-26 16:00,8,2,16,G03,hidro,207.11
2026-02-26 16:00,8,2,16,G04,hidro,237.852
2026-02-26 16:00,8,2,16,G05,hidro,257.341
2026-02-26 16:00,8,2,16,G06,termo,160.249
2026-02-26 16:00,8,2,16,G07,termo,150.921
2026-02-26 16:00,8,2,16,G08,solar,81.043
2026-02-26 16:00,8,2,16,G09,solar,75.593
2026-02-26 16:00,8,2,16,G10,eolica,35.022
2026-02-26 17:00,8,2,17,G01,hidro,92.291
2026-02-26 17:00,8,2,17,G02,hidro,102.279
2026-02-26 17:00,8,2,17,G03,hidro,186.292
2026-02-26 17:00,8,2,17,G04,hidro,257.72
2026-02-26 17:00,8,2,17,G05,hidro,261.84
2026-02-26 17:00,8,2,17,G06,termo,156.766
2026-02-26 17:00,8,2,17,G07,termo,141.766
2026-02-26 17:00,8,2,17,G08,solar,71.138
2026-02-26 17:00,8,2,17,G09,solar,73.511
2026-02-26 17:00,8,2,17,G10,eolica,35.245
2026-02-26 18:00,8,2,18,G01,hidro,85.097
2026-02-26 18:00,8,2,18,G02,hidro,102.02
2026-02-26 18:00,8,2,18,G03,hidro,210.874
2026-02-26 18:00,8,2,18,G04,hidro,248.894
2026-02-26 18:00,8,2,18,G05,hidro,235.772
2026-02-26 18:00,8,2,18,G06,termo,166.942
2026-02-26 18:00,8,2,18,G07,termo,151.878
2026-02-26 18:00,8,2,18,G08,solar,12.968
2026-02-26 18:00,8,2,18,G09,solar,13.596
2026-02-26 18:00,8,2,18,G10,eolica,30.705
2026-02-26 19:00,8,2,19,G01,hidro,94.396
2026-02-26 19:00,8,2,19,G02,hidro,77.176
2026-02-26 19:00,8,2,19,G03,hidro,195.078
2026-02-26 19:00,8,2,19,G04,hidro,208.685
2026-02-26 19:00,8,2,19,G05,hidro,224.888
2026-02-26 19:00,8,2,19,G06,termo,161.166
2026-02-26 19:00,8,2,19,G07,termo,147.032
2026-02-26 19:00,8,2,19,G08,solar,14.793
2026-02-26 19:00,8,2,19,G09,solar,14.465
2026-02-26 19:00,8,2,19,G10,eolica,34.997
2026-02-26 20:00,8,2,20,G01,hidro,74.907
2026-02-26 20:00,8,2,20,G02,hidro,83.816
2026-02-26 20:00,8,2,20,G03,hidro,172.329
2026-02-26 20:00,8,2,20,G04,hidro,215.892
2026-02-26 20:00,8,2,20,G05,hidro,252.741
2026-02-26 20:00,8,2,20,G06,termo,156.685
2026-02-26 20:00,8,2,20,G07,termo,133.313
2026-02-26 20:00,8,2,20,G08,solar,0.0
2026-02-26 20:00,8,2,20,G09,solar,0.0
2026-02-26 20:00,8,2,20,G10,eolica,35.421
2026-02-26 21:00,8,2,21,G01,hidro,81.742
2026-02-26 21:00,8,2,21,G02,hidro,78.339
2026-02-26 21:00,8,2,21,G03,hidro,205.84
2026-02-26 21:00,8,2,21,G04,hidro,231.638
2026-02-26 21:00,8,2,21,G05,hidro,240.292
2026-02-26 21:00,8,2,21,G06,termo,155.665
2026-02-26 21:00,8,2,21,G07,termo,147.777
2026-02-26 21:00,8,2,21,G08,solar,0.0
2026-02-26 21:00,8,2,21,G09,solar,0.0
2026-02-26 21:00,8,2,21,G10,eolica,44.285
2026-02-26 22:00,8,2,22,G01,hidro,77.611
2026-02-26 22:00,8,2,22,G02,hidro,83.434
2026-02-26 22:00,8,2,22,G03,hidro,194.447
2026-02-26 22:00,8,2,22,G04,hidro,244.296
2026-02-26 22:00,8,2,22,G05,hidro,239.371
2026-02-26 22:00,8,2,22,G06,termo,135.787
2026-02-26 22:00,8,2,22,G07,termo,157.518
2026-02-26 22:00,8,2,22,G08,solar,0.0
2026-02-26 22:00,8,2,22,G09,solar,0.0
2026-02-26 22:00,8,2,22,G10,eolica,46.352
2026-02-26 23:00,8,2,23,G01,hidro,63.118
2026-02-26 23:00,8,2,23,G02,hidro,57.042
2026-02-26 23:00,8,2,23,G03,hidro,121.383
2026-02-26 23:00,8,2,23,G04,hidro,193.98
2026-02-26 23:00,8,2,23,G05,hidro,186.601
2026-02-26 23:00,8,2,23,G06,termo,101.624
2026-02-26 23:00,8,2,23,G07,termo,116.299
2026-02-26 23:00,8,2,23,G08,solar,0.0
2026-02-26 23:00,8,2,23,G09,solar,0.0
2026-02-26 23:00,8,2,23,G10,eolica,47.443
2026-02-27 00:00,8,3,0,G01,hidro,63.794
2026-02-27 00:00,8,3,0,G02,hidro,56.671
2026-02-27 00:00,8,3,0,G03,hidro,134.688
2026-02-27 00:00,8,3,0,G04,hidro,171.084
2026-02-27 00:00,8,3,0,G05,hidro,146.553
2026-02-27 00:00,8,3,0,G06,termo,92.081
2026-02-27 00:00,8,3,0,G07,termo,93.76
2026-02-27 00:00,8,3,0,G08,solar,0.0
2026-02-27 00:00,8,3,0,G09,solar,0.0
2026-02-27 00:00,8,3,0,G10,eolica,65.689
2026-02-27 01:00,8,3,1,G01,hidro,61.741
2026-02-27 01:00,8,3,1,G02,hidro,56.57
2026-02-27 01:00,8,3,1,G03,hidro,131.008
2026-02-27 01:00,8,3,1,G04,hidro,163.039
2026-02-27 01:00,8,3,1,G05,hidro,181.853
2026-02-27 01:00,8,3,1,G06,termo,101.972
2026-02-27 01:00,8,3,1,G07,termo,103.603
2026-02-27 01:00,8,3,1,G08,solar,0.0
2026-02-27 01:00,8,3,1,G09,solar,0.0
2026-02-27 01:00,8,3,1,G10,eolica,60.966
2026-02-27 02:00,8,3,2,G01,hidro,53.411
2026-02-27 02:00,8,3,2,G02,hidro,52.468
2026-02-27 02:00,8,3,2,G03,hidro,125.778
2026-02-27 02:00,8,3,2,G04,hidro,153.873
2026-02-27 02:00,8,3,2,G05,hidro,153.385
2026-02-27 02:00,8,3,2,G06,termo,90.075
2026-02-27 02:00,8,3,2,G07,termo,108.023
2026-02-27 02:00,8,3,2,G08,solar,0.0
2026-02-27 02:00,8,3,2,G09,solar,0.0
2026-02-27 02:00,8,3,2,G10,eolica,75.264
2026-02-27 03:00,8,3,3,G01,hidro,64.332
2026-02-27 03:00,8,3,3,G02,hidro,58.706
2026-02-27 03:00,8,3,3,G03,hidro,116.885
2026-02-27 03:00,8,3,3,G04,hidro,167.127
2026-02-27 03:00,8,3,3,G05,hidro,161.432
2026-02-27 03:00,8,3,3,G06,termo,106.539
2026-02-27 03:00,8,3,3,G07,termo,99.096
2026-02-27 03:00,8,3,3,G08,solar,0.0
2026-02-27 03:00,8,3,3,G09,solar,0.0
2026-02-27 03:00,8,3,3,G10,eolica,83.184
2026-02-27 04:00,8,3,4,G01,hidro,60.214
2026-02-27 04:00,8,3,4,G02,hidro,58.936
2026-02-27 04:00,8,3,4,G03,hidro,126.174
2026-02-27 04:00,8,3,4,G04,hidro,174.001
2026-02-27 04:00,8,3,4,G05,hidro,178.489
2026-02-27 04:00,8,3,4,G06,termo,87.999
2026-02-27 04:00,8,3,4,G07,termo,99.612
2026-02-27 04:00,8,3,4,G08,solar,0.0
2026-02-27 04:00,8,3,4,G09,solar,0.0
2026-02-27 04:00,8,3,4,G10,eolica,75.768
2026-02-27 05:00,8,3,5,G01,hidro,53.398
2026-02-27 05:00,8,3,5,G02,hidro,62.918
2026-02-27 05:00,8,3,5,G03,hidro,116.999
2026-02-27 05:00,8,3,5,G04,hidro,145.439
2026-02-27 05:00,8,3,5,G05,hidro,161.415
2026-02-27 05:00,8,3,5,G06,termo,98.082
2026-02-27 05:00,8,3,5,G07,termo,105.206
2026-02-27 05:00,8,3,5,G08,solar,0.0
2026-02-27 05:00,8,3,5,G09,solar,0.0
2026-02-27 05:00,8,3,5,G10,eolica,92.515
2026-02-27 06:00,8,3,6,G01,hidro,56.505
2026-02-27 06:00,8,3,6,G02,hidro,62.83
2026-02-27 06:00,8,3,6,G03,hidro,124.567
2026-02-27 06:00,8,3,6,G04,hidro,144.237
2026-02-27 06:00,8,3,6,G05,hidro,168.94
2026-02-27 06:00,8,3,6,G06,termo,94.853
2026-02-27 06:00,8,3,6,G07,termo,88.887
2026-02-27 06:00,8,3,6,G08,solar,0.0
2026-02-27 06:00,8,3,6,G09,solar,0.0
2026-02-27 06:00,8,3,6,G10,eolica,86.448
2026-02-27 07:00,8,3,7,G01,hidro,87.54
2026-02-27 07:00,8,3,7,G02,hidro,85.675
2026-02-27 07:00,8,3,7,G03,hidro,194.78
2026-02-27 07:00,8,3,7,G04,hidro,285.222
2026-02-27 07:00,8,3,7,G05,hidro,262.248
2026-02-27 07:00,8,3,7,G06,termo,159.128
2026-02-27 07:00,8,3,7,G07,termo,177.755
2026-02-27 07:00,8,3,7,G08,solar,40.984
2026-02-27 07:00,8,3,7,G09,solar,44.613
2026-02-27 07:00,8,3,7,G10,eolica,92.446
2026-02-27 08:00,8,3,8,G01,hidro,90.642
2026-02-27 08:00,8,3,8,G02,hidro,86.856
2026-02-27 08:00,8,3,8,G03,hidro,211.479
2026-02-27 08:00,8,3,8,G04,hidro,247.887
2026-02-27 08:00,8,3,8,G05,hidro,280.837
2026-02-27 08:00,8,3,8,G06,termo,149.354
2026-02-27 08:00,8,3,8,G07,termo,171.633
2026-02-27 08:00,8,3,8,G08,solar,43.913
2026-02-27 08:00,8,3,8,G09,solar,39.217
2026-02-27 08:00,8,3,8,G10,eolica,85.723
2026-02-27 09:00,8,3,9,G01,hidro,87.795
2026-02-27 09:00,8,3,9,G02,hidro,85.693
2026-02-27 09:00,8,3,9,G03,hidro,226.531
2026-02-27 09:00,8,3,9,G04,hidro,290.799
2026-02-27 09:00,8,3,9,G05,hidro,247.98
2026-02-27 09:00,8,3,9,G06,termo,146.309
2026-02-27 09:00,8,3,9,G07,termo,152.075
2026-02-27 09:00,8,3,9,G08,solar,118.964
2026-02-27 09:00,8,3,9,G09,solar,115.199
2026-02-27 09:00,8,3,9,G10,eolica,85.202
2026-02-27 10:00,8,3,10,G01,hidro,93.012
2026-02-27 10:00,8,3,10,G02,hidro,91.615
2026-02-27 10:00,8,3,10,G03,hidro,209.487
2026-02-27 10:00,8,3,10,G04,hidro,236.528
2026-02-27 10:00,8,3,10,G05,hidro,287.111
2026-02-27 10:00,8,3,10,G06,termo,177.727
2026-02-27 10:00,8,3,10,G07,termo,151.875
2026-02-27 10:00,8,3,10,G08,solar,109.458
2026-02-27 10:00,8,3,10,G09,solar,121.224
2026-02-27 10:00,8,3,10,G10,eolica,73.698
2026-02-27 11:00,8,3,11,G01,hidro,99.487
2026-02-27 11:00,8,3,11,G02,hidro,93.571
2026-02-27 11:00,8,3,11,G03,hidro,216.543
2026-02-27 11:00,8,3,11,G04,hidro,240.581
2026-02-27 11:00,8,3,11,G05,hidro,257.64
2026-02-27 11:00,8,3,11,G06,termo,173.349
2026-02-27 11:00,8,3,11,G07,termo,154.339
2026-02-27 11:00,8,3,11,G08,solar,108.54
2026-02-27 11:00,8,3,11,G09,solar,122.272
2026-02-27 11:00,8,3,11,G10,eolica,60.097
2026-02-27 12:00,8,3,12,G01,hidro,84.631
2026-02-27 12:00,8,3,12,G02,hidro,92.24
2026-02-27 12:00,8,3,12,G03,hidro,180.958
2026-02-27 12:00,8,3,12,G04,hidro,280.971
2026-02-27 12:00,8,3,12,G05,hidro,267.899
2026-02-27 12:00,8,3,12,G06,termo,169.972
2026-02-27 12:00,8,3,12,G07,termo,152.15
2026-02-27 12:00,8,3,12,G08,solar,137.186
2026-02-27 12:00,8,3,12,G09,solar,136.131
2026-02-27 12:00,8,3,12,G10,eolica,54.924
2026-02-27 13:00,8,3,13,G01,hidro,84.184
2026-02-27 13:00,8,3,13,G02,hidro,101.312
2026-02-27 13:00,8,3,13,G03,hidro,195.319
2026-02-27 13:00,8,3,13,G04,hidro,231.588
2026-02-27 13:00,8,3,13,G05,hidro,248.256
2026-02-27 13:00,8,3,13,G06,termo,154.469
2026-02-27 13:00,8,3,13,G07,termo,151.322
2026-02-27 13:00,8,3,13,G08,solar,137.283
2026-02-27 13:00,8,3,13,G09,solar,142.482
2026-02-27 13:00,8,3,13,G10,eolica,50.199
2026-02-27 14:00,8,3,14,G01,hidro,85.416
2026-02-27 14:00,8,3,14,G02,hidro,84.565
2026-02-27 14:00,8,3,14,G03,hidro,181.67
2026-02-27 14:00,8,3,14,G04,hidro,273.192
2026-02-27 14:00,8,3,14,G05,hidro,250.468
2026-02-27 14:00,8,3,14,G06,termo,171.264
2026-02-27 14:00,8,3,14,G07,termo,147.7
2026-02-27 14:00,8,3,14,G08,solar,147.66
2026-02-27 14:00,8,3,14,G09,solar,148.409
2026-02-27 14:00,8,3,14,G10,eolica,40.916
2026-02-27 15:00,8,3,15,G01,hidro,97.416
2026-02-27 15:00,8,3,15,G02,hidro,83.907
2026-02-27 15:00,8,3,15,G03,hidro,183.028
2026-02-27 15:00,8,3,15,G04,hidro,240.989
2026-02-27 15:00,8,3,15,G05,hidro,288.922
2026-02-27 15:00,8,3,15,G06,termo,178.472
2026-02-27 15:00,8,3,15,G07,termo,151.85
2026-02-27 15:00,8,3,15,G08,solar,144.828
2026-02-27 15:00,8,3,15,G09,solar,141.78
2026-02-27 15:00,8,3,15,G10,eolica,43.597
2026-02-27 16:00,8,3,16,G01,hidro,89.28
2026-02-27 16:00,8,3,16,G02,hidro,95.024
2026-02-27 16:00,8,3,16,G03,hidro,199.203
2026-02-27 16:00,8,3,16,G04,hidro,282.207
2026-02-27 16:00,8,3,16,G05,hidro,281.262
2026-02-27 16:00,8,3,16,G06,termo,145.897
2026-02-27 16:00,8,3,16,G07,termo,145.05
2026-02-27 16:00,8,3,16,G08,solar,75.205
2026-02-27 16:00,8,3,16,G09,solar,75.28
2026-02-27 16:00,8,3,16,G10,eolica,36.36
2026-02-27 17:00,8,3,17,G01,hidro,87.299
2026-02-27 17:00,8,3,17,G02,hidro,91.215
2026-02-27 17:00,8,3,17,G03,hidro,192.822
2026-02-27 17:00,8,3,17,G04,hidro,261.892
2026-02-27 17:00,8,3,17,G05,hidro,252.106
2026-02-27 17:00,8,3,17,G06,termo,145.102
2026-02-27 17:00,8,3,17,G07,termo,147.921
2026-02-27 17:00,8,3,17,G08,solar,72.601
2026-02-27 17:00,8,3,17,G09,solar,80.281
2026-02-27 17:00,8,3,17,G10,eolica,29.693
2026-02-27 18:00,8,3,18,G01,hidro,86.626
2026-02-27 18:00,8,3,18,G02,hidro,97.601
2026-02-27 18:00,8,3,18,G03,hidro,197.468
2026-02-27 18:00,8,3,18,G04,hidro,243.187
2026-02-27 18:00,8,3,18,G05,hidro,270.373
2026-02-27 18:00,8,3,18,G06,termo,143.661
2026-02-27 18:00,8,3,18,G07,termo,164.416
2026-02-27 18:00,8,3,18,G08,solar,13.565
2026-02-27 18:00,8,3,18,G09,solar,13.304
2026-02-27 18:00,8,3,18,G10,eolica,31.256
2026-02-27 19:00,8,3,19,G01,hidro,79.689
2026-02-27 19:00,8,3,19,G02,hidro,84.28
2026-02-27 19:00,8,3,19,G03,hidro,192.288
2026-02-27 19:00,8,3,19,G04,hidro,226.741
2026-02-27 19:00,8,3,19,G05,hidro,252.108
2026-02-27 19:00,8,3,19,G06,termo,147.002
2026-02-27 19:00,8,3,19,G07,termo,129.024
2026-02-27 19:00,8,3,19,G08,solar,12.945
2026-02-27 19:00,8,3,19,G09,solar,13.598
2026-02-27 19:00,8,3,19,G10,eolica,32.534
2026-02-27 20:00,8,3,20,G01,hidro,87.932
2026-02-27 20:00,8,3,20,G02,hidro,80.915
2026-02-27 20:00,8,3,20,G03,hidro,183.327
2026-02-27 20:00,8,3,20,G04,hidro,208.166
2026-02-27 20:00,8,3,20,G05,hidro,255.227
2026-02-27 20:00,8,3,20,G06,termo,153.81
2026-02-27 20:00,8,3,20,G07,termo,134.59
2026-02-27 20:00,8,3,20,G08,solar,0.0
2026-02-27 20:00,8,3,20,G09,solar,0.0
2026-02-27 20:00,8,3,20,G10,eolica,32.627
2026-02-27 21:00,8,3,21,G01,hidro,89.394
2026-02-27 21:00,8,3,21,G02,hidro,85.013
2026-02-27 21:00,8,3,21,G03,hidro,199.728
2026-02-27 21:00,8,3,21,G04,hidro,210.859
2026-02-27 21:00,8,3,21,G05,hidro,262.235
2026-02-27 21:00,8,3,21,G06,termo,141.447
2026-02-27 21:00,8,3,21,G07,termo,147.123
2026-02-27 21:00,8,3,21,G08,solar,0.0
2026-02-27 21:00,8,3,21,G09,solar,0.0
2026-02-27 21:00,8,3,21,G10,eolica,38.201
2026-02-27 22:00,8,3,22,G01,hidro,78.523
2026-02-27 22:00,8,3,22,G02,hidro,76.769
2026-02-27 22:00,8,3,22,G03,hidro,201.337
2026-02-27 22:00,8,3,22,G04,hidro,213.808
2026-02-27 22:00,8,3,22,G05,hidro,253.299
2026-02-27 22:00,8,3,22,G06,termo,143.542
2026-02-27 22:00,8,3,22,G07,termo,135.638
2026-02-27 22:00,8,3,22,G08,solar,0.0
2026-02-27 22:00,8,3,22,G09,solar,0.0
2026-02-27 22:00,8,3,22,G10,eolica,43.362
2026-02-27 23:00,8,3,23,G01,hidro,61.71
2026-02-27 23:00,8,3,23,G02,hidro,55.13
2026-02-27 23:00,8,3,23,G03,hidro,138.605
2026-02-27 23:00,8,3,23,G04,hidro,179.02
2026-02-27 23:00,8,3,23,G05,hidro,167.887
2026-02-27 23:00,8,3,23,G06,termo,98.097
2026-02-27 23:00,8,3,23,G07,termo,102.554
2026-02-27 23:00,8,3,23,G08,solar,0.0
2026-02-27 23:00,8,3,23,G09,solar,0.0
2026-02-27 23:00,8,3,23,G10,eolica,50.645
2026-02-28 00:00,8,4,0,G01,hidro,58.323
2026-02-28 00:00,8,4,0,G02,hidro,56.095
2026-02-28 00:00,8,4,0,G03,hidro,116.016
2026-02-28 00:00,8,4,0,G04,hidro,162.895
2026-02-28 00:00,8,4,0,G05,hidro,150.002
2026-02-28 00:00,8,4,0,G06,termo,96.144
2026-02-28 00:00,8,4,0,G07,termo,106.296
2026-02-28 00:00,8,4,0,G08,solar,0.0
2026-02-28 00:00,8,4,0,G09,solar,0.0
2026-02-28 00:00,8,4,0,G10,eolica,58.219
2026-02-28 01:00,8,4,1,G01,hidro,54.214
2026-02-28 01:00,8,4,1,G02,hidro,60.651
2026-02-28 01:00,8,4,1,G03,hidro,121.497
2026-02-28 01:00,8,4,1,G04,hidro,168.537
2026-02-28 01:00,8,4,1,G05,hidro,154.307
2026-02-28 01:00,8,4,1,G06,termo,95.504
2026-02-28 01:00,8,4,1,G07,termo,86.671
2026-02-28 01:00,8,4,1,G08,solar,0.0
2026-02-28 01:00,8,4,1,G09,solar,0.0
2026-02-28 01:00,8,4,1,G10,eolica,62.514
2026-02-28 02:00,8,4,2,G01,hidro,63.542
2026-02-28 02:00,8,4,2,G02,hidro,58.739
2026-02-28 02:00,8,4,2,G03,hidro,125.698
2026-02-28 02:00,8,4,2,G04,hidro,160.312
2026-02-28 02:00,8,4,2,G05,hidro,171.823
2026-02-28 02:00,8,4,2,G06,termo,102.853
2026-02-28 02:00,8,4,2,G07,termo,103.991
2026-02-28 02:00,8,4,2,G08,solar,0.0
2026-02-28 02:00,8,4,2,G09,solar,0.0
2026-02-28 02:00,8,4,2,G10,eolica,66.168
2026-02-28 03:00,8,4,3,G01,hidro,60.5
2026-02-28 03:00,8,4,3,G02,hidro,58.587
2026-02-28 03:00,8,4,3,G03,hidro,111.855
2026-02-28 03:00,8,4,3,G04,hidro,180.226
2026-02-28 03:00,8,4,3,G05,hidro,154.079
2026-02-28 03:00,8,4,3,G06,termo,97.293
2026-02-28 03:00,8,4,3,G07,termo,90.725
2026-02-28 03:00,8,4,3,G08,solar,0.0
2026-02-28 03:00,8,4,3,G09,solar,0.0
2026-02-28 03:00,8,4,3,G10,eolica,75.411
2026-02-28 04:00,8,4,4,G01,hidro,59.788
2026-02-28 04:00,8,4,4,G02,hidro,59.59
2026-02-28 04:00,8,4,4,G03,hidro,142.733
2026-02-28 04:00,8,4,4,G04,hidro,154.86
2026-02-28 04:00,8,4,4,G05,hidro,176.861
2026-02-28 04:00,8,4,4,G06,termo,108.714
2026-02-28 04:00,8,4,4,G07,termo,97.705
2026-02-28 04:00,8,4,4,G08,solar,0.0
2026-02-28 04:00,8,4,4,G09,solar,0.0
2026-02-28 04:00,8,4,4,G10,eolica,74.852
2026-02-28 05:00,8,4,5,G01,hidro,64.711
2026-02-28 05:00,8,4,5,G02,hidro,58.227
2026-02-28 05:00,8,4,5,G03,hidro,113.205
2026-02-28 05:00,8,4,5,G04,hidro,164.222
2026-02-28 05:00,8,4,5,G05,hidro,142.134
2026-02-28 05:00,8,4,5,G06,termo,107.283
2026-02-28 05:00,8,4,5,G07,termo,93.229
2026-02-28 05:00,8,4,5,G08,solar,0.0
2026-02-28 05:00,8,4,5,G09,solar,0.0
2026-02-28 05:00,8,4,5,G10,eolica,94.725
2026-02-28 06:00,8,4,6,G01,hidro,52.07
2026-02-28 06:00,8,4,6,G02,hidro,51.171
2026-02-28 06:00,8,4,6,G03,hidro,113.669
2026-02-28 06:00,8,4,6,G04,hidro,152.619
2026-02-28 06:00,8,4,6,G05,hidro,159.836
2026-02-28 06:00,8,4,6,G06,termo,106.863
2026-02-28 06:00,8,4,6,G07,termo,92.962
2026-02-28 06:00,8,4,6,G08,solar,0.0
2026-02-28 06:00,8,4,6,G09,solar,0.0
2026-02-28 06:00,8,4,6,G10,eolica,85.634
2026-02-28 07:00,8,4,7,G01,hidro,95.899
2026-02-28 07:00,8,4,7,G02,hidro,104.55
2026-02-28 07:00,8,4,7,G03,hidro,195.397
2026-02-28 07:00,8,4,7,G04,hidro,233.341
2026-02-28 07:00,8,4,7,G05,hidro,232.529
2026-02-28 07:00,8,4,7,G06,termo,145.488
2026-02-28 07:00,8,4,7,G07,termo,169.101
2026-02-28 07:00,8,4,7,G08,solar,43.585
2026-02-28 07:00,8,4,7,G09,solar,43.41
2026-02-28 07:00,8,4,7,G10,eolica,77.469
2026-02-28 08:00,8,4,8,G01,hidro,86.585
2026-02-28 08:00,8,4,8,G02,hidro,96.586
2026-02-28 08:00,8,4,8,G03,hidro,200.765
2026-02-28 08:00,8,4,8,G04,hidro,277.436
2026-02-28 08:00,8,4,8,G05,hidro,284.309
2026-02-28 08:00,8,4,8,G06,termo,145.969
2026-02-28 08:00,8,4,8,G07,termo,152.559
2026-02-28 08:00,8,4,8,G08,solar,41.095
2026-02-28 08:00,8,4,8,G09,solar,41.876
2026-02-28 08:00,8,4,8,G10,eolica,74.274
2026-02-28 09:00,8,4,9,G01,hidro,98.659
2026-02-28 09:00,8,4,9,G02,hidro,94.011
2026-02-28 09:00,8,4,9,G03,hidro,229.713
2026-02-28 09:00,8,4,9,G04,hidro,273.434
2026-02-28 09:00,8,4,9,G05,hidro,266.462
2026-02-28 09:00,8,4,9,G06,termo,154.779
2026-02-28 09:00,8,4,9,G07,termo,160.392
2026-02-28 09:00,8,4,9,G08,solar,115.351
2026-02-28 09:00,8,4,9,G09,solar,110.915
2026-02-28 09:00,8,4,9,G10,eolica,78.531
2026-02-28 10:00,8,4,10,G01,hidro,103.613
2026-02-28 10:00,8,4,10,G02,hidro,90.593
2026-02-28 10:00,8,4,10,G03,hidro,207.375
2026-02-28 10:00,8,4,10,G04,hidro,251.83
2026-02-28 10:00,8,4,10,G05,hidro,274.813
2026-02-28 10:00,8,4,10,G06,termo,143.418
2026-02-28 10:00,8,4,10,G07,termo,141.38
2026-02-28 10:00,8,4,10,G08,solar,110.488
2026-02-28 10:00,8,4,10,G09,solar,116.131
2026-02-28 10:00,8,4,10,G10,eolica,75.594
2026-02-28 11:00,8,4,11,G01,hidro,95.436
2026-02-28 11:00,8,4,11,G02,hidro,101.837
2026-02-28 11:00,8,4,11,G03,hidro,224.026
2026-02-28 11:00,8,4,11,G04,hidro,237.035
2026-02-28 11:00,8,4,11,G05,hidro,260.613
2026-02-28 11:00,8,4,11,G06,termo,164.04
2026-02-28 11:00,8,4,11,G07,termo,144.75
2026-02-28 11:00,8,4,11,G08,solar,118.276
2026-02-28 11:00,8,4,11,G09,solar,118.363
2026-02-28 11:00,8,4,11,G10,eolica,64.193
2026-02-28 12:00,8,4,12,G01,hidro,85.182
2026-02-28 12:00,8,4,12,G02,hidro,102.845
2026-02-28 12:00,8,4,12,G03,hidro,185.146
2026-02-28 12:00,8,4,12,G04,hidro,285.819
2026-02-28 12:00,8,4,12,G05,hidro,268.838
2026-02-28 12:00,8,4,12,G06,termo,151.257
2026-02-28 12:00,8,4,12,G07,termo,178.447
2026-02-28 12:00,8,4,12,G08,solar,147.215
2026-02-28 12:00,8,4,12,G09,solar,127.588
2026-02-28 12:00,8,4,12,G10,eolica,58.148
2026-02-28 13:00,8,4,13,G01,hidro,100.332
2026-02-28 13:00,8,4,13,G02,hidro,99.937
2026-02-28 13:00,8,4,13,G03,hidro,223.996
2026-02-28 13:00,8,4,13,G04,hidro,257.536
2026-02-28 13:00,8,4,13,G05,hidro,293.814
2026-02-28 13:00,8,4,13,G06,termo,177.205
2026-02-28 13:00,8,4,13,G07,termo,156.015
2026-02-28 13:00,8,4,13,G08,solar,139.562
2026-02-28 13:00,8,4,13,G09,solar,131.666
2026-02-28 13:00,8,4,13,G10,eolica,50.483
2026-02-28 14:00,8,4,14,G01,hidro,102.605
2026-02-28 14:00,8,4,14,G02,hidro,88.547
2026-02-28 14:00,8,4,14,G03,hidro,200.614
2026-02-28 14:00,8,4,14,G04,hidro,282.111
2026-02-28 14:00,8,4,14,G05,hidro,238.183
2026-02-28 14:00,8,4,14,G06,termo,165.442
2026-02-28 14:00,8,4,14,G07,termo,149.905
2026-02-28 14:00,8,4,14,G08,solar,130.158
2026-02-28 14:00,8,4,14,G09,solar,147.249
2026-02-28 14:00,8,4,14,G10,eolica,44.689
2026-02-28 15:00,8,4,15,G01,hidro,90.593
2026-02-28 15:00,8,4,15,G02,hidro,103.328
2026-02-28 15:00,8,4,15,G03,hidro,206.845
2026-02-28 15:00,8,4,15,G04,hidro,251.5
2026-02-28 15:00,8,4,15,G05,hidro,264.091
2026-02-28 15:00,8,4,15,G06,termo,163.565
2026-02-28 15:00,8,4,15,G07,termo,146.463
2026-02-28 15:00,8,4,15,G08,solar,145.298
2026-02-28 15:00,8,4,15,G09,solar,140.128
2026-02-28 15:00,8,4,15,G10,eolica,36.763
2026-02-28 16:00,8,4,16,G01,hidro,102.935
2026-02-28 16:00,8,4,16,G02,hidro,85.83
2026-02-28 16:00,8,4,16,G03,hidro,215.3
2026-02-28 16:00,8,4,16,G04,hidro,240.008
2026-02-28 16:00,8,4,16,G05,hidro,287.986
2026-02-28 16:00,8,4,16,G06,termo,157.263
2026-02-28 16:00,8,4,16,G07,termo,176.502
2026-02-28 16:00,8,4,16,G08,solar,82.314
2026-02-28 16:00,8,4,16,G09,solar,78.132
2026-02-28 16:00,8,4,16,G10,eolica,36.972
2026-02-28 17:00,8,4,17,G01,hidro,87.381
2026-02-28 17:00,8,4,17,G02,hidro,101.233
2026-02-28 17:00,8,4,17,G03,hidro,211.284
2026-02-28 17:00,8,4,17,G04,hidro,290.584
2026-02-28 17:00,8,4,17,G05,hidro,292.964
2026-02-28 17:00,8,4,17,G06,termo,175.934
2026-02-28 17:00,8,4,17,G07,termo,165.263
2026-02-28 17:00,8,4,17,G08,solar,75.019
2026-02-28 17:00,8,4,17,G09,solar,73.103
2026-02-28 17:00,8,4,17,G10,eolica,29.732
2026-02-28 18:00,8,4,18,G01,hidro,101.432
2026-02-28 18:00,8,4,18,G02,hidro,90.191
2026-02-28 18:00,8,4,18,G03,hidro,229.992
2026-02-28 18:00,8,4,18,G04,hidro,286.798
2026-02-28 18:00,8,4,18,G05,hidro,254.074
2026-02-28 18:00,8,4,18,G06,termo,172.193
2026-02-28 18:00,8,4,18,G07,termo,174.124
2026-02-28 18:00,8,4,18,G08,solar,13.087
2026-02-28 18:00,8,4,18,G09,solar,13.811
2026-02-28 18:00,8,4,18,G10,eolica,35.288
2026-02-28 19:00,8,4,19,G01,hidro,75.767
2026-02-28 19:00,8,4,19,G02,hidro,76.543
2026-02-28 19:00,8,4,19,G03,hidro,191.899
2026-02-28 19:00,8,4,19,G04,hidro,255.151
2026-02-28 19:00,8,4,19,G05,hidro,218.63
2026-02-28 19:00,8,4,19,G06,termo,131.109
2026-02-28 19:00,8,4,19,G07,termo,136.424
2026-02-28 19:00,8,4,19,G08,solar,13.783
2026-02-28 19:00,8,4,19,G09,solar,13.239
2026-02-28 19:00,8,4,19,G10,eolica,32.657
2026-02-28 20:00,8,4,20,G01,hidro,88.543
2026-02-28 20:00,8,4,20,G02,hidro,88.806
2026-02-28 20:00,8,4,20,G03,hidro,167.307
2026-02-28 20:00,8,4,20,G04,hidro,243.782
2026-02-28 20:00,8,4,20,G05,hidro,216.53
2026-02-28 20:00,8,4,20,G06,termo,158.593
2026-02-28 20:00,8,4,20,G07,termo,157.036
2026-02-28 20:00,8,4,20,G08,solar,0.0
2026-02-28 20:00,8,4,20,G09,solar,0.0
2026-02-28 20:00,8,4,20,G10,eolica,33.875
2026-02-28 21:00,8,4,21,G01,hidro,84.659
2026-02-28 21:00,8,4,21,G02,hidro,87.799
2026-02-28 21:00,8,4,21,G03,hidro,193.104
2026-02-28 21:00,8,4,21,G04,hidro,254.922
2026-02-28 21:00,8,4,21,G05,hidro,254.854
2026-02-28 21:00,8,4,21,G06,termo,137.333
2026-02-28 21:00,8,4,21,G07,termo,140.246
2026-02-28 21:00,8,4,21,G08,solar,0.0
2026-02-28 21:00,8,4,21,G09,solar,0.0
2026-02-28 21:00,8,4,21,G10,eolica,43.664
2026-02-28 22:00,8,4,22,G01,hidro,81.809
2026-02-28 22:00,8,4,22,G02,hidro,79.136
2026-02-28 22:00,8,4,22,G03,hidro,201.367
2026-02-28 22:00,8,4,22,G04,hidro,256.975
2026-02-28 22:00,8,4,22,G05,hidro,243.456
2026-02-28 22:00,8,4,22,G06,termo,129.179
2026-02-28 22:00,8,4,22,G07,termo,144.426
2026-02-28 22:00,8,4,22,G08,solar,0.0
2026-02-28 22:00,8,4,22,G09,solar,0.0
2026-02-28 22:00,8,4,22,G10,eolica,41.929
2026-02-28 23:00,8,4,23,G01,hidro,57.776
2026-02-28 23:00,8,4,23,G02,hidro,68.616
2026-02-28 23:00,8,4,23,G03,hidro,145.663
2026-02-28 23:00,8,4,23,G04,hidro,187.228
2026-02-28 23:00,8,4,23,G05,hidro,171.598
2026-02-28 23:00,8,4,23,G06,termo,98.236
2026-02-28 23:00,8,4,23,G07,termo,111.954
2026-02-28 23:00,8,4,23,G08,solar,0.0
2026-02-28 23:00,8,4,23,G09,solar,0.0
2026-02-28 23:00,8,4,23,G10,eolica,52.142
2026-03-01 00:00,8,5,0,G01,hidro,53.157
2026-03-01 00:00,8,5,0,G02,hidro,60.792
2026-03-01 00:00,8,5,0,G03,hidro,124.149
2026-03-01 00:00,8,5,0,G04,hidro,160.662
2026-03-01 00:00,8,5,0,G05,hidro,175.716
2026-03-01 00:00,8,5,0,G06,termo,97.122
2026-03-01 00:00,8,5,0,G07,termo,92.106
2026-03-01 00:00,8,5,0,G08,solar,0.0
2026-03-01 00:00,8,5,0,G09,solar,0.0
2026-03-01 00:00,8,5,0,G10,eolica,64.579
2026-03-01 01:00,8,5,1,G01,hidro,64.739
2026-03-01 01:00,8,5,1,G02,hidro,55.36
2026-03-01 01:00,8,5,1,G03,hidro,142.312
2026-03-01 01:00,8,5,1,G04,hidro,156.185
2026-03-01 01:00,8,5,1,G05,hidro,152.064
2026-03-01 01:00,8,5,1,G06,termo,109.405
2026-03-01 01:00,8,5,1,G07,termo,89.586
2026-03-01 01:00,8,5,1,G08,solar,0.0
2026-03-01 01:00,8,5,1,G09,solar,0.0
2026-03-01 01:00,8,5,1,G10,eolica,72.699
2026-03-01 02:00,8,5,2,G01,hidro,51.735
2026-03-01 02:00,8,5,2,G02,hidro,60.403
2026-03-01 02:00,8,5,2,G03,hidro,113.233
2026-03-01 02:00,8,5,2,G04,hidro,155.924
2026-03-01 02:00,8,5,2,G05,hidro,142.837
2026-03-01 02:00,8,5,2,G06,termo,98.281
2026-03-01 02:00,8,5,2,G07,termo,105.949
2026-03-01 02:00,8,5,2,G08,solar,0.0
2026-03-01 02:00,8,5,2,G09,solar,0.0
2026-03-01 02:00,8,5,2,G10,eolica,67.594
2026-03-01 03:00,8,5,3,G01,hidro,58.671
2026-03-01 03:00,8,5,3,G02,hidro,64.244
2026-03-01 03:00,8,5,3,G03,hidro,121.644
2026-03-01 03:00,8,5,3,G04,hidro,166.317
2026-03-01 03:00,8,5,3,G05,hidro,154.339
2026-03-01 03:00,8,5,3,G06,termo,106.198
2026-03-01 03:00,8,5,3,G07,termo,103.544
2026-03-01 03:00,8,5,3,G08,solar,0.0
2026-03-01 03:00,8,5,3,G09,solar,0.0
2026-03-01 03:00,8,5,3,G10,eolica,80.386
2026-03-01 04:00,8,5,4,G01,hidro,61.884
2026-03-01 04:00,8,5,4,G02,hidro,53.553
2026-03-01 04:00,8,5,4,G03,hidro,115.559
2026-03-01 04:00,8,5,4,G04,hidro,181.586
2026-03-01 04:00,8,5,4,G05,hidro,176.086
2026-03-01 04:00,8,5,4,G06,termo,94.561
2026-03-01 04:00,8,5,4,G07,termo,104.742
2026-03-01 04:00,8,5,4,G08,solar,0.0
2026-03-01 04:00,8,5,4,G09,solar,0.0
2026-03-01 04:00,8,5,4,G10,eolica,83.243
2026-03-01 05:00,8,5,5,G01,hidro,54.193
2026-03-01 05:00,8,5,5,G02,hidro,63.675
2026-03-01 05:00,8,5,5,G03,hidro,113.639
2026-03-01 05:00,8,5,5,G04,hidro,148.555
2026-03-01 05:00,8,5,5,G05,hidro,181.233
2026-03-01 05:00,8,5,5,G06,termo,107.91
2026-03-01 05:00,8,5,5,G07,termo,102.245
2026-03-01 05:00,8,5,5,G08,solar,0.0
2026-03-01 05:00,8,5,5,G09,solar,0.0
2026-03-01 05:00,8,5,5,G10,eolica,88.321
2026-03-01 06:00,8,5,6,G01,hidro,61.487
2026-03-01 06:00,8,5,6,G02,hidro,59.095
2026-03-01 06:00,8,5,6,G03,hidro,138.275
2026-03-01 06:00,8,5,6,G04,hidro,178.45
2026-03-01 06:00,8,5,6,G05,hidro,157.619
2026-03-01 06:00,8,5,6,G06,termo,96.065
2026-03-01 06:00,8,5,6,G07,termo,105.239
2026-03-01 06:00,8,5,6,G08,solar,0.0
2026-03-01 06:00,8,5,6,G09,solar,0.0
2026-03-01 06:00,8,5,6,G10,eolica,90.594
2026-03-01 07:00,8,5,7,G01,hidro,101.65
2026-03-01 07:00,8,5,7,G02,hidro,96.512
2026-03-01 07:00,8,5,7,G03,hidro,220.2
2026-03-01 07:00,8,5,7,G04,hidro,283.186
2026-03-01 07:00,8,5,7,G05,hidro,232.96
2026-03-01 07:00,8,5,7,G06,termo,157.13
2026-03-01 07:00,8,5,7,G07,termo,152.602
2026-03-01 07:00,8,5,7,G08,solar,41.226
2026-03-01 07:00,8,5,7,G09,solar,42.917
2026-03-01 07:00,8,5,7,G10,eolica,83.741
2026-03-01 08:00,8,5,8,G01,hidro,89.941
2026-03-01 08:00,8,5,8,G02,hidro,102.661
2026-03-01 08:00,8,5,8,G03,hidro,190.266
2026-03-01 08:00,8,5,8,G04,hidro,287.185
2026-03-01 08:00,8,5,8,G05,hidro,281.883
2026-03-01 08:00,8,5,8,G06,termo,164.236
2026-03-01 08:00,8,5,8,G07,termo,170.674
2026-03-01 08:00,8,5,8,G08,solar,39.39
2026-03-01 08:00,8,5,8,G09,solar,43.97
2026-03-01 08:00,8,5,8,G10,eolica,91.146
2026-03-01 09:00,8,5,9,G01,hidro,90.104
2026-03-01 09:00,8,5,9,G02,hidro,86.549
2026-03-01 09:00,8,5,9,G03,hidro,198.824
2026-03-01 09:00,8,5,9,G04,hidro,290.634
2026-03-01 09:00,8,5,9,G05,hidro,276.785
2026-03-01 09:00,8,5,9,G06,termo,142.336
2026-03-01 09:00,8,5,9,G07,termo,169.262
2026-03-01 09:00,8,5,9,G08,solar,114.217
2026-03-01 09:00,8,5,9,G09,solar,114.789
2026-03-01 09:00,8,5,9,G10,eolica,72.892
2026-03-01 10:00,8,5,10,G01,hidro,84.514
2026-03-01 10:00,8,5,10,G02,hidro,83.838
2026-03-01 10:00,8,5,10,G03,hidro,185.998
2026-03-01 10:00,8,5,10,G04,hidro,283.663
2026-03-01 10:00,8,5,10,G05,hidro,236.713
2026-03-01 10:00,8,5,10,G06,termo,165.24
2026-03-01 10:00,8,5,10,G07,termo,177.097
2026-03-01 10:00,8,5,10,G08,solar,124.029
2026-03-01 10:00,8,5,10,G09,solar,121.68
2026-03-01 10:00,8,5,10,G10,eolica,69.524
2026-03-01 11:00,8,5,11,G01,hidro,86.817
2026-03-01 11:00,8,5,11,G02,hidro,84.987
2026-03-01 11:00,8,5,11,G03,hidro,208.163
2026-03-01 11:00,8,5,11,G04,hidro,231.908
2026-03-01 11:00,8,5,11,G05,hidro,274.956
2026-03-01 11:00,8,5,11,G06,termo,159.642
2026-03-01 11:00,8,5,11,G07,termo,164.359
2026-03-01 11:00,8,5,11,G08,solar,126.965
2026-03-01 11:00,8,5,11,G09,solar,117.913
2026-03-01 11:00,8,5,11,G10,eolica,71.55
2026-03-01 12:00,8,5,12,G01,hidro,88.783
2026-03-01 12:00,8,5,12,G02,hidro,94.32
2026-03-01 12:00,8,5,12,G03,hidro,224.443
2026-03-01 12:00,8,5,12,G04,hidro,267.931
2026-03-01 12:00,8,5,12,G05,hidro,288.754
2026-03-01 12:00,8,5,12,G06,termo,143.19
2026-03-01 12:00,8,5,12,G07,termo,155.24
2026-03-01 12:00,8,5,12,G08,solar,133.841
2026-03-01 12:00,8,5,12,G09,solar,147.01
2026-03-01 12:00,8,5,12,G10,eolica,65.305
2026-03-01 13:00,8,5,13,G01,hidro,103.189
2026-03-01 13:00,8,5,13,G02,hidro,92.733
2026-03-01 13:00,8,5,13,G03,hidro,191.979
2026-03-01 13:00,8,5,13,G04,hidro,238.261
2026-03-01 13:00,8,5,13,G05,hidro,262.0
2026-03-01 13:00,8,5,13,G06,termo,174.0
2026-03-01 13:00,8,5,13,G07,termo,142.006
2026-03-01 13:00,8,5,13,G08,solar,137.512
2026-03-01 13:00,8,5,13,G09,solar,146.333
2026-03-01 13:00,8,5,13,G10,eolica,55.663
2026-03-01 14:00,8,5,14,G01,hidro,103.771
2026-03-01 14:00,8,5,14,G02,hidro,95.043
2026-03-01 14:00,8,5,14,G03,hidro,223.053
2026-03-01 14:00,8,5,14,G04,hidro,290.324
2026-03-01 14:00,8,5,14,G05,hidro,243.048
2026-03-01 14:00,8,5,14,G06,termo,139.873
2026-03-01 14:00,8,5,14,G07,termo,157.997
2026-03-01 14:00,8,5,14,G08,solar,146.616
2026-03-01 14:00,8,5,14,G09,solar,129.296
2026-03-01 14:00,8,5,14,G10,eolica,45.209
2026-03-01 15:00,8,5,15,G01,hidro,93.26
2026-03-01 15:00,8,5,15,G02,hidro,90.759
2026-03-01 15:00,8,5,15,G03,hidro,215.778
2026-03-01 15:00,8,5,15,G04,hidro,277.195
2026-03-01 15:00,8,5,15,G05,hidro,248.939
2026-03-01 15:00,8,5,15,G06,termo,177.84
2026-03-01 15:00,8,5,15,G07,termo,164.711
2026-03-01 15:00,8,5,15,G08,solar,144.605
2026-03-01 15:00,8,5,15,G09,solar,139.413
2026-03-01 15:00,8,5,15,G10,eolica,35.954
2026-03-01 16:00,8,5,16,G01,hidro,98.884
2026-03-01 16:00,8,5,16,G02,hidro,92.669
2026-03-01 16:00,8,5,16,G03,hidro,189.657
2026-03-01 16:00,8,5,16,G04,hidro,248.527
2026-03-01 16:00,8,5,16,G05,hidro,285.122
2026-03-01 16:00,8,5,16,G06,termo,161.821
2026-03-01 16:00,8,5,16,G07,termo,175.333
2026-03-01 16:00,8,5,16,G08,solar,80.472
2026-03-01 16:00,8,5,16,G09,solar,79.886
2026-03-01 16:00,8,5,16,G10,eolica,37.26
2026-03-01 17:00,8,5,17,G01,hidro,90.648
2026-03-01 17:00,8,5,17,G02,hidro,100.13
2026-03-01 17:00,8,5,17,G03,hidro,201.283
2026-03-01 17:00,8,5,17,G04,hidro,269.198
2026-03-01 17:00,8,5,17,G05,hidro,254.904
2026-03-01 17:00,8,5,17,G06,termo,142.34
2026-03-01 17:00,8,5,17,G07,termo,146.074
2026-03-01 17:00,8,5,17,G08,solar,70.393
2026-03-01 17:00,8,5,17,G09,solar,72.012
2026-03-01 17:00,8,5,17,G10,eolica,32.659
2026-03-01 18:00,8,5,18,G01,hidro,100.406
2026-03-01 18:00,8,5,18,G02,hidro,93.766
2026-03-01 18:00,8,5,18,G03,hidro,214.031
2026-03-01 18:00,8,5,18,G04,hidro,291.003
2026-03-01 18:00,8,5,18,G05,hidro,281.296
2026-03-01 18:00,8,5,18,G06,termo,167.182
2026-03-01 18:00,8,5,18,G07,termo,146.828
2026-03-01 18:00,8,5,18,G08,solar,13.947
2026-03-01 18:00,8,5,18,G09,solar,13.188
2026-03-01 18:00,8,5,18,G10,eolica,32.475
2026-03-01 19:00,8,5,19,G01,hidro,93.97
2026-03-01 19:00,8,5,19,G02,hidro,88.447
2026-03-01 19:00,8,5,19,G03,hidro,182.82
2026-03-01 19:00,8,5,19,G04,hidro,243.335
2026-03-01 19:00,8,5,19,G05,hidro,230.467
2026-03-01 19:00,8,5,19,G06,termo,153.581
2026-03-01 19:00,8,5,19,G07,termo,159.806
2026-03-01 19:00,8,5,19,G08,solar,13.751
2026-03-01 19:00,8,5,19,G09,solar,13.536
2026-03-01 19:00,8,5,19,G10,eolica,30.166
2026-03-01 20:00,8,5,20,G01,hidro,80.19
2026-03-01 20:00,8,5,20,G02,hidro,74.689
2026-03-01 20:00,8,5,20,G03,hidro,188.351
2026-03-01 20:00,8,5,20,G04,hidro,228.701
2026-03-01 20:00,8,5,20,G05,hidro,229.493
2026-03-01 20:00,8,5,20,G06,termo,160.435
2026-03-01 20:00,8,5,20,G07,termo,154.645
2026-03-01 20:00,8,5,20,G08,solar,0.0
2026-03-01 20:00,8,5,20,G09,solar,0.0
2026-03-01 20:00,8,5,20,G10,eolica,36.338
2026-03-01 21:00,8,5,21,G01,hidro,81.606
2026-03-01 21:00,8,5,21,G02,hidro,92.664
2026-03-01 21:00,8,5,21,G03,hidro,180.271
2026-03-01 21:00,8,5,21,G04,hidro,214.581
2026-03-01 21:00,8,5,21,G05,hidro,214.098
2026-03-01 21:00,8,5,21,G06,termo,145.351
2026-03-01 21:00,8,5,21,G07,termo,128.594
2026-03-01 21:00,8,5,21,G08,solar,0.0
2026-03-01 21:00,8,5,21,G09,solar,0.0
2026-03-01 21:00,8,5,21,G10,eolica,37.985
2026-03-01 22:00,8,5,22,G01,hidro,92.319
2026-03-01 22:00,8,5,22,G02,hidro,93.36
2026-03-01 22:00,8,5,22,G03,hidro,192.087
2026-03-01 22:00,8,5,22,G04,hidro,245.991
2026-03-01 22:00,8,5,22,G05,hidro,242.371
2026-03-01 22:00,8,5,22,G06,termo,133.365
2026-03-01 22:00,8,5,22,G07,termo,146.479
2026-03-01 22:00,8,5,22,G08,solar,0.0
2026-03-01 22:00,8,5,22,G09,solar,0.0
2026-03-01 22:00,8,5,22,G10,eolica,44.321
2026-03-01 23:00,8,5,23,G01,hidro,55.948
2026-03-01 23:00,8,5,23,G02,hidro,66.41
2026-03-01 23:00,8,5,23,G03,hidro,143.468
2026-03-01 23:00,8,5,23,G04,hidro,194.586
2026-03-01 23:00,8,5,23,G05,hidro,161.236
2026-03-01 23:00,8,5,23,G06,termo,99.234
2026-03-01 23:00,8,5,23,G07,termo,106.579
2026-03-01 23:00,8,5,23,G08,solar,0.0
2026-03-01 23:00,8,5,23,G09,solar,0.0
2026-03-01 23:00,8,5,23,G10,eolica,57.44
2026-03-02 00:00,8,6,0,G01,hidro,57.792
2026-03-02 00:00,8,6,0,G02,hidro,55.239
2026-03-02 00:00,8,6,0,G03,hidro,113.324
2026-03-02 00:00,8,6,0,G04,hidro,157.762
2026-03-02 00:00,8,6,0,G05,hidro,170.695
2026-03-02 00:00,8,6,0,G06,termo,99.728
2026-03-02 00:00,8,6,0,G07,termo,97.282
2026-03-02 00:00,8,6,0,G08,solar,0.0
2026-03-02 00:00,8,6,0,G09,solar,0.0
2026-03-02 00:00,8,6,0,G10,eolica,63.351
2026-03-02 01:00,8,6,1,G01,hidro,55.411
2026-03-02 01:00,8,6,1,G02,hidro,54.426
2026-03-02 01:00,8,6,1,G03,hidro,125.677
2026-03-02 01:00,8,6,1,G04,hidro,165.025
2026-03-02 01:00,8,6,1,G05,hidro,156.458
2026-03-02 01:00,8,6,1,G06,termo,91.048
2026-03-02 01:00,8,6,1,G07,termo,108.342
2026-03-02 01:00,8,6,1,G08,solar,0.0
2026-03-02 01:00,8,6,1,G09,solar,0.0
2026-03-02 01:00,8,6,1,G10,eolica,70.386
2026-03-02 02:00,8,6,2,G01,hidro,56.163
2026-03-02 02:00,8,6,2,G02,hidro,57.548
2026-03-02 02:00,8,6,2,G03,hidro,117.177
2026-03-02 02:00,8,6,2,G04,hidro,166.454
2026-03-02 02:00,8,6,2,G05,hidro,153.856
2026-03-02 02:00,8,6,2,G06,termo,98.175
2026-03-02 02:00,8,6,2,G07,termo,98.837
2026-03-02 02:00,8,6,2,G08,solar,0.0
2026-03-02 02:00,8,6,2,G09,solar,0.0
2026-03-02 02:00,8,6,2,G10,eolica,75.006
2026-03-02 03:00,8,6,3,G01,hidro,58.119
2026-03-02 03:00,8,6,3,G02,hidro,63.187
2026-03-02 03:00,8,6,3,G03,hidro,130.244
2026-03-02 03:00,8,6,3,G04,hidro,150.675
2026-03-02 03:00,8,6,3,G05,hidro,142.364
2026-03-02 03:00,8,6,3,G06,termo,96.447
2026-03-02 03:00,8,6,3,G07,termo,108.595
2026-03-02 03:00,8,6,3,G08,solar,0.0
2026-03-02 03:00,8,6,3,G09,solar,0.0
2026-03-02 03:00,8,6,3,G10,eolica,84.72
2026-03-02 04:00,8,6,4,G01,hidro,62.109
2026-03-02 04:00,8,6,4,G02,hidro,58.282
2026-03-02 04:00,8,6,4,G03,hidro,138.057
2026-03-02 04:00,8,6,4,G04,hidro,160.698
2026-03-02 04:00,8,6,4,G05,hidro,144.912
2026-03-02 04:00,8,6,4,G06,termo,92.253
2026-03-02 04:00,8,6,4,G07,termo,105.865
2026-03-02 04:00,8,6,4,G08,solar,0.0
2026-03-02 04:00,8,6,4,G09,solar,0.0
2026-03-02 04:00,8,6,4,G10,eolica,82.257
2026-03-02 05:00,8,6,5,G01,hidro,51.248
2026-03-02 05:00,8,6,5,G02,hidro,57.013
2026-03-02 05:00,8,6,5,G03,hidro,133.531
2026-03-02 05:00,8,6,5,G04,hidro,178.892
2026-03-02 05:00,8,6,5,G05,hidro,164.734
2026-03-02 05:00,8,6,5,G06,termo,107.28
2026-03-02 05:00,8,6,5,G07,termo,96.069
2026-03-02 05:00,8,6,5,G08,solar,0.0
2026-03-02 05:00,8,6,5,G09,solar,0.0
2026-03-02 05:00,8,6,5,G10,eolica,85.881
2026-03-02 06:00,8,6,6,G01,hidro,52.99
2026-03-02 06:00,8,6,6,G02,hidro,56.306
2026-03-02 06:00,8,6,6,G03,hidro,122.849
2026-03-02 06:00,8,6,6,G04,hidro,159.105
2026-03-02 06:00,8,6,6,G05,hidro,171.936
2026-03-02 06:00,8,6,6,G06,termo,97.666
2026-03-02 06:00,8,6,6,G07,termo,109.852
2026-03-02 06:00,8,6,6,G08,solar,0.0
2026-03-02 06:00,8,6,6,G09,solar,0.0
2026-03-02 06:00,8,6,6,G10,eolica,89.717
2026-03-02 07:00,8,6,7,G01,hidro,85.966
2026-03-02 07:00,8,6,7,G02,hidro,85.059
2026-03-02 07:00,8,6,7,G03,hidro,195.649
2026-03-02 07:00,8,6,7,G04,hidro,259.121
2026-03-02 07:00,8,6,7,G05,hidro,282.733
2026-03-02 07:00,8,6,7,G06,termo,177.25
2026-03-02 07:00,8,6,7,G07,termo,172.876
2026-03-02 07:00,8,6,7,G08,solar,39.655
2026-03-02 07:00,8,6,7,G09,solar,40.904
2026-03-02 07:00,8,6,7,G10,eolica,79.314
2026-03-02 08:00,8,6,8,G01,hidro,93.329
2026-03-02 08:00,8,6,8,G02,hidro,93.148
2026-03-02 08:00,8,6,8,G03,hidro,183.878
2026-03-02 08:00,8,6,8,G04,hidro,246.125
2026-03-02 08:00,8,6,8,G05,hidro,284.699
2026-03-02 08:00,8,6,8,G06,termo,162.851
2026-03-02 08:00,8,6,8,G07,termo,165.649
2026-03-02 08:00,8,6,8,G08,solar,41.53
2026-03-02 08:00,8,6,8,G09,solar,43.677
2026-03-02 08:00,8,6,8,G10,eolica,90.775
2026-03-02 09:00,8,6,9,G01,hidro,84.7
2026-03-02 09:00,8,6,9,G02,hidro,85.074
2026-03-02 09:00,8,6,9,G03,hidro,213.634
2026-03-02 09:00,8,6,9,G04,hidro,230.873
2026-03-02 09:00,8,6,9,G05,hidro,230.781
2026-03-02 09:00,8,6,9,G06,termo,174.626
2026-03-02 09:00,8,6,9,G07,termo,167.493
2026-03-02 09:00,8,6,9,G08,solar,115.458
2026-03-02 09:00,8,6,9,G09,solar,110.018
2026-03-02 09:00,8,6,9,G10,eolica,80.442
2026-03-02 10:00,8,6,10,G01,hidro,99.282
2026-03-02 10:00,8,6,10,G02,hidro,101.597
2026-03-02 10:00,8,6,10,G03,hidro,217.366
2026-03-02 10:00,8,6,10,G04,hidro,272.084
2026-03-02 10:00,8,6,10,G05,hidro,236.158
2026-03-02 10:00,8,6,10,G06,termo,146.627
2026-03-02 10:00,8,6,10,G07,termo,159.205
2026-03-02 10:00,8,6,10,G08,solar,119.501
2026-03-02 10:00,8,6,10,G09,solar,111.092
2026-03-02 10:00,8,6,10,G10,eolica,75.813
2026-03-02 11:00,8,6,11,G01,hidro,86.63
2026-03-02 11:00,8,6,11,G02,hidro,93.917
2026-03-02 11:00,8,6,11,G03,hidro,210.234
2026-03-02 11:00,8,6,11,G04,hidro,257.834
2026-03-02 11:00,8,6,11,G05,hidro,284.836
2026-03-02 11:00,8,6,11,G06,termo,167.896
2026-03-02 11:00,8,6,11,G07,termo,167.983
2026-03-02 11:00,8,6,11,G08,solar,123.656
2026-03-02 11:00,8,6,11,G09,solar,110.835
2026-03-02 11:00,8,6,11,G10,eolica,65.235
2026-03-02 12:00,8,6,12,G01,hidro,98.878
2026-03-02 12:00,8,6,12,G02,hidro,90.813
2026-03-02 12:00,8,6,12,G03,hidro,226.793
2026-03-02 12:00,8,6,12,G04,hidro,281.058
2026-03-02 12:00,8,6,12,G05,hidro,231.774
2026-03-02 12:00,8,6,12,G06,termo,144.584
2026-03-02 12:00,8,6,12,G07,termo,170.618
2026-03-02 12:00,8,6,12,G08,solar,137.482
2026-03-02 12:00,8,6,12,G09,solar,138.012
2026-03-02 12:00,8,6,12,G10,eolica,63.228
2026-03-02 13:00,8,6,13,G01,hidro,87.75
2026-03-02 13:00,8,6,13,G02,hidro,91.799
2026-03-02 13:00,8,6,13,G03,hidro,194.094
2026-03-02 13:00,8,6,13,G04,hidro,240.665
2026-03-02 13:00,8,6,13,G05,hidro,239.196
2026-03-02 13:00,8,6,13,G06,termo,155.197
2026-03-02 13:00,8,6,13,G07,termo,152.778
2026-03-02 13:00,8,6,13,G08,solar,135.127
2026-03-02 13:00,8,6,13,G09,solar,149.794
2026-03-02 13:00,8,6,13,G10,eolica,48.28
2026-03-02 14:00,8,6,14,G01,hidro,86.43
2026-03-02 14:00,8,6,14,G02,hidro,86.898
2026-03-02 14:00,8,6,14,G03,hidro,221.519
2026-03-02 14:00,8,6,14,G04,hidro,246.626
2026-03-02 14:00,8,6,14,G05,hidro,277.584
2026-03-02 14:00,8,6,14,G06,termo,142.965
2026-03-02 14:00,8,6,14,G07,termo,145.876
2026-03-02 14:00,8,6,14,G08,solar,136.705
2026-03-02 14:00,8,6,14,G09,solar,149.942
2026-03-02 14:00,8,6,14,G10,eolica,43.273
2026-03-02 15:00,8,6,15,G01,hidro,94.753
2026-03-02 15:00,8,6,15,G02,hidro,90.585
2026-03-02 15:00,8,6,15,G03,hidro,189.092
2026-03-02 15:00,8,6,15,G04,hidro,252.412
2026-03-02 15:00,8,6,15,G05,hidro,258.457
2026-03-02 15:00,8,6,15,G06,termo,147.462
2026-03-02 15:00,8,6,15,G07,termo,153.259
2026-03-02 15:00,8,6,15,G08,solar,148.831
2026-03-02 15:00,8,6,15,G09,solar,147.272
2026-03-02 15:00,8,6,15,G10,eolica,38.568
2026-03-02 16:00,8,6,16,G01,hidro,97.338
2026-03-02 16:00,8,6,16,G02,hidro,84.926
2026-03-02 16:00,8,6,16,G03,hidro,193.851
2026-03-02 16:00,8,6,16,G04,hidro,293.412
2026-03-02 16:00,8,6,16,G05,hidro,284.561
2026-03-02 16:00,8,6,16,G06,termo,155.558
2026-03-02 16:00,8,6,16,G07,termo,156.06
2026-03-02 16:00,8,6,16,G08,solar,80.581
2026-03-02 16:00,8,6,16,G09,solar,73.981
2026-03-02 16:00,8,6,16,G10,eolica,37.474
2026-03-02 17:00,8,6,17,G01,hidro,101.581
2026-03-02 17:00,8,6,17,G02,hidro,87.87
2026-03-02 17:00,8,6,17,G03,hidro,185.745
2026-03-02 17:00,8,6,17,G04,hidro,247.572
2026-03-02 17:00,8,6,17,G05,hidro,264.97
2026-03-02 17:00,8,6,17,G06,termo,152.59
2026-03-02 17:00,8,6,17,G07,termo,153.543
2026-03-02 17:00,8,6,17,G08,solar,79.948
2026-03-02 17:00,8,6,17,G09,solar,80.488
2026-03-02 17:00,8,6,17,G10,eolica,33.51
2026-03-02 18:00,8,6,18,G01,hidro,88.478
2026-03-02 18:00,8,6,18,G02,hidro,84.083
2026-03-02 18:00,8,6,18,G03,hidro,192.801
2026-03-02 18:00,8,6,18,G04,hidro,264.008
2026-03-02 18:00,8,6,18,G05,hidro,269.269
2026-03-02 18:00,8,6,18,G06,termo,173.369
2026-03-02 18:00,8,6,18,G07,termo,139.561
2026-03-02 18:00,8,6,18,G08,solar,14.388
2026-03-02 18:00,8,6,18,G09,solar,13.586
2026-03-02 18:00,8,6,18,G10,eolica,35.163
2026-03-02 19:00,8,6,19,G01,hidro,85.675
2026-03-02 19:00,8,6,19,G02,hidro,89.909
2026-03-02 19:00,8,6,19,G03,hidro,196.252
2026-03-02 19:00,8,6,19,G04,hidro,258.876
2026-03-02 19:00,8,6,19,G05,hidro,238.569
2026-03-02 19:00,8,6,19,G06,termo,143.099
2026-03-02 19:00,8,6,19,G07,termo,144.573
2026-03-02 19:00,8,6,19,G08,solar,13.056
2026-03-02 19:00,8,6,19,G09,solar,13.73
2026-03-02 19:00,8,6,19,G10,eolica,36.732
2026-03-02 20:00,8,6,20,G01,hidro,86.489
2026-03-02 20:00,8,6,20,G02,hidro,78.294
2026-03-02 20:00,8,6,20,G03,hidro,188.151
2026-03-02 20:00,8,6,20,G04,hidro,214.85
2026-03-02 20:00,8,6,20,G05,hidro,239.583
2026-03-02 20:00,8,6,20,G06,termo,146.592
2026-03-02 20:00,8,6,20,G07,termo,127.565
2026-03-02 20:00,8,6,20,G08,solar,0.0
2026-03-02 20:00,8,6,20,G09,solar,0.0
2026-03-02 20:00,8,6,20,G10,eolica,39.666
2026-03-02 21:00,8,6,21,G01,hidro,92.908
2026-03-02 21:00,8,6,21,G02,hidro,77.046
2026-03-02 21:00,8,6,21,G03,hidro,199.043
2026-03-02 21:00,8,6,21,G04,hidro,261.662
2026-03-02 21:00,8,6,21,G05,hidro,210.573
2026-03-02 21:00,8,6,21,G06,termo,152.702
2026-03-02 21:00,8,6,21,G07,termo,128.745
2026-03-02 21:00,8,6,21,G08,solar,0.0
2026-03-02 21:00,8,6,21,G09,solar,0.0
2026-03-02 21:00,8,6,21,G10,eolica,37.363
2026-03-02 22:00,8,6,22,G01,hidro,85.925
2026-03-02 22:00,8,6,22,G02,hidro,88.729
2026-03-02 22:00,8,6,22,G03,hidro,172.18
2026-03-02 22:00,8,6,22,G04,hidro,243.411
2026-03-02 22:00,8,6,22,G05,hidro,244.435
2026-03-02 22:00,8,6,22,G06,termo,131.995
2026-03-02 22:00,8,6,22,G07,termo,128.434
2026-03-02 22:00,8,6,22,G08,solar,0.0
2026-03-02 22:00,8,6,22,G09,solar,0.0
2026-03-02 22:00,8,6,22,G10,eolica,44.78
2026-03-02 23:00,8,6,23,G01,hidro,55.089
2026-03-02 23:00,8,6,23,G02,hidro,61.199
2026-03-02 23:00,8,6,23,G03,hidro,128.92
2026-03-02 23:00,8,6,23,G04,hidro,178.212
2026-03-02 23:00,8,6,23,G05,hidro,158.536
2026-03-02 23:00,8,6,23,G06,termo,100.194
2026-03-02 23:00,8,6,23,G07,termo,109.935
2026-03-02 23:00,8,6,23,G08,solar,0.0
2026-03-02 23:00,8,6,23,G09,solar,0.0
2026-03-02 23:00,8,6,23,G10,eolica,53.179
2026-03-03 00:00,9,0,0,G01,hidro,53.411
2026-03-03 00:00,9,0,0,G02,hidro,51.543
2026-03-03 00:00,9,0,0,G03,hidro,125.635
2026-03-03 00:00,9,0,0,G04,hidro,181.828
2026-03-03 00:00,9,0,0,G05,hidro,179.515
2026-03-03 00:00,9,0,0,G06,termo,109.427
2026-03-03 00:00,9,0,0,G07,termo,89.632
2026-03-03 00:00,9,0,0,G08,solar,0.0
2026-03-03 00:00,9,0,0,G09,solar,0.0
2026-03-03 00:00,9,0,0,G10,eolica,53.247
2026-03-03 01:00,9,0,1,G01,hidro,61.444
2026-03-03 01:00,9,0,1,G02,hidro,57.643
2026-03-03 01:00,9,0,1,G03,hidro,127.715
2026-03-03 01:00,9,0,1,G04,hidro,178.378
2026-03-03 01:00,9,0,1,G05,hidro,142.715
2026-03-03 01:00,9,0,1,G06,termo,92.959
2026-03-03 01:00,9,0,1,G07,termo,94.105
2026-03-03 01:00,9,0,1,G08,solar,0.0
2026-03-03 01:00,9,0,1,G09,solar,0.0
2026-03-03 01:00,9,0,1,G10,eolica,61.991
2026-03-03 02:00,9,0,2,G01,hidro,57.894
2026-03-03 02:00,9,0,2,G02,hidro,53.014
2026-03-03 02:00,9,0,2,G03,hidro,140.695
2026-03-03 02:00,9,0,2,G04,hidro,168.339
2026-03-03 02:00,9,0,2,G05,hidro,177.126
2026-03-03 02:00,9,0,2,G06,termo,91.901
2026-03-03 02:00,9,0,2,G07,termo,97.217
2026-03-03 02:00,9,0,2,G08,solar,0.0
2026-03-03 02:00,9,0,2,G09,solar,0.0
2026-03-03 02:00,9,0,2,G10,eolica,77.562
2026-03-03 03:00,9,0,3,G01,hidro,56.811
2026-03-03 03:00,9,0,3,G02,hidro,59.98
2026-03-03 03:00,9,0,3,G03,hidro,141.737
2026-03-03 03:00,9,0,3,G04,hidro,149.086
2026-03-03 03:00,9,0,3,G05,hidro,142.452
2026-03-03 03:00,9,0,3,G06,termo,103.024
2026-03-03 03:00,9,0,3,G07,termo,107.813
2026-03-03 03:00,9,0,3,G08,solar,0.0
2026-03-03 03:00,9,0,3,G09,solar,0.0
2026-03-03 03:00,9,0,3,G10,eolica,80.032
2026-03-03 04:00,9,0,4,G01,hidro,64.93
2026-03-03 04:00,9,0,4,G02,hidro,64.566
2026-03-03 04:00,9,0,4,G03,hidro,122.232
2026-03-03 04:00,9,0,4,G04,hidro,173.306
2026-03-03 04:00,9,0,4,G05,hidro,171.563
2026-03-03 04:00,9,0,4,G06,termo,104.104
2026-03-03 04:00,9,0,4,G07,termo,102.031
2026-03-03 04:00,9,0,4,G08,solar,0.0
2026-03-03 04:00,9,0,4,G09,solar,0.0
2026-03-03 04:00,9,0,4,G10,eolica,75.184
2026-03-03 05:00,9,0,5,G01,hidro,54.561
2026-03-03 05:00,9,0,5,G02,hidro,60.172
2026-03-03 05:00,9,0,5,G03,hidro,115.423
2026-03-03 05:00,9,0,5,G04,hidro,155.74
2026-03-03 05:00,9,0,5,G05,hidro,179.729
2026-03-03 05:00,9,0,5,G06,termo,98.776
2026-03-03 05:00,9,0,5,G07,termo,102.025
2026-03-03 05:00,9,0,5,G08,solar,0.0
2026-03-03 05:00,9,0,5,G09,solar,0.0
2026-03-03 05:00,9,0,5,G10,eolica,83.152
2026-03-03 06:00,9,0,6,G01,hidro,51.869
2026-03-03 06:00,9,0,6,G02,hidro,54.647
2026-03-03 06:00,9,0,6,G03,hidro,123.902
2026-03-03 06:00,9,0,6,G04,hidro,180.782
2026-03-03 06:00,9,0,6,G05,hidro,147.465
2026-03-03 06:00,9,0,6,G06,termo,87.539
2026-03-03 06:00,9,0,6,G07,termo,110.106
2026-03-03 06:00,9,0,6,G08,solar,0.0
2026-03-03 06:00,9,0,6,G09,solar,0.0
2026-03-03 06:00,9,0,6,G10,eolica,94.703
2026-03-03 07:00,9,0,7,G01,hidro,103.405
2026-03-03 07:00,9,0,7,G02,hidro,97.268
2026-03-03 07:00,9,0,7,G03,hidro,209.52
2026-03-03 07:00,9,0,7,G04,hidro,230.037
2026-03-03 07:00,9,0,7,G05,hidro,272.598
2026-03-03 07:00,9,0,7,G06,termo,162.406
2026-03-03 07:00,9,0,7,G07,termo,150.573
2026-03-03 07:00,9,0,7,G08,solar,43.141
2026-03-03 07:00,9,0,7,G09,solar,40.447
2026-03-03 07:00,9,0,7,G10,eolica,84.046
2026-03-03 08:00,9,0,8,G01,hidro,91.901
2026-03-03 08:00,9,0,8,G02,hidro,85.875
2026-03-03 08:00,9,0,8,G03,hidro,217.174
2026-03-03 08:00,9,0,8,G04,hidro,261.177
2026-03-03 08:00,9,0,8,G05,hidro,282.123
2026-03-03 08:00,9,0,8,G06,termo,147.874
2026-03-03 08:00,9,0,8,G07,termo,149.691
2026-03-03 08:00,9,0,8,G08,solar,43.941
2026-03-03 08:00,9,0,8,G09,solar,44.121
2026-03-03 08:00,9,0,8,G10,eolica,75.111
2026-03-03 09:00,9,0,9,G01,hidro,88.404
2026-03-03 09:00,9,0,9,G02,hidro,84.494
2026-03-03 09:00,9,0,9,G03,hidro,217.859
2026-03-03 09:00,9,0,9,G04,hidro,236.085
2026-03-03 09:00,9,0,9,G05,hidro,236.081
2026-03-03 09:00,9,0,9,G06,termo,161.493
2026-03-03 09:00,9,0,9,G07,termo,162.893
2026-03-03 09:00,9,0,9,G08,solar,114.691
2026-03-03 09:00,9,0,9,G09,solar,112.438
2026-03-03 09:00,9,0,9,G10,eolica,76.74
2026-03-03 10:00,9,0,10,G01,hidro,102.133
2026-03-03 10:00,9,0,10,G02,hidro,99.485
2026-03-03 10:00,9,0,10,G03,hidro,184.114
2026-03-03 10:00,9,0,10,G04,hidro,239.168
2026-03-03 10:00,9,0,10,G05,hidro,275.364
2026-03-03 10:00,9,0,10,G06,termo,165.291
2026-03-03 10:00,9,0,10,G07,termo,143.831
2026-03-03 10:00,9,0,10,G08,solar,109.305
2026-03-03 10:00,9,0,10,G09,solar,122.284
2026-03-03 10:00,9,0,10,G10,eolica,72.811
2026-03-03 11:00,9,0,11,G01,hidro,84.288
2026-03-03 11:00,9,0,11,G02,hidro,97.129
2026-03-03 11:00,9,0,11,G03,hidro,226.651
2026-03-03 11:00,9,0,11,G04,hidro,284.166
2026-03-03 11:00,9,0,11,G05,hidro,252.296
2026-03-03 11:00,9,0,11,G06,termo,171.601
2026-03-03 11:00,9,0,11,G07,termo,159.274
2026-03-03 11:00,9,0,11,G08,solar,115.824
2026-03-03 11:00,9,0,11,G09,solar,122.238
2026-03-03 11:00,9,0,11,G10,eolica,65.332
2026-03-03 12:00,9,0,12,G01,hidro,89.768
2026-03-03 12:00,9,0,12,G02,hidro,83.909
2026-03-03 12:00,9,0,12,G03,hidro,198.155
2026-03-03 12:00,9,0,12,G04,hidro,236.241
2026-03-03 12:00,9,0,12,G05,hidro,242.375
2026-03-03 12:00,9,0,12,G06,termo,156.058
2026-03-03 12:00,9,0,12,G07,termo,148.144
2026-03-03 12:00,9,0,12,G08,solar,129.282
2026-03-03 12:00,9,0,12,G09,solar,143.375
2026-03-03 12:00,9,0,12,G10,eolica,58.706
2026-03-03 13:00,9,0,13,G01,hidro,88.507
2026-03-03 13:00,9,0,13,G02,hidro,83.301
2026-03-03 13:00,9,0,13,G03,hidro,230.539
2026-03-03 13:00,9,0,13,G04,hidro,264.483
2026-03-03 13:00,9,0,13,G05,hidro,254.949
2026-03-03 13:00,9,0,13,G06,termo,158.135
2026-03-03 13:00,9,0,13,G07,termo,175.453
2026-03-03 13:00,9,0,13,G08,solar,149.804
2026-03-03 13:00,9,0,13,G09,solar,132.294
2026-03-03 13:00,9,0,13,G10,eolica,51.159
2026-03-03 14:00,9,0,14,G01,hidro,91.074
2026-03-03 14:00,9,0,14,G02,hidro,92.232
2026-03-03 14:00,9,0,14,G03,hidro,218.092
2026-03-03 14:00,9,0,14,G04,hidro,236.844
2026-03-03 14:00,9,0,14,G05,hidro,293.148
2026-03-03 14:00,9,0,14,G06,termo,148.183
2026-03-03 14:00,9,0,14,G07,termo,165.731
2026-03-03 14:00,9,0,14,G08,solar,141.876
2026-03-03 14:00,9,0,14,G09,solar,134.256
2026-03-03 14:00,9,0,14,G10,eolica,48.142
2026-03-03 15:00,9,0,15,G01,hidro,100.014
2026-03-03 15:00,9,0,15,G02,hidro,96.234
2026-03-03 15:00,9,0,15,G03,hidro,187.477
2026-03-03 15:00,9,0,15,G04,hidro,249.468
2026-03-03 15:00,9,0,15,G05,hidro,240.508
2026-03-03 15:00,9,0,15,G06,termo,168.692
2026-03-03 15:00,9,0,15,G07,termo,143.86
2026-03-03 15:00,9,0,15,G08,solar,138.532
2026-03-03 15:00,9,0,15,G09,solar,137.794
2026-03-03 15:00,9,0,15,G10,eolica,37.947
2026-03-03 16:00,9,0,16,G01,hidro,83.93
2026-03-03 16:00,9,0,16,G02,hidro,96.905
2026-03-03 16:00,9,0,16,G03,hidro,220.955
2026-03-03 16:00,9,0,16,G04,hidro,251.701
2026-03-03 16:00,9,0,16,G05,hidro,246.731
2026-03-03 16:00,9,0,16,G06,termo,141.808
2026-03-03 16:00,9,0,16,G07,termo,152.398
2026-03-03 16:00,9,0,16,G08,solar,75.183
2026-03-03 16:00,9,0,16,G09,solar,75.594
2026-03-03 16:00,9,0,16,G10,eolica,37.855
2026-03-03 17:00,9,0,17,G01,hidro,102.601
2026-03-03 17:00,9,0,17,G02,hidro,89.396
2026-03-03 17:00,9,0,17,G03,hidro,192.424
2026-03-03 17:00,9,0,17,G04,hidro,277.655
2026-03-03 17:00,9,0,17,G05,hidro,244.307
2026-03-03 17:00,9,0,17,G06,termo,172.114
2026-03-03 17:00,9,0,17,G07,termo,157.255
2026-03-03 17:00,9,0,17,G08,solar,78.544
2026-03-03 17:00,9,0,17,G09,solar,79.769
2026-03-03 17:00,9,0,17,G10,eolica,36.676
2026-03-03 18:00,9,0,18,G01,hidro,94.162
2026-03-03 18:00,9,0,18,G02,hidro,88.949
2026-03-03 18:00,9,0,18,G03,hidro,210.638
2026-03-03 18:00,9,0,18,G04,hidro,261.46
2026-03-03 18:00,9,0,18,G05,hidro,263.83
2026-03-03 18:00,9,0,18,G06,termo,157.852
2026-03-03 18:00,9,0,18,G07,termo,161.244
2026-03-03 18:00,9,0,18,G08,solar,12.75
2026-03-03 18:00,9,0,18,G09,solar,14.725
2026-03-03 18:00,9,0,18,G10,eolica,33.267
2026-03-03 19:00,9,0,19,G01,hidro,76.63
2026-03-03 19:00,9,0,19,G02,hidro,78.127
2026-03-03 19:00,9,0,19,G03,hidro,167.321
2026-03-03 19:00,9,0,19,G04,hidro,218.967
2026-03-03 19:00,9,0,19,G05,hidro,216.677
2026-03-03 19:00,9,0,19,G06,termo,128.714
2026-03-03 19:00,9,0,19,G07,termo,130.493
2026-03-03 19:00,9,0,19,G08,solar,13.207
2026-03-03 19:00,9,0,19,G09,solar,12.944
2026-03-03 19:00,9,0,19,G10,eolica,35.218
2026-03-03 20:00,9,0,20,G01,hidro,93.334
2026-03-03 20:00,9,0,20,G02,hidro,92.712
2026-03-03 20:00,9,0,20,G03,hidro,196.836
2026-03-03 20:00,9,0,20,G04,hidro,210.697
2026-03-03 20:00,9,0,20,G05,hidro,256.939
2026-03-03 20:00,9,0,20,G06,termo,156.323
2026-03-03 20:00,9,0,20,G07,termo,131.185
2026-03-03 20:00,9,0,20,G08,solar,0.0
2026-03-03 20:00,9,0,20,G09,solar,0.0
2026-03-03 20:00,9,0,20,G10,eolica,35.164
2026-03-03 21:00,9,0,21,G01,hidro,88.821
2026-03-03 21:00,9,0,21,G02,hidro,77.194
2026-03-03 21:00,9,0,21,G03,hidro,202.13
2026-03-03 21:00,9,0,21,G04,hidro,262.261
2026-03-03 21:00,9,0,21,G05,hidro,254.681
2026-03-03 21:00,9,0,21,G06,termo,156.549
2026-03-03 21:00,9,0,21,G07,termo,150.55
2026-03-03 21:00,9,0,21,G08,solar,0.0
2026-03-03 21:00,9,0,21,G09,solar,0.0
2026-03-03 21:00,9,0,21,G10,eolica,40.767
2026-03-03 22:00,9,0,22,G01,hidro,74.68
2026-03-03 22:00,9,0,22,G02,hidro,77.095
2026-03-03 22:00,9,0,22,G03,hidro,175.797
2026-03-03 22:00,9,0,22,G04,hidro,222.089
2026-03-03 22:00,9,0,22,G05,hidro,260.146
2026-03-03 22:00,9,0,22,G06,termo,159.844
2026-03-03 22:00,9,0,22,G07,termo,138.718
2026-03-03 22:00,9,0,22,G08,solar,0.0
2026-03-03 22:00,9,0,22,G09,solar,0.0
2026-03-03 22:00,9,0,22,G10,eolica,50.563
2026-03-03 23:00,9,0,23,G01,hidro,64.769
2026-03-03 23:00,9,0,23,G02,hidro,61.236
2026-03-03 23:00,9,0,23,G03,hidro,143.038
2026-03-03 23:00,9,0,23,G04,hidro,187.136
2026-03-03 23:00,9,0,23,G05,hidro,177.159
2026-03-03 23:00,9,0,23,G06,termo,117.361
2026-03-03 23:00,9,0,23,G07,termo,95.428
2026-03-03 23:00,9,0,23,G08,solar,0.0
2026-03-03 23:00,9,0,23,G09,solar,0.0
2026-03-03 23:00,9,0,23,G10,eolica,49.628
2026-03-04 00:00,9,1,0,G01,hidro,60.694
2026-03-04 00:00,9,1,0,G02,hidro,55.008
2026-03-04 00:00,9,1,0,G03,hidro,119.456
2026-03-04 00:00,9,1,0,G04,hidro,155.698
2026-03-04 00:00,9,1,0,G05,hidro,148.25
2026-03-04 00:00,9,1,0,G06,termo,86.419
2026-03-04 00:00,9,1,0,G07,termo,89.144
2026-03-04 00:00,9,1,0,G08,solar,0.0
2026-03-04 00:00,9,1,0,G09,solar,0.0
2026-03-04 00:00,9,1,0,G10,eolica,54.628
2026-03-04 01:00,9,1,1,G01,hidro,57.643
2026-03-04 01:00,9,1,1,G02,hidro,63.505
2026-03-04 01:00,9,1,1,G03,hidro,128.26
2026-03-04 01:00,9,1,1,G04,hidro,160.47
2026-03-04 01:00,9,1,1,G05,hidro,156.531
2026-03-04 01:00,9,1,1,G06,termo,97.988
2026-03-04 01:00,9,1,1,G07,termo,92.204
2026-03-04 01:00,9,1,1,G08,solar,0.0
2026-03-04 01:00,9,1,1,G09,solar,0.0
2026-03-04 01:00,9,1,1,G10,eolica,69.987
2026-03-04 02:00,9,1,2,G01,hidro,56.886
2026-03-04 02:00,9,1,2,G02,hidro,52.351
2026-03-04 02:00,9,1,2,G03,hidro,112.672
2026-03-04 02:00,9,1,2,G04,hidro,142.457
2026-03-04 02:00,9,1,2,G05,hidro,169.876
2026-03-04 02:00,9,1,2,G06,termo,97.928
2026-03-04 02:00,9,1,2,G07,termo,103.418
2026-03-04 02:00,9,1,2,G08,solar,0.0
2026-03-04 02:00,9,1,2,G09,solar,0.0
2026-03-04 02:00,9,1,2,G10,eolica,73.77
2026-03-04 03:00,9,1,3,G01,hidro,63.617
2026-03-04 03:00,9,1,3,G02,hidro,59.108
2026-03-04 03:00,9,1,3,G03,hidro,141.405
2026-03-04 03:00,9,1,3,G04,hidro,164.505
2026-03-04 03:00,9,1,3,G05,hidro,164.602
2026-03-04 03:00,9,1,3,G06,termo,110.339
2026-03-04 03:00,9,1,3,G07,termo,96.772
2026-03-04 03:00,9,1,3,G08,solar,0.0
2026-03-04 03:00,9,1,3,G09,solar,0.0
2026-03-04 03:00,9,1,3,G10,eolica,83.037
2026-03-04 04:00,9,1,4,G01,hidro,64.605
2026-03-04 04:00,9,1,4,G02,hidro,52.956
2026-03-04 04:00,9,1,4,G03,hidro,139.267
2026-03-04 04:00,9,1,4,G04,hidro,162.761
2026-03-04 04:00,9,1,4,G05,hidro,165.447
2026-03-04 04:00,9,1,4,G06,termo,108.869
2026-03-04 04:00,9,1,4,G07,termo,108.261
2026-03-04 04:00,9,1,4,G08,solar,0.0
2026-03-04 04:00,9,1,4,G09,solar,0.0
2026-03-04 04:00,9,1,4,G10,eolica,85.768
2026-03-04 05:00,9,1,5,G01,hidro,60.029
2026-03-04 05:00,9,1,5,G02,hidro,64.512
2026-03-04 05:00,9,1,5,G03,hidro,131.552
2026-03-04 05:00,9,1,5,G04,hidro,162.633
2026-03-04 05:00,9,1,5,G05,hidro,175.39
2026-03-04 05:00,9,1,5,G06,termo,106.058
2026-03-04 05:00,9,1,5,G07,termo,90.652
2026-03-04 05:00,9,1,5,G08,solar,0.0
2026-03-04 05:00,9,1,5,G09,solar,0.0
2026-03-04 05:00,9,1,5,G10,eolica,82.67
2026-03-04 06:00,9,1,6,G01,hidro,57.97
2026-03-04 06:00,9,1,6,G02,hidro,56.4
2026-03-04 06:00,9,1,6,G03,hidro,129.766
2026-03-04 06:00,9,1,6,G04,hidro,146.538
2026-03-04 06:00,9,1,6,G05,hidro,169.748
2026-03-04 06:00,9,1,6,G06,termo,107.202
2026-03-04 06:00,9,1,6,G07,termo,97.053
2026-03-04 06:00,9,1,6,G08,solar,0.0
2026-03-04 06:00,9,1,6,G09,solar,0.0
2026-03-04 06:00,9,1,6,G10,eolica,80.684
2026-03-04 07:00,9,1,7,G01,hidro,91.176
2026-03-04 07:00,9,1,7,G02,hidro,96.392
2026-03-04 07:00,9,1,7,G03,hidro,206.041
2026-03-04 07:00,9,1,7,G04,hidro,275.594
2026-03-04 07:00,9,1,7,G05,hidro,283.58
2026-03-04 07:00,9,1,7,G06,termo,158.439
2026-03-04 07:00,9,1,7,G07,termo,140.624
2026-03-04 07:00,9,1,7,G08,solar,42.158
2026-03-04 07:00,9,1,7,G09,solar,43.082
2026-03-04 07:00,9,1,7,G10,eolica,76.129
2026-03-04 08:00,9,1,8,G01,hidro,100.962
2026-03-04 08:00,9,1,8,G02,hidro,84.203
2026-03-04 08:00,9,1,8,G03,hidro,211.499
2026-03-04 08:00,9,1,8,G04,hidro,289.47
2026-03-04 08:00,9,1,8,G05,hidro,267.491
2026-03-04 08:00,9,1,8,G06,termo,156.68
2026-03-04 08:00,9,1,8,G07,termo,163.844
2026-03-04 08:00,9,1,8,G08,solar,40.517
2026-03-04 08:00,9,1,8,G09,solar,41.632
2026-03-04 08:00,9,1,8,G10,eolica,75.046
2026-03-04 09:00,9,1,9,G01,hidro,104.929
2026-03-04 09:00,9,1,9,G02,hidro,90.65
2026-03-04 09:00,9,1,9,G03,hidro,222.267
2026-03-04 09:00,9,1,9,G04,hidro,256.294
2026-03-04 09:00,9,1,9,G05,hidro,258.392
2026-03-04 09:00,9,1,9,G06,termo,168.728
2026-03-04 09:00,9,1,9,G07,termo,162.353
2026-03-04 09:00,9,1,9,G08,solar,110.192
2026-03-04 09:00,9,1,9,G09,solar,108.807
2026-03-04 09:00,9,1,9,G10,eolica,81.874
2026-03-04 10:00,9,1,10,G01,hidro,91.615
2026-03-04 10:00,9,1,10,G02,hidro,101.443
2026-03-04 10:00,9,1,10,G03,hidro,229.642
2026-03-04 10:00,9,1,10,G04,hidro,248.203
2026-03-04 10:00,9,1,10,G05,hidro,281.815
2026-03-04 10:00,9,1,10,G06,termo,141.94
2026-03-04 10:00,9,1,10,G07,termo,146.231
2026-03-04 10:00,9,1,10,G08,solar,126.615
2026-03-04 10:00,9,1,10,G09,solar,120.531
2026-03-04 10:00,9,1,10,G10,eolica,66.47
2026-03-04 11:00,9,1,11,G01,hidro,89.489
2026-03-04 11:00,9,1,11,G02,hidro,100.826
2026-03-04 11:00,9,1,11,G03,hidro,182.152
2026-03-04 11:00,9,1,11,G04,hidro,282.316
2026-03-04 11:00,9,1,11,G05,hidro,233.513
2026-03-04 11:00,9,1,11,G06,termo,147.722
2026-03-04 11:00,9,1,11,G07,termo,171.119
2026-03-04 11:00,9,1,11,G08,solar,115.657
2026-03-04 11:00,9,1,11,G09,solar,114.926
2026-03-04 11:00,9,1,11,G10,eolica,70.946
2026-03-04 12:00,9,1,12,G01,hidro,88.701
2026-03-04 12:00,9,1,12,G02,hidro,92.158
2026-03-04 12:00,9,1,12,G03,hidro,192.278
2026-03-04 12:00,9,1,12,G04,hidro,287.8
2026-03-04 12:00,9,1,12,G05,hidro,256.65
2026-03-04 12:00,9,1,12,G06,termo,174.313
2026-03-04 12:00,9,1,12,G07,termo,175.466
2026-03-04 12:00,9,1,12,G08,solar,146.583
2026-03-04 12:00,9,1,12,G09,solar,129.252
2026-03-04 12:00,9,1,12,G10,eolica,62.564
2026-03-04 13:00,9,1,13,G01,hidro,90.94
2026-03-04 13:00,9,1,13,G02,hidro,93.548
2026-03-04 13:00,9,1,13,G03,hidro,201.405
2026-03-04 13:00,9,1,13,G04,hidro,266.68
2026-03-04 13:00,9,1,13,G05,hidro,248.645
2026-03-04 13:00,9,1,13,G06,termo,172.715
2026-03-04 13:00,9,1,13,G07,termo,155.997
2026-03-04 13:00,9,1,13,G08,solar,134.954
2026-03-04 13:00,9,1,13,G09,solar,145.091
2026-03-04 13:00,9,1,13,G10,eolica,46.879
2026-03-04 14:00,9,1,14,G01,hidro,93.817
2026-03-04 14:00,9,1,14,G02,hidro,97.9
2026-03-04 14:00,9,1,14,G03,hidro,227.499
2026-03-04 14:00,9,1,14,G04,hidro,258.135
2026-03-04 14:00,9,1,14,G05,hidro,283.937
2026-03-04 14:00,9,1,14,G06,termo,140.983
2026-03-04 14:00,9,1,14,G07,termo,162.026
2026-03-04 14:00,9,1,14,G08,solar,136.206
2026-03-04 14:00,9,1,14,G09,solar,131.764
2026-03-04 14:00,9,1,14,G10,eolica,41.707
2026-03-04 15:00,9,1,15,G01,hidro,83.076
2026-03-04 15:00,9,1,15,G02,hidro,84.406
2026-03-04 15:00,9,1,15,G03,hidro,199.481
2026-03-04 15:00,9,1,15,G04,hidro,261.072
2026-03-04 15:00,9,1,15,G05,hidro,241.504
2026-03-04 15:00,9,1,15,G06,termo,170.796
2026-03-04 15:00,9,1,15,G07,termo,167.117
2026-03-04 15:00,9,1,15,G08,solar,137.007
2026-03-04 15:00,9,1,15,G09,solar,142.278
2026-03-04 15:00,9,1,15,G10,eolica,37.441
2026-03-04 16:00,9,1,16,G01,hidro,101.319
2026-03-04 16:00,9,1,16,G02,hidro,91.422
2026-03-04 16:00,9,1,16,G03,hidro,220.05
2026-03-04 16:00,9,1,16,G04,hidro,267.234
2026-03-04 16:00,9,1,16,G05,hidro,280.259
2026-03-04 16:00,9,1,16,G06,termo,152.082
2026-03-04 16:00,9,1,16,G07,termo,146.499
2026-03-04 16:00,9,1,16,G08,solar,80.152
2026-03-04 16:00,9,1,16,G09,solar,71.609
2026-03-04 16:00,9,1,16,G10,eolica,35.561
2026-03-04 17:00,9,1,17,G01,hidro,103.801
2026-03-04 17:00,9,1,17,G02,hidro,97.414
2026-03-04 17:00,9,1,17,G03,hidro,214.068
2026-03-04 17:00,9,1,17,G04,hidro,244.498
2026-03-04 17:00,9,1,17,G05,hidro,243.151
2026-03-04 17:00,9,1,17,G06,termo,150.52
2026-03-04 17:00,9,1,17,G07,termo,139.906
2026-03-04 17:00,9,1,17,G08,solar,71.312
2026-03-04 17:00,9,1,17,G09,solar,72.693
2026-03-04 17:00,9,1,17,G10,eolica,30.296
2026-03-04 18:00,9,1,18,G01,hidro,96.125
2026-03-04 18:00,9,1,18,G02,hidro,85.585
2026-03-04 18:00,9,1,18,G03,hidro,229.861
2026-03-04 18:00,9,1,18,G04,hidro,236.556
2026-03-04 18:00,9,1,18,G05,hidro,272.426
2026-03-04 18:00,9,1,18,G06,termo,162.577
2026-03-04 18:00,9,1,18,G07,termo,151.55
2026-03-04 18:00,9,1,18,G08,solar,14.489
2026-03-04 18:00,9,1,18,G09,solar,12.985
2026-03-04 18:00,9,1,18,G10,eolica,33.706
2026-03-04 19:00,9,1,19,G01,hidro,86.844
2026-03-04 19:00,9,1,19,G02,hidro,91.178
2026-03-04 19:00,9,1,19,G03,hidro,177.185
2026-03-04 19:00,9,1,19,G04,hidro,210.146
2026-03-04 19:00,9,1,19,G05,hidro,234.752
2026-03-04 19:00,9,1,19,G06,termo,153.176
2026-03-04 19:00,9,1,19,G07,termo,130.485
2026-03-04 19:00,9,1,19,G08,solar,14.331
2026-03-04 19:00,9,1,19,G09,solar,14.166
2026-03-04 19:00,9,1,19,G10,eolica,29.885
2026-03-04 20:00,9,1,20,G01,hidro,90.269
2026-03-04 20:00,9,1,20,G02,hidro,80.972
2026-03-04 20:00,9,1,20,G03,hidro,170.082
2026-03-04 20:00,9,1,20,G04,hidro,247.587
2026-03-04 20:00,9,1,20,G05,hidro,255.651
2026-03-04 20:00,9,1,20,G06,termo,150.393
2026-03-04 20:00,9,1,20,G07,termo,150.22
2026-03-04 20:00,9,1,20,G08,solar,0.0
2026-03-04 20:00,9,1,20,G09,solar,0.0
2026-03-04 20:00,9,1,20,G10,eolica,32.543
2026-03-04 21:00,9,1,21,G01,hidro,88.199
2026-03-04 21:00,9,1,21,G02,hidro,74.262
2026-03-04 21:00,9,1,21,G03,hidro,191.149
2026-03-04 21:00,9,1,21,G04,hidro,226.335
2026-03-04 21:00,9,1,21,G05,hidro,235.998
2026-03-04 21:00,9,1,21,G06,termo,130.123
2026-03-04 21:00,9,1,21,G07,termo,151.901
2026-03-04 21:00,9,1,21,G08,solar,0.0
2026-03-04 21:00,9,1,21,G09,solar,0.0
2026-03-04 21:00,9,1,21,G10,eolica,37.469
2026-03-04 22:00,9,1,22,G01,hidro,85.202
2026-03-04 22:00,9,1,22,G02,hidro,93.655
2026-03-04 22:00,9,1,22,G03,hidro,202.73
2026-03-04 22:00,9,1,22,G04,hidro,235.819
2026-03-04 22:00,9,1,22,G05,hidro,265.188
2026-03-04 22:00,9,1,22,G06,termo,157.315
2026-03-04 22:00,9,1,22,G07,termo,147.914
2026-03-04 22:00,9,1,22,G08,solar,0.0
2026-03-04 22:00,9,1,22,G09,solar,0.0
2026-03-04 22:00,9,1,22,G10,eolica,43.805
2026-03-04 23:00,9,1,23,G01,hidro,61.641
2026-03-04 23:00,9,1,23,G02,hidro,69.546
2026-03-04 23:00,9,1,23,G03,hidro,138.457
2026-03-04 23:00,9,1,23,G04,hidro,156.863
2026-03-04 23:00,9,1,23,G05,hidro,171.135
2026-03-04 23:00,9,1,23,G06,termo,115.572
2026-03-04 23:00,9,1,23,G07,termo,118.398
2026-03-04 23:00,9,1,23,G08,solar,0.0
2026-03-04 23:00,9,1,23,G09,solar,0.0
2026-03-04 23:00,9,1,23,G10,eolica,57.51
2026-03-05 00:00,9,2,0,G01,hidro,61.559
2026-03-05 00:00,9,2,0,G02,hidro,61.517
2026-03-05 00:00,9,2,0,G03,hidro,135.149
2026-03-05 00:00,9,2,0,G04,hidro,174.711
2026-03-05 00:00,9,2,0,G05,hidro,145.063
2026-03-05 00:00,9,2,0,G06,termo,105.084
2026-03-05 00:00,9,2,0,G07,termo,101.67
2026-03-05 00:00,9,2,0,G08,solar,0.0
2026-03-05 00:00,9,2,0,G09,solar,0.0
2026-03-05 00:00,9,2,0,G10,eolica,61.459
2026-03-05 01:00,9,2,1,G01,hidro,51.685
2026-03-05 01:00,9,2,1,G02,hidro,52.589
2026-03-05 01:00,9,2,1,G03,hidro,123.387
2026-03-05 01:00,9,2,1,G04,hidro,155.418
2026-03-05 01:00,9,2,1,G05,hidro,167.787
2026-03-05 01:00,9,2,1,G06,termo,94.199
2026-03-05 01:00,9,2,1,G07,termo,94.657
2026-03-05 01:00,9,2,1,G08,solar,0.0
2026-03-05 01:00,9,2,1,G09,solar,0.0
2026-03-05 01:00,9,2,1,G10,eolica,66.195
2026-03-05 02:00,9,2,2,G01,hidro,54.464
2026-03-05 02:00,9,2,2,G02,hidro,61.615
2026-03-05 02:00,9,2,2,G03,hidro,112.641
2026-03-05 02:00,9,2,2,G04,hidro,178.845
2026-03-05 02:00,9,2,2,G05,hidro,153.934
2026-03-05 02:00,9,2,2,G06,termo,91.868
2026-03-05 02:00,9,2,2,G07,termo,90.646
2026-03-05 02:00,9,2,2,G08,solar,0.0
2026-03-05 02:00,9,2,2,G09,solar,0.0
2026-03-05 02:00,9,2,2,G10,eolica,66.155
2026-03-05 03:00,9,2,3,G01,hidro,53.48
2026-03-05 03:00,9,2,3,G02,hidro,64.551
2026-03-05 03:00,9,2,3,G03,hidro,119.618
2026-03-05 03:00,9,2,3,G04,hidro,160.876
2026-03-05 03:00,9,2,3,G05,hidro,175.47
2026-03-05 03:00,9,2,3,G06,termo,104.424
2026-03-05 03:00,9,2,3,G07,termo,95.478
2026-03-05 03:00,9,2,3,G08,solar,0.0
2026-03-05 03:00,9,2,3,G09,solar,0.0
2026-03-05 03:00,9,2,3,G10,eolica,70.766
2026-03-05 04:00,9,2,4,G01,hidro,52.999
2026-03-05 04:00,9,2,4,G02,hidro,60.191
2026-03-05 04:00,9,2,4,G03,hidro,129.771
2026-03-05 04:00,9,2,4,G04,hidro,163.154
2026-03-05 04:00,9,2,4,G05,hidro,147.99
2026-03-05 04:00,9,2,4,G06,termo,110.144
2026-03-05 04:00,9,2,4,G07,termo,96.665
2026-03-05 04:00,9,2,4,G08,solar,0.0
2026-03-05 04:00,9,2,4,G09,solar,0.0
2026-03-05 04:00,9,2,4,G10,eolica,79.888
2026-03-05 05:00,9,2,5,G01,hidro,53.086
2026-03-05 05:00,9,2,5,G02,hidro,57.531
2026-03-05 05:00,9,2,5,G03,hidro,137.44
2026-03-05 05:00,9,2,5,G04,hidro,143.782
2026-03-05 05:00,9,2,5,G05,hidro,154.382
2026-03-05 05:00,9,2,5,G06,termo,92.861
2026-03-05 05:00,9,2,5,G07,termo,95.82
2026-03-05 05:00,9,2,5,G08,solar,0.0
2026-03-05 05:00,9,2,5,G09,solar,0.0
2026-03-05 05:00,9,2,5,G10,eolica,80.39
2026-03-05 06:00,9,2,6,G01,hidro,63.923
2026-03-05 06:00,9,2,6,G02,hidro,62.479
2026-03-05 06:00,9,2,6,G03,hidro,140.415
2026-03-05 06:00,9,2,6,G04,hidro,167.439
2026-03-05 06:00,9,2,6,G05,hidro,174.039
2026-03-05 06:00,9,2,6,G06,termo,104.966
2026-03-05 06:00,9,2,6,G07,termo,102.661
2026-03-05 06:00,9,2,6,G08,solar,0.0
2026-03-05 06:00,9,2,6,G09,solar,0.0
2026-03-05 06:00,9,2,6,G10,eolica,84.017
2026-03-05 07:00,9,2,7,G01,hidro,100.774
2026-03-05 07:00,9,2,7,G02,hidro,89.13
2026-03-05 07:00,9,2,7,G03,hidro,191.75
2026-03-05 07:00,9,2,7,G04,hidro,276.983
2026-03-05 07:00,9,2,7,G05,hidro,241.445
2026-03-05 07:00,9,2,7,G06,termo,164.843
2026-03-05 07:00,9,2,7,G07,termo,150.212
2026-03-05 07:00,9,2,7,G08,solar,43.362
2026-03-05 07:00,9,2,7,G09,solar,43.873
2026-03-05 07:00,9,2,7,G10,eolica,78.053
2026-03-05 08:00,9,2,8,G01,hidro,102.131
2026-03-05 08:00,9,2,8,G02,hidro,97.709
2026-03-05 08:00,9,2,8,G03,hidro,189.397
2026-03-05 08:00,9,2,8,G04,hidro,250.272
2026-03-05 08:00,9,2,8,G05,hidro,272.637
2026-03-05 08:00,9,2,8,G06,termo,139.782
2026-03-05 08:00,9,2,8,G07,termo,171.533
2026-03-05 08:00,9,2,8,G08,solar,41.021
2026-03-05 08:00,9,2,8,G09,solar,41.676
2026-03-05 08:00,9,2,8,G10,eolica,84.148
2026-03-05 09:00,9,2,9,G01,hidro,84.818
2026-03-05 09:00,9,2,9,G02,hidro,88.069
2026-03-05 09:00,9,2,9,G03,hidro,181.864
2026-03-05 09:00,9,2,9,G04,hidro,270.327
2026-03-05 09:00,9,2,9,G05,hidro,282.548
2026-03-05 09:00,9,2,9,G06,termo,176.371
2026-03-05 09:00,9,2,9,G07,termo,161.316
2026-03-05 09:00,9,2,9,G08,solar,111.74
2026-03-05 09:00,9,2,9,G09,solar,117.311
2026-03-05 09:00,9,2,9,G10,eolica,75.583
2026-03-05 10:00,9,2,10,G01,hidro,84.606
2026-03-05 10:00,9,2,10,G02,hidro,103.563
2026-03-05 10:00,9,2,10,G03,hidro,185.642
2026-03-05 10:00,9,2,10,G04,hidro,293.741
2026-03-05 10:00,9,2,10,G05,hidro,260.566
2026-03-05 10:00,9,2,10,G06,termo,158.168
2026-03-05 10:00,9,2,10,G07,termo,145.16
2026-03-05 10:00,9,2,10,G08,solar,126.704
2026-03-05 10:00,9,2,10,G09,solar,122.065
2026-03-05 10:00,9,2,10,G10,eolica,65.537
2026-03-05 11:00,9,2,11,G01,hidro,101.914
2026-03-05 11:00,9,2,11,G02,hidro,83.654
2026-03-05 11:00,9,2,11,G03,hidro,220.928
2026-03-05 11:00,9,2,11,G04,hidro,245.853
2026-03-05 11:00,9,2,11,G05,hidro,236.762
2026-03-05 11:00,9,2,11,G06,termo,157.081
2026-03-05 11:00,9,2,11,G07,termo,161.166
2026-03-05 11:00,9,2,11,G08,solar,127.063
2026-03-05 11:00,9,2,11,G09,solar,114.765
2026-03-05 11:00,9,2,11,G10,eolica,62.163
2026-03-05 12:00,9,2,12,G01,hidro,96.979
2026-03-05 12:00,9,2,12,G02,hidro,90.979
2026-03-05 12:00,9,2,12,G03,hidro,186.124
2026-03-05 12:00,9,2,12,G04,hidro,270.201
2026-03-05 12:00,9,2,12,G05,hidro,283.966
2026-03-05 12:00,9,2,12,G06,termo,151.611
2026-03-05 12:00,9,2,12,G07,termo,147.053
2026-03-05 12:00,9,2,12,G08,solar,130.768
2026-03-05 12:00,9,2,12,G09,solar,128.951
2026-03-05 12:00,9,2,12,G10,eolica,64.982
2026-03-05 13:00,9,2,13,G01,hidro,96.922
2026-03-05 13:00,9,2,13,G02,hidro,94.087
2026-03-05 13:00,9,2,13,G03,hidro,208.524
2026-03-05 13:00,9,2,13,G04,hidro,288.492
2026-03-05 13:00,9,2,13,G05,hidro,245.238
2026-03-05 13:00,9,2,13,G06,termo,144.936
2026-03-05 13:00,9,2,13,G07,termo,167.847
2026-03-05 13:00,9,2,13,G08,solar,148.019
2026-03-05 13:00,9,2,13,G09,solar,130.428
2026-03-05 13:00,9,2,13,G10,eolica,52.67
2026-03-05 14:00,9,2,14,G01,hidro,104.585
2026-03-05 14:00,9,2,14,G02,hidro,84.527
2026-03-05 14:00,9,2,14,G03,hidro,204.517
2026-03-05 14:00,9,2,14,G04,hidro,245.229
2026-03-05 14:00,9,2,14,G05,hidro,286.126
2026-03-05 14:00,9,2,14,G06,termo,167.653
2026-03-05 14:00,9,2,14,G07,termo,174.127
2026-03-05 14:00,9,2,14,G08,solar,145.07
2026-03-05 14:00,9,2,14,G09,solar,135.69
2026-03-05 14:00,9,2,14,G10,eolica,41.923
2026-03-05 15:00,9,2,15,G01,hidro,83.707
2026-03-05 15:00,9,2,15,G02,hidro,99.081
2026-03-05 15:00,9,2,15,G03,hidro,226.764
2026-03-05 15:00,9,2,15,G04,hidro,240.09
2026-03-05 15:00,9,2,15,G05,hidro,246.055
2026-03-05 15:00,9,2,15,G06,termo,168.995
2026-03-05 15:00,9,2,15,G07,termo,159.152
2026-03-05 15:00,9,2,15,G08,solar,149.873
2026-03-05 15:00,9,2,15,G09,solar,146.203
2026-03-05 15:00,9,2,15,G10,eolica,40.839
2026-03-05 16:00,9,2,16,G01,hidro,88.509
2026-03-05 16:00,9,2,16,G02,hidro,104.114
2026-03-05 16:00,9,2,16,G03,hidro,210.836
2026-03-05 16:00,9,2,16,G04,hidro,272.672
2026-03-05 16:00,9,2,16,G05,hidro,250.762
2026-03-05 16:00,9,2,16,G06,termo,139.263
2026-03-05 16:00,9,2,16,G07,termo,172.238
2026-03-05 16:00,9,2,16,G08,solar,73.332
2026-03-05 16:00,9,2,16,G09,solar,81.107
2026-03-05 16:00,9,2,16,G10,eolica,37.162
2026-03-05 17:00,9,2,17,G01,hidro,85.875
2026-03-05 17:00,9,2,17,G02,hidro,104.008
2026-03-05 17:00,9,2,17,G03,hidro,210.408
2026-03-05 17:00,9,2,17,G04,hidro,261.414
2026-03-05 17:00,9,2,17,G05,hidro,242.647
2026-03-05 17:00,9,2,17,G06,termo,139.53
2026-03-05 17:00,9,2,17,G07,termo,151.438
2026-03-05 17:00,9,2,17,G08,solar,72.089
2026-03-05 17:00,9,2,17,G09,solar,76.431
2026-03-05 17:00,9,2,17,G10,eolica,30.445
2026-03-05 18:00,9,2,18,G01,hidro,86.831
2026-03-05 18:00,9,2,18,G02,hidro,83.425
2026-03-05 18:00,9,2,18,G03,hidro,218.215
2026-03-05 18:00,9,2,18,G04,hidro,278.386
2026-03-05 18:00,9,2,18,G05,hidro,229.852
2026-03-05 18:00,9,2,18,G06,termo,147.854
2026-03-05 18:00,9,2,18,G07,termo,170.528
2026-03-05 18:00,9,2,18,G08,solar,13.614
2026-03-05 18:00,9,2,18,G09,solar,14.603
2026-03-05 18:00,9,2,18,G10,eolica,29.708
2026-03-05 19:00,9,2,19,G01,hidro,80.122
2026-03-05 19:00,9,2,19,G02,hidro,94.204
2026-03-05 19:00,9,2,19,G03,hidro,168.995
2026-03-05 19:00,9,2,19,G04,hidro,252.973
2026-03-05 19:00,9,2,19,G05,hidro,215.458
2026-03-05 19:00,9,2,19,G06,termo,157.317
2026-03-05 19:00,9,2,19,G07,termo,153.421
2026-03-05 19:00,9,2,19,G08,solar,13.222
2026-03-05 19:00,9,2,19,G09,solar,13.259
2026-03-05 19:00,9,2,19,G10,eolica,30.783
2026-03-05 20:00,9,2,20,G01,hidro,82.77
2026-03-05 20:00,9,2,20,G02,hidro,93.971
2026-03-05 20:00,9,2,20,G03,hidro,182.43
2026-03-05 20:00,9,2,20,G04,hidro,265.528
2026-03-05 20:00,9,2,20,G05,hidro,249.007
2026-03-05 20:00,9,2,20,G06,termo,151.834
2026-03-05 20:00,9,2,20,G07,termo,141.303
2026-03-05 20:00,9,2,20,G08,solar,0.0
2026-03-05 20:00,9,2,20,G09,solar,0.0
2026-03-05 20:00,9,2,20,G10,eolica,33.03
2026-03-05 21:00,9,2,21,G01,hidro,84.792
2026-03-05 21:00,9,2,21,G02,hidro,86.614
2026-03-05 21:00,9,2,21,G03,hidro,178.102
2026-03-05 21:00,9,2,21,G04,hidro,210.853
2026-03-05 21:00,9,2,21,G05,hidro,264.422
2026-03-05 21:00,9,2,21,G06,termo,146.51
2026-03-05 21:00,9,2,21,G07,termo,147.539
2026-03-05 21:00,9,2,21,G08,solar,0.0
2026-03-05 21:00,9,2,21,G09,solar,0.0
2026-03-05 21:00,9,2,21,G10,eolica,37.56
2026-03-05 22:00,9,2,22,G01,hidro,85.498
2026-03-05 22:00,9,2,22,G02,hidro,91.958
2026-03-05 22:00,9,2,22,G03,hidro,185.721
2026-03-05 22:00,9,2,22,G04,hidro,244.034
2026-03-05 22:00,9,2,22,G05,hidro,217.749
2026-03-05 22:00,9,2,22,G06,termo,160.941
2026-03-05 22:00,9,2,22,G07,termo,149.356
2026-03-05 22:00,9,2,22,G08,solar,0.0
2026-03-05 22:00,9,2,22,G09,solar,0.0
2026-03-05 22:00,9,2,22,G10,eolica,42.204
2026-03-05 23:00,9,2,23,G01,hidro,65.021
2026-03-05 23:00,9,2,23,G02,hidro,66.719
2026-03-05 23:00,9,2,23,G03,hidro,134.424
2026-03-05 23:00,9,2,23,G04,hidro,153.73
2026-03-05 23:00,9,2,23,G05,hidro,164.724
2026-03-05 23:00,9,2,23,G06,termo,98.052
2026-03-05 23:00,9,2,23,G07,termo,100.421
2026-03-05 23:00,9,2,23,G08,solar,0.0
2026-03-05 23:00,9,2,23,G09,solar,0.0
2026-03-05 23:00,9,2,23,G10,eolica,54.254
2026-03-06 00:00,9,3,0,G01,hidro,57.759
2026-03-06 00:00,9,3,0,G02,hidro,64.969
2026-03-06 00:00,9,3,0,G03,hidro,122.023
2026-03-06 00:00,9,3,0,G04,hidro,158.957
2026-03-06 00:00,9,3,0,G05,hidro,180.631
2026-03-06 00:00,9,3,0,G06,termo,100.865
2026-03-06 00:00,9,3,0,G07,termo,107.555
2026-03-06 00:00,9,3,0,G08,solar,0.0
2026-03-06 00:00,9,3,0,G09,solar,0.0
2026-03-06 00:00,9,3,0,G10,eolica,58.135
2026-03-06 01:00,9,3,1,G01,hidro,64.421
2026-03-06 01:00,9,3,1,G02,hidro,57.422
2026-03-06 01:00,9,3,1,G03,hidro,128.883
2026-03-06 01:00,9,3,1,G04,hidro,164.022
2026-03-06 01:00,9,3,1,G05,hidro,160.916
2026-03-06 01:00,9,3,1,G06,termo,92.155
2026-03-06 01:00,9,3,1,G07,termo,97.423
2026-03-06 01:00,9,3,1,G08,solar,0.0
2026-03-06 01:00,9,3,1,G09,solar,0.0
2026-03-06 01:00,9,3,1,G10,eolica,66.775
2026-03-06 02:00,9,3,2,G01,hidro,59.148
2026-03-06 02:00,9,3,2,G02,hidro,60.948
2026-03-06 02:00,9,3,2,G03,hidro,139.152
2026-03-06 02:00,9,3,2,G04,hidro,164.343
2026-03-06 02:00,9,3,2,G05,hidro,162.563
2026-03-06 02:00,9,3,2,G06,termo,91.55
2026-03-06 02:00,9,3,2,G07,termo,91.076
2026-03-06 02:00,9,3,2,G08,solar,0.0
2026-03-06 02:00,9,3,2,G09,solar,0.0
2026-03-06 02:00,9,3,2,G10,eolica,78.418
2026-03-06 03:00,9,3,3,G01,hidro,54.574
2026-03-06 03:00,9,3,3,G02,hidro,64.102
2026-03-06 03:00,9,3,3,G03,hidro,116.676
2026-03-06 03:00,9,3,3,G04,hidro,164.092
2026-03-06 03:00,9,3,3,G05,hidro,165.737
2026-03-06 03:00,9,3,3,G06,termo,109.888
2026-03-06 03:00,9,3,3,G07,termo,98.283
2026-03-06 03:00,9,3,3,G08,solar,0.0
2026-03-06 03:00,9,3,3,G09,solar,0.0
2026-03-06 03:00,9,3,3,G10,eolica,86.164
2026-03-06 04:00,9,3,4,G01,hidro,58.729
2026-03-06 04:00,9,3,4,G02,hidro,61.143
2026-03-06 04:00,9,3,4,G03,hidro,138.871
2026-03-06 04:00,9,3,4,G04,hidro,154.15
2026-03-06 04:00,9,3,4,G05,hidro,175.095
2026-03-06 04:00,9,3,4,G06,termo,87.331
2026-03-06 04:00,9,3,4,G07,termo,106.646
2026-03-06 04:00,9,3,4,G08,solar,0.0
2026-03-06 04:00,9,3,4,G09,solar,0.0
2026-03-06 04:00,9,3,4,G10,eolica,81.308
2026-03-06 05:00,9,3,5,G01,hidro,54.686
2026-03-06 05:00,9,3,5,G02,hidro,58.87
2026-03-06 05:00,9,3,5,G03,hidro,116.44
2026-03-06 05:00,9,3,5,G04,hidro,173.378
2026-03-06 05:00,9,3,5,G05,hidro,149.054
2026-03-06 05:00,9,3,5,G06,termo,93.418
2026-03-06 05:00,9,3,5,G07,termo,95.004
2026-03-06 05:00,9,3,5,G08,solar,0.0
2026-03-06 05:00,9,3,5,G09,solar,0.0
2026-03-06 05:00,9,3,5,G10,eolica,89.819
2026-03-06 06:00,9,3,6,G01,hidro,62.851
2026-03-06 06:00,9,3,6,G02,hidro,58.064
2026-03-06 06:00,9,3,6,G03,hidro,129.829
2026-03-06 06:00,9,3,6,G04,hidro,153.283
2026-03-06 06:00,9,3,6,G05,hidro,150.394
2026-03-06 06:00,9,3,6,G06,termo,93.044
2026-03-06 06:00,9,3,6,G07,termo,96.428
2026-03-06 06:00,9,3,6,G08,solar,0.0
2026-03-06 06:00,9,3,6,G09,solar,0.0
2026-03-06 06:00,9,3,6,G10,eolica,79.5
2026-03-06 07:00,9,3,7,G01,hidro,87.321
2026-03-06 07:00,9,3,7,G02,hidro,87.027
2026-03-06 07:00,9,3,7,G03,hidro,213.145
2026-03-06 07:00,9,3,7,G04,hidro,274.223
2026-03-06 07:00,9,3,7,G05,hidro,277.388
2026-03-06 07:00,9,3,7,G06,termo,146.312
2026-03-06 07:00,9,3,7,G07,termo,139.531
2026-03-06 07:00,9,3,7,G08,solar,41.872
2026-03-06 07:00,9,3,7,G09,solar,44.132
2026-03-06 07:00,9,3,7,G10,eolica,77.629
2026-03-06 08:00,9,3,8,G01,hidro,94.127
2026-03-06 08:00,9,3,8,G02,hidro,93.425
2026-03-06 08:00,9,3,8,G03,hidro,229.289
2026-03-06 08:00,9,3,8,G04,hidro,236.066
2026-03-06 08:00,9,3,8,G05,hidro,266.686
2026-03-06 08:00,9,3,8,G06,termo,168.305
2026-03-06 08:00,9,3,8,G07,termo,148.676
2026-03-06 08:00,9,3,8,G08,solar,40.208
2026-03-06 08:00,9,3,8,G09,solar,39.581
2026-03-06 08:00,9,3,8,G10,eolica,75.995
2026-03-06 09:00,9,3,9,G01,hidro,94.459
2026-03-06 09:00,9,3,9,G02,hidro,100.638
2026-03-06 09:00,9,3,9,G03,hidro,203.199
2026-03-06 09:00,9,3,9,G04,hidro,262.46
2026-03-06 09:00,9,3,9,G05,hidro,247.69
2026-03-06 09:00,9,3,9,G06,termo,170.385
2026-03-06 09:00,9,3,9,G07,termo,167.149
2026-03-06 09:00,9,3,9,G08,solar,123.299
2026-03-06 09:00,9,3,9,G09,solar,112.571
2026-03-06 09:00,9,3,9,G10,eolica,81.506
2026-03-06 10:00,9,3,10,G01,hidro,83.994
2026-03-06 10:00,9,3,10,G02,hidro,90.051
2026-03-06 10:00,9,3,10,G03,hidro,217.019
2026-03-06 10:00,9,3,10,G04,hidro,284.573
2026-03-06 10:00,9,3,10,G05,hidro,251.275
2026-03-06 10:00,9,3,10,G06,termo,172.071
2026-03-06 10:00,9,3,10,G07,termo,154.43
2026-03-06 10:00,9,3,10,G08,solar,123.376
2026-03-06 10:00,9,3,10,G09,solar,116.349
2026-03-06 10:00,9,3,10,G10,eolica,69.416
2026-03-06 11:00,9,3,11,G01,hidro,101.934
2026-03-06 11:00,9,3,11,G02,hidro,99.282
2026-03-06 11:00,9,3,11,G03,hidro,225.972
2026-03-06 11:00,9,3,11,G04,hidro,237.685
2026-03-06 11:00,9,3,11,G05,hidro,266.572
2026-03-06 11:00,9,3,11,G06,termo,157.384
2026-03-06 11:00,9,3,11,G07,termo,150.321
2026-03-06 11:00,9,3,11,G08,solar,123.831
2026-03-06 11:00,9,3,11,G09,solar,118.775
2026-03-06 11:00,9,3,11,G10,eolica,63.743
2026-03-06 12:00,9,3,12,G01,hidro,84.113
2026-03-06 12:00,9,3,12,G02,hidro,84.366
2026-03-06 12:00,9,3,12,G03,hidro,221.196
2026-03-06 12:00,9,3,12,G04,hidro,289.776
2026-03-06 12:00,9,3,12,G05,hidro,281.004
2026-03-06 12:00,9,3,12,G06,termo,148.058
2026-03-06 12:00,9,3,12,G07,termo,143.155
2026-03-06 12:00,9,3,12,G08,solar,142.755
2026-03-06 12:00,9,3,12,G09,solar,129.866
2026-03-06 12:00,9,3,12,G10,eolica,53.721
2026-03-06 13:00,9,3,13,G01,hidro,97.677
2026-03-06 13:00,9,3,13,G02,hidro,94.413
2026-03-06 13:00,9,3,13,G03,hidro,184.249
2026-03-06 13:00,9,3,13,G04,hidro,229.812
2026-03-06 13:00,9,3,13,G05,hidro,283.858
2026-03-06 13:00,9,3,13,G06,termo,149.279
2026-03-06 13:00,9,3,13,G07,termo,164.137
2026-03-06 13:00,9,3,13,G08,solar,134.043
2026-03-06 13:00,9,3,13,G09,solar,132.744
2026-03-06 13:00,9,3,13,G10,eolica,47.308
2026-03-06 14:00,9,3,14,G01,hidro,103.846
2026-03-06 14:00,9,3,14,G02,hidro,85.672
2026-03-06 14:00,9,3,14,G03,hidro,189.87
2026-03-06 14:00,9,3,14,G04,hidro,238.223
2026-03-06 14:00,9,3,14,G05,hidro,232.443
2026-03-06 14:00,9,3,14,G06,termo,166.03
2026-03-06 14:00,9,3,14,G07,termo,144.471
2026-03-06 14:00,9,3,14,G08,solar,138.338
2026-03-06 14:00,9,3,14,G09,solar,137.682
2026-03-06 14:00,9,3,14,G10,eolica,42.48
2026-03-06 15:00,9,3,15,G01,hidro,97.692
2026-03-06 15:00,9,3,15,G02,hidro,102.623
2026-03-06 15:00,9,3,15,G03,hidro,185.946
2026-03-06 15:00,9,3,15,G04,hidro,290.668
2026-03-06 15:00,9,3,15,G05,hidro,234.422
2026-03-06 15:00,9,3,15,G06,termo,153.626
2026-03-06 15:00,9,3,15,G07,termo,158.282
2026-03-06 15:00,9,3,15,G08,solar,141.061
2026-03-06 15:00,9,3,15,G09,solar,145.689
2026-03-06 15:00,9,3,15,G10,eolica,42.7
2026-03-06 16:00,9,3,16,G01,hidro,95.49
2026-03-06 16:00,9,3,16,G02,hidro,92.693
2026-03-06 16:00,9,3,16,G03,hidro,225.854
2026-03-06 16:00,9,3,16,G04,hidro,257.684
2026-03-06 16:00,9,3,16,G05,hidro,229.644
2026-03-06 16:00,9,3,16,G06,termo,172.888
2026-03-06 16:00,9,3,16,G07,termo,165.997
2026-03-06 16:00,9,3,16,G08,solar,77.343
2026-03-06 16:00,9,3,16,G09,solar,75.231
2026-03-06 16:00,9,3,16,G10,eolica,39.109
2026-03-06 17:00,9,3,17,G01,hidro,94.973
2026-03-06 17:00,9,3,17,G02,hidro,102.372
2026-03-06 17:00,9,3,17,G03,hidro,214.807
2026-03-06 17:00,9,3,17,G04,hidro,266.704
2026-03-06 17:00,9,3,17,G05,hidro,250.279
2026-03-06 17:00,9,3,17,G06,termo,161.28
2026-03-06 17:00,9,3,17,G07,termo,149.952
2026-03-06 17:00,9,3,17,G08,solar,73.712
2026-03-06 17:00,9,3,17,G09,solar,73.266
2026-03-06 17:00,9,3,17,G10,eolica,35.729
2026-03-06 18:00,9,3,18,G01,hidro,86.336
2026-03-06 18:00,9,3,18,G02,hidro,90.011
2026-03-06 18:00,9,3,18,G03,hidro,197.25
2026-03-06 18:00,9,3,18,G04,hidro,269.617
2026-03-06 18:00,9,3,18,G05,hidro,244.367
2026-03-06 18:00,9,3,18,G06,termo,150.024
2026-03-06 18:00,9,3,18,G07,termo,145.791
2026-03-06 18:00,9,3,18,G08,solar,14.713
2026-03-06 18:00,9,3,18,G09,solar,12.985
2026-03-06 18:00,9,3,18,G10,eolica,31.082
2026-03-06 19:00,9,3,19,G01,hidro,92.712
2026-03-06 19:00,9,3,19,G02,hidro,80.032
2026-03-06 19:00,9,3,19,G03,hidro,186.96
2026-03-06 19:00,9,3,19,G04,hidro,248.44
2026-03-06 19:00,9,3,19,G05,hidro,208.097
2026-03-06 19:00,9,3,19,G06,termo,134.319
2026-03-06 19:00,9,3,19,G07,termo,158.995
2026-03-06 19:00,9,3,19,G08,solar,13.591
2026-03-06 19:00,9,3,19,G09,solar,14.11
2026-03-06 19:00,9,3,19,G10,eolica,31.754
2026-03-06 20:00,9,3,20,G01,hidro,80.151
2026-03-06 20:00,9,3,20,G02,hidro,93.02
2026-03-06 20:00,9,3,20,G03,hidro,201.43
2026-03-06 20:00,9,3,20,G04,hidro,264.782
2026-03-06 20:00,9,3,20,G05,hidro,230.373
2026-03-06 20:00,9,3,20,G06,termo,145.822
2026-03-06 20:00,9,3,20,G07,termo,142.695
2026-03-06 20:00,9,3,20,G08,solar,0.0
2026-03-06 20:00,9,3,20,G09,solar,0.0
2026-03-06 20:00,9,3,20,G10,eolica,35.566
2026-03-06 21:00,9,3,21,G01,hidro,82.938
2026-03-06 21:00,9,3,21,G02,hidro,75.817
2026-03-06 21:00,9,3,21,G03,hidro,202.393
2026-03-06 21:00,9,3,21,G04,hidro,249.319
2026-03-06 21:00,9,3,21,G05,hidro,248.842
2026-03-06 21:00,9,3,21,G06,termo,138.518
2026-03-06 21:00,9,3,21,G07,termo,154.837
2026-03-06 21:00,9,3,21,G08,solar,0.0
2026-03-06 21:00,9,3,21,G09,solar,0.0
2026-03-06 21:00,9,3,21,G10,eolica,40.879
2026-03-06 22:00,9,3,22,G01,hidro,94.776
2026-03-06 22:00,9,3,22,G02,hidro,82.2
2026-03-06 22:00,9,3,22,G03,hidro,188.596
2026-03-06 22:00,9,3,22,G04,hidro,255.253
2026-03-06 22:00,9,3,22,G05,hidro,224.524
2026-03-06 22:00,9,3,22,G06,termo,147.77
2026-03-06 22:00,9,3,22,G07,termo,129.027
2026-03-06 22:00,9,3,22,G08,solar,0.0
2026-03-06 22:00,9,3,22,G09,solar,0.0
2026-03-06 22:00,9,3,22,G10,eolica,49.845
2026-03-06 23:00,9,3,23,G01,hidro,67.255
2026-03-06 23:00,9,3,23,G02,hidro,66.756
2026-03-06 23:00,9,3,23,G03,hidro,142.446
2026-03-06 23:00,9,3,23,G04,hidro,167.478
2026-03-06 23:00,9,3,23,G05,hidro,157.211
2026-03-06 23:00,9,3,23,G06,termo,93.16
2026-03-06 23:00,9,3,23,G07,termo,107.173
2026-03-06 23:00,9,3,23,G08,solar,0.0
2026-03-06 23:00,9,3,23,G09,solar,0.0
2026-03-06 23:00,9,3,23,G10,eolica,51.594
2026-03-07 00:00,9,4,0,G01,hidro,59.74
2026-03-07 00:00,9,4,0,G02,hidro,64.26
2026-03-07 00:00,9,4,0,G03,hidro,122.391
2026-03-07 00:00,9,4,0,G04,hidro,155.151
2026-03-07 00:00,9,4,0,G05,hidro,178.146
2026-03-07 00:00,9,4,0,G06,termo,99.903
2026-03-07 00:00,9,4,0,G07,termo,93.719
2026-03-07 00:00,9,4,0,G08,solar,0.0
2026-03-07 00:00,9,4,0,G09,solar,0.0
2026-03-07 00:00,9,4,0,G10,eolica,58.261
2026-03-07 01:00,9,4,1,G01,hidro,51.422
2026-03-07 01:00,9,4,1,G02,hidro,56.255
2026-03-07 01:00,9,4,1,G03,hidro,139.76
2026-03-07 01:00,9,4,1,G04,hidro,152.883
2026-03-07 01:00,9,4,1,G05,hidro,170.167
2026-03-07 01:00,9,4,1,G06,termo,98.974
2026-03-07 01:00,9,4,1,G07,termo,96.592
2026-03-07 01:00,9,4,1,G08,solar,0.0
2026-03-07 01:00,9,4,1,G09,solar,0.0
2026-03-07 01:00,9,4,1,G10,eolica,64.791
2026-03-07 02:00,9,4,2,G01,hidro,64.416
2026-03-07 02:00,9,4,2,G02,hidro,64.898
2026-03-07 02:00,9,4,2,G03,hidro,141.163
2026-03-07 02:00,9,4,2,G04,hidro,171.91
2026-03-07 02:00,9,4,2,G05,hidro,142.408
2026-03-07 02:00,9,4,2,G06,termo,107.827
2026-03-07 02:00,9,4,2,G07,termo,95.947
2026-03-07 02:00,9,4,2,G08,solar,0.0
2026-03-07 02:00,9,4,2,G09,solar,0.0
2026-03-07 02:00,9,4,2,G10,eolica,72.416
2026-03-07 03:00,9,4,3,G01,hidro,50.709
2026-03-07 03:00,9,4,3,G02,hidro,54.201
2026-03-07 03:00,9,4,3,G03,hidro,136.045
2026-03-07 03:00,9,4,3,G04,hidro,168.598
2026-03-07 03:00,9,4,3,G05,hidro,174.18
2026-03-07 03:00,9,4,3,G06,termo,88.247
2026-03-07 03:00,9,4,3,G07,termo,87.361
2026-03-07 03:00,9,4,3,G08,solar,0.0
2026-03-07 03:00,9,4,3,G09,solar,0.0
2026-03-07 03:00,9,4,3,G10,eolica,82.656
2026-03-07 04:00,9,4,4,G01,hidro,51.257
2026-03-07 04:00,9,4,4,G02,hidro,60.834
2026-03-07 04:00,9,4,4,G03,hidro,112.364
2026-03-07 04:00,9,4,4,G04,hidro,168.662
2026-03-07 04:00,9,4,4,G05,hidro,176.36
2026-03-07 04:00,9,4,4,G06,termo,89.985
2026-03-07 04:00,9,4,4,G07,termo,90.415
2026-03-07 04:00,9,4,4,G08,solar,0.0
2026-03-07 04:00,9,4,4,G09,solar,0.0
2026-03-07 04:00,9,4,4,G10,eolica,83.274
2026-03-07 05:00,9,4,5,G01,hidro,62.682
2026-03-07 05:00,9,4,5,G02,hidro,56.623
2026-03-07 05:00,9,4,5,G03,hidro,134.871
2026-03-07 05:00,9,4,5,G04,hidro,149.759
2026-03-07 05:00,9,4,5,G05,hidro,165.07
2026-03-07 05:00,9,4,5,G06,termo,103.137
2026-03-07 05:00,9,4,5,G07,termo,86.428
2026-03-07 05:00,9,4,5,G08,solar,0.0
2026-03-07 05:00,9,4,5,G09,solar,0.0
2026-03-07 05:00,9,4,5,G10,eolica,85.429
2026-03-07 06:00,9,4,6,G01,hidro,58.493
2026-03-07 06:00,9,4,6,G02,hidro,52.728
2026-03-07 06:00,9,4,6,G03,hidro,129.476
2026-03-07 06:00,9,4,6,G04,hidro,151.856
2026-03-07 06:00,9,4,6,G05,hidro,173.302
2026-03-07 06:00,9,4,6,G06,termo,89.203
2026-03-07 06:00,9,4,6,G07,termo,102.021
2026-03-07 06:00,9,4,6,G08,solar,0.0
2026-03-07 06:00,9,4,6,G09,solar,0.0
2026-03-07 06:00,9,4,6,G10,eolica,77.472
2026-03-07 07:00,9,4,7,G01,hidro,84.39
2026-03-07 07:00,9,4,7,G02,hidro,89.461
2026-03-07 07:00,9,4,7,G03,hidro,185.026
2026-03-07 07:00,9,4,7,G04,hidro,270.342
2026-03-07 07:00,9,4,7,G05,hidro,293.805
2026-03-07 07:00,9,4,7,G06,termo,141.191
2026-03-07 07:00,9,4,7,G07,termo,173.715
2026-03-07 07:00,9,4,7,G08,solar,41.136
2026-03-07 07:00,9,4,7,G09,solar,41.392
2026-03-07 07:00,9,4,7,G10,eolica,77.028
2026-03-07 08:00,9,4,8,G01,hidro,101.686
2026-03-07 08:00,9,4,8,G02,hidro,96.327
2026-03-07 08:00,9,4,8,G03,hidro,207.316
2026-03-07 08:00,9,4,8,G04,hidro,271.665
2026-03-07 08:00,9,4,8,G05,hidro,291.962
2026-03-07 08:00,9,4,8,G06,termo,177.235
2026-03-07 08:00,9,4,8,G07,termo,166.327
2026-03-07 08:00,9,4,8,G08,solar,40.268
2026-03-07 08:00,9,4,8,G09,solar,42.001
2026-03-07 08:00,9,4,8,G10,eolica,87.6
2026-03-07 09:00,9,4,9,G01,hidro,95.684
2026-03-07 09:00,9,4,9,G02,hidro,97.233
2026-03-07 09:00,9,4,9,G03,hidro,201.255
2026-03-07 09:00,9,4,9,G04,hidro,287.953
2026-03-07 09:00,9,4,9,G05,hidro,229.424
2026-03-07 09:00,9,4,9,G06,termo,148.2
2026-03-07 09:00,9,4,9,G07,termo,157.474
2026-03-07 09:00,9,4,9,G08,solar,124.551
2026-03-07 09:00,9,4,9,G09,solar,126.121
2026-03-07 09:00,9,4,9,G10,eolica,85.982
2026-03-07 10:00,9,4,10,G01,hidro,101.095
2026-03-07 10:00,9,4,10,G02,hidro,95.041
2026-03-07 10:00,9,4,10,G03,hidro,180.959
2026-03-07 10:00,9,4,10,G04,hidro,278.62
2026-03-07 10:00,9,4,10,G05,hidro,260.905
2026-03-07 10:00,9,4,10,G06,termo,161.744
2026-03-07 10:00,9,4,10,G07,termo,150.314
2026-03-07 10:00,9,4,10,G08,solar,119.021
2026-03-07 10:00,9,4,10,G09,solar,112.546
2026-03-07 10:00,9,4,10,G10,eolica,71.611
2026-03-07 11:00,9,4,11,G01,hidro,91.027
2026-03-07 11:00,9,4,11,G02,hidro,87.492
2026-03-07 11:00,9,4,11,G03,hidro,224.477
2026-03-07 11:00,9,4,11,G04,hidro,292.51
2026-03-07 11:00,9,4,11,G05,hidro,273.986
2026-03-07 11:00,9,4,11,G06,termo,141.749
2026-03-07 11:00,9,4,11,G07,termo,174.86
2026-03-07 11:00,9,4,11,G08,solar,125.216
2026-03-07 11:00,9,4,11,G09,solar,124.02
2026-03-07 11:00,9,4,11,G10,eolica,59.66
2026-03-07 12:00,9,4,12,G01,hidro,90.283
2026-03-07 12:00,9,4,12,G02,hidro,88.942
2026-03-07 12:00,9,4,12,G03,hidro,214.945
2026-03-07 12:00,9,4,12,G04,hidro,280.027
2026-03-07 12:00,9,4,12,G05,hidro,246.907
2026-03-07 12:00,9,4,12,G06,termo,141.331
2026-03-07 12:00,9,4,12,G07,termo,163.938
2026-03-07 12:00,9,4,12,G08,solar,141.109
2026-03-07 12:00,9,4,12,G09,solar,131.965
2026-03-07 12:00,9,4,12,G10,eolica,60.119
2026-03-07 13:00,9,4,13,G01,hidro,92.608
2026-03-07 13:00,9,4,13,G02,hidro,100.239
2026-03-07 13:00,9,4,13,G03,hidro,201.562
2026-03-07 13:00,9,4,13,G04,hidro,240.48
2026-03-07 13:00,9,4,13,G05,hidro,293.35
2026-03-07 13:00,9,4,13,G06,termo,167.073
2026-03-07 13:00,9,4,13,G07,termo,149.293
2026-03-07 13:00,9,4,13,G08,solar,147.949
2026-03-07 13:00,9,4,13,G09,solar,144.584
2026-03-07 13:00,9,4,13,G10,eolica,55.342
2026-03-07 14:00,9,4,14,G01,hidro,102.294
2026-03-07 14:00,9,4,14,G02,hidro,98.283
2026-03-07 14:00,9,4,14,G03,hidro,205.07
2026-03-07 14:00,9,4,14,G04,hidro,268.376
2026-03-07 14:00,9,4,14,G05,hidro,232.681
2026-03-07 14:00,9,4,14,G06,termo,175.415
2026-03-07 14:00,9,4,14,G07,termo,157.795
2026-03-07 14:00,9,4,14,G08,solar,146.2
2026-03-07 14:00,9,4,14,G09,solar,128.507
2026-03-07 14:00,9,4,14,G10,eolica,44.46
2026-03-07 15:00,9,4,15,G01,hidro,97.112
2026-03-07 15:00,9,4,15,G02,hidro,97.817
2026-03-07 15:00,9,4,15,G03,hidro,212.726
2026-03-07 15:00,9,4,15,G04,hidro,292.206
2026-03-07 15:00,9,4,15,G05,hidro,291.8
2026-03-07 15:00,9,4,15,G06,termo,148.63
2026-03-07 15:00,9,4,15,G07,termo,175.438
2026-03-07 15:00,9,4,15,G08,solar,145.63
2026-03-07 15:00,9,4,15,G09,solar,136.497
2026-03-07 15:00,9,4,15,G10,eolica,37.846
2026-03-07 16:00,9,4,16,G01,hidro,94.103
2026-03-07 16:00,9,4,16,G02,hidro,102.996
2026-03-07 16:00,9,4,16,G03,hidro,210.581
2026-03-07 16:00,9,4,16,G04,hidro,288.533
2026-03-07 16:00,9,4,16,G05,hidro,290.163
2026-03-07 16:00,9,4,16,G06,termo,146.405
2026-03-07 16:00,9,4,16,G07,termo,159.772
2026-03-07 16:00,9,4,16,G08,solar,81.975
2026-03-07 16:00,9,4,16,G09,solar,74.371
2026-03-07 16:00,9,4,16,G10,eolica,34.082
2026-03-07 17:00,9,4,17,G01,hidro,88.215
2026-03-07 17:00,9,4,17,G02,hidro,95.481
2026-03-07 17:00,9,4,17,G03,hidro,199.011
2026-03-07 17:00,9,4,17,G04,hidro,249.254
2026-03-07 17:00,9,4,17,G05,hidro,277.945
2026-03-07 17:00,9,4,17,G06,termo,173.076
2026-03-07 17:00,9,4,17,G07,termo,155.804
2026-03-07 17:00,9,4,17,G08,solar,80.222
2026-03-07 17:00,9,4,17,G09,solar,71.469
2026-03-07 17:00,9,4,17,G10,eolica,34.717
2026-03-07 18:00,9,4,18,G01,hidro,92.906
2026-03-07 18:00,9,4,18,G02,hidro,88.86
2026-03-07 18:00,9,4,18,G03,hidro,180.859
2026-03-07 18:00,9,4,18,G04,hidro,270.341
2026-03-07 18:00,9,4,18,G05,hidro,283.314
2026-03-07 18:00,9,4,18,G06,termo,166.002
2026-03-07 18:00,9,4,18,G07,termo,140.545
2026-03-07 18:00,9,4,18,G08,solar,13.49
2026-03-07 18:00,9,4,18,G09,solar,13.591
2026-03-07 18:00,9,4,18,G10,eolica,34.761
2026-03-07 19:00,9,4,19,G01,hidro,88.174
2026-03-07 19:00,9,4,19,G02,hidro,74.463
2026-03-07 19:00,9,4,19,G03,hidro,178.036
2026-03-07 19:00,9,4,19,G04,hidro,249.4
2026-03-07 19:00,9,4,19,G05,hidro,255.703
2026-03-07 19:00,9,4,19,G06,termo,143.086
2026-03-07 19:00,9,4,19,G07,termo,133.208
2026-03-07 19:00,9,4,19,G08,solar,14.543
2026-03-07 19:00,9,4,19,G09,solar,13.034
2026-03-07 19:00,9,4,19,G10,eolica,36.273
2026-03-07 20:00,9,4,20,G01,hidro,92.557
2026-03-07 20:00,9,4,20,G02,hidro,83.475
2026-03-07 20:00,9,4,20,G03,hidro,185.348
2026-03-07 20:00,9,4,20,G04,hidro,219.732
2026-03-07 20:00,9,4,20,G05,hidro,265.992
2026-03-07 20:00,9,4,20,G06,termo,148.65
2026-03-07 20:00,9,4,20,G07,termo,133.181
2026-03-07 20:00,9,4,20,G08,solar,0.0
2026-03-07 20:00,9,4,20,G09,solar,0.0
2026-03-07 20:00,9,4,20,G10,eolica,32.186
2026-03-07 21:00,9,4,21,G01,hidro,91.426
2026-03-07 21:00,9,4,21,G02,hidro,94.811
2026-03-07 21:00,9,4,21,G03,hidro,167.59
2026-03-07 21:00,9,4,21,G04,hidro,213.992
2026-03-07 21:00,9,4,21,G05,hidro,214.096
2026-03-07 21:00,9,4,21,G06,termo,127.939
2026-03-07 21:00,9,4,21,G07,termo,135.012
2026-03-07 21:00,9,4,21,G08,solar,0.0
2026-03-07 21:00,9,4,21,G09,solar,0.0
2026-03-07 21:00,9,4,21,G10,eolica,44.771
2026-03-07 22:00,9,4,22,G01,hidro,85.71
2026-03-07 22:00,9,4,22,G02,hidro,85.892
2026-03-07 22:00,9,4,22,G03,hidro,193.587
2026-03-07 22:00,9,4,22,G04,hidro,210.179
2026-03-07 22:00,9,4,22,G05,hidro,212.523
2026-03-07 22:00,9,4,22,G06,termo,129.585
2026-03-07 22:00,9,4,22,G07,termo,160.778
2026-03-07 22:00,9,4,22,G08,solar,0.0
2026-03-07 22:00,9,4,22,G09,solar,0.0
2026-03-07 22:00,9,4,22,G10,eolica,46.493
2026-03-07 23:00,9,4,23,G01,hidro,57.032
2026-03-07 23:00,9,4,23,G02,hidro,69.021
2026-03-07 23:00,9,4,23,G03,hidro,120.19
2026-03-07 23:00,9,4,23,G04,hidro,192.036
2026-03-07 23:00,9,4,23,G05,hidro,155.484
2026-03-07 23:00,9,4,23,G06,termo,115.962
2026-03-07 23:00,9,4,23,G07,termo,96.766
2026-03-07 23:00,9,4,23,G08,solar,0.0
2026-03-07 23:00,9,4,23,G09,solar,0.0
2026-03-07 23:00,9,4,23,G10,eolica,48.337
2026-03-08 00:00,9,5,0,G01,hidro,58.475
2026-03-08 00:00,9,5,0,G02,hidro,56.221
2026-03-08 00:00,9,5,0,G03,hidro,120.721
2026-03-08 00:00,9,5,0,G04,hidro,178.515
2026-03-08 00:00,9,5,0,G05,hidro,150.187
2026-03-08 00:00,9,5,0,G06,termo,103.478
2026-03-08 00:00,9,5,0,G07,termo,91.195
2026-03-08 00:00,9,5,0,G08,solar,0.0
2026-03-08 00:00,9,5,0,G09,solar,0.0
2026-03-08 00:00,9,5,0,G10,eolica,55.204
2026-03-08 01:00,9,5,1,G01,hidro,64.006
2026-03-08 01:00,9,5,1,G02,hidro,60.446
2026-03-08 01:00,9,5,1,G03,hidro,117.36
2026-03-08 01:00,9,5,1,G04,hidro,154.777
2026-03-08 01:00,9,5,1,G05,hidro,169.915
2026-03-08 01:00,9,5,1,G06,termo,94.064
2026-03-08 01:00,9,5,1,G07,termo,105.047
2026-03-08 01:00,9,5,1,G08,solar,0.0
2026-03-08 01:00,9,5,1,G09,solar,0.0
2026-03-08 01:00,9,5,1,G10,eolica,59.296
2026-03-08 02:00,9,5,2,G01,hidro,62.927
2026-03-08 02:00,9,5,2,G02,hidro,52.778
2026-03-08 02:00,9,5,2,G03,hidro,113.711
2026-03-08 02:00,9,5,2,G04,hidro,142.481
2026-03-08 02:00,9,5,2,G05,hidro,160.786
2026-03-08 02:00,9,5,2,G06,termo,101.777
2026-03-08 02:00,9,5,2,G07,termo,102.695
2026-03-08 02:00,9,5,2,G08,solar,0.0
2026-03-08 02:00,9,5,2,G09,solar,0.0
2026-03-08 02:00,9,5,2,G10,eolica,69.245
2026-03-08 03:00,9,5,3,G01,hidro,55.592
2026-03-08 03:00,9,5,3,G02,hidro,63.791
2026-03-08 03:00,9,5,3,G03,hidro,139.077
2026-03-08 03:00,9,5,3,G04,hidro,164.27
2026-03-08 03:00,9,5,3,G05,hidro,144.024
2026-03-08 03:00,9,5,3,G06,termo,103.023
2026-03-08 03:00,9,5,3,G07,termo,105.105
2026-03-08 03:00,9,5,3,G08,solar,0.0
2026-03-08 03:00,9,5,3,G09,solar,0.0
2026-03-08 03:00,9,5,3,G10,eolica,69.828
2026-03-08 04:00,9,5,4,G01,hidro,54.968
2026-03-08 04:00,9,5,4,G02,hidro,57.22
2026-03-08 04:00,9,5,4,G03,hidro,118.428
2026-03-08 04:00,9,5,4,G04,hidro,154.282
2026-03-08 04:00,9,5,4,G05,hidro,170.51
2026-03-08 04:00,9,5,4,G06,termo,93.497
2026-03-08 04:00,9,5,4,G07,termo,106.906
2026-03-08 04:00,9,5,4,G08,solar,0.0
2026-03-08 04:00,9,5,4,G09,solar,0.0
2026-03-08 04:00,9,5,4,G10,eolica,79.536
2026-03-08 05:00,9,5,5,G01,hidro,64.35
2026-03-08 05:00,9,5,5,G02,hidro,63.273
2026-03-08 05:00,9,5,5,G03,hidro,130.847
2026-03-08 05:00,9,5,5,G04,hidro,157.039
2026-03-08 05:00,9,5,5,G05,hidro,160.334
2026-03-08 05:00,9,5,5,G06,termo,94.814
2026-03-08 05:00,9,5,5,G07,termo,106.602
2026-03-08 05:00,9,5,5,G08,solar,0.0
2026-03-08 05:00,9,5,5,G09,solar,0.0
2026-03-08 05:00,9,5,5,G10,eolica,83.733
2026-03-08 06:00,9,5,6,G01,hidro,62.307
2026-03-08 06:00,9,5,6,G02,hidro,52.372
2026-03-08 06:00,9,5,6,G03,hidro,128.297
2026-03-08 06:00,9,5,6,G04,hidro,172.554
2026-03-08 06:00,9,5,6,G05,hidro,145.502
2026-03-08 06:00,9,5,6,G06,termo,92.683
2026-03-08 06:00,9,5,6,G07,termo,94.959
2026-03-08 06:00,9,5,6,G08,solar,0.0
2026-03-08 06:00,9,5,6,G09,solar,0.0
2026-03-08 06:00,9,5,6,G10,eolica,77.69
2026-03-08 07:00,9,5,7,G01,hidro,95.389
2026-03-08 07:00,9,5,7,G02,hidro,101.917
2026-03-08 07:00,9,5,7,G03,hidro,189.995
2026-03-08 07:00,9,5,7,G04,hidro,237.387
2026-03-08 07:00,9,5,7,G05,hidro,264.043
2026-03-08 07:00,9,5,7,G06,termo,151.876
2026-03-08 07:00,9,5,7,G07,termo,169.056
2026-03-08 07:00,9,5,7,G08,solar,43.33
2026-03-08 07:00,9,5,7,G09,solar,40.8
2026-03-08 07:00,9,5,7,G10,eolica,83.518
2026-03-08 08:00,9,5,8,G01,hidro,99.286
2026-03-08 08:00,9,5,8,G02,hidro,101.158
2026-03-08 08:00,9,5,8,G03,hidro,196.457
2026-03-08 08:00,9,5,8,G04,hidro,261.659
2026-03-08 08:00,9,5,8,G05,hidro,247.129
2026-03-08 08:00,9,5,8,G06,termo,162.92
2026-03-08 08:00,9,5,8,G07,termo,156.489
2026-03-08 08:00,9,5,8,G08,solar,39.458
2026-03-08 08:00,9,5,8,G09,solar,42.471
2026-03-08 08:00,9,5,8,G10,eolica,83.722
2026-03-08 09:00,9,5,9,G01,hidro,101.907
2026-03-08 09:00,9,5,9,G02,hidro,91.676
2026-03-08 09:00,9,5,9,G03,hidro,220.956
2026-03-08 09:00,9,5,9,G04,hidro,290.805
2026-03-08 09:00,9,5,9,G05,hidro,277.648
2026-03-08 09:00,9,5,9,G06,termo,159.285
2026-03-08 09:00,9,5,9,G07,termo,139.979
2026-03-08 09:00,9,5,9,G08,solar,117.079
2026-03-08 09:00,9,5,9,G09,solar,124.145
2026-03-08 09:00,9,5,9,G10,eolica,81.124
2026-03-08 10:00,9,5,10,G01,hidro,87.086
2026-03-08 10:00,9,5,10,G02,hidro,95.317
2026-03-08 10:00,9,5,10,G03,hidro,204.648
2026-03-08 10:00,9,5,10,G04,hidro,267.395
2026-03-08 10:00,9,5,10,G05,hidro,287.484
2026-03-08 10:00,9,5,10,G06,termo,160.743
2026-03-08 10:00,9,5,10,G07,termo,166.538
2026-03-08 10:00,9,5,10,G08,solar,120.027
2026-03-08 10:00,9,5,10,G09,solar,108.926
2026-03-08 10:00,9,5,10,G10,eolica,75.951
2026-03-08 11:00,9,5,11,G01,hidro,83.787
2026-03-08 11:00,9,5,11,G02,hidro,82.642
2026-03-08 11:00,9,5,11,G03,hidro,191.963
2026-03-08 11:00,9,5,11,G04,hidro,276.247
2026-03-08 11:00,9,5,11,G05,hidro,258.526
2026-03-08 11:00,9,5,11,G06,termo,146.009
2026-03-08 11:00,9,5,11,G07,termo,177.635
2026-03-08 11:00,9,5,11,G08,solar,122.865
2026-03-08 11:00,9,5,11,G09,solar,124.127
2026-03-08 11:00,9,5,11,G10,eolica,63.604
2026-03-08 12:00,9,5,12,G01,hidro,87.751
2026-03-08 12:00,9,5,12,G02,hidro,103.899
2026-03-08 12:00,9,5,12,G03,hidro,229.11
2026-03-08 12:00,9,5,12,G04,hidro,240.046
2026-03-08 12:00,9,5,12,G05,hidro,247.44
2026-03-08 12:00,9,5,12,G06,termo,161.984
2026-03-08 12:00,9,5,12,G07,termo,151.223
2026-03-08 12:00,9,5,12,G08,solar,136.429
2026-03-08 12:00,9,5,12,G09,solar,131.2
2026-03-08 12:00,9,5,12,G10,eolica,63.23
2026-03-08 13:00,9,5,13,G01,hidro,103.142
2026-03-08 13:00,9,5,13,G02,hidro,91.16
2026-03-08 13:00,9,5,13,G03,hidro,225.064
2026-03-08 13:00,9,5,13,G04,hidro,243.211
2026-03-08 13:00,9,5,13,G05,hidro,264.831
2026-03-08 13:00,9,5,13,G06,termo,161.443
2026-03-08 13:00,9,5,13,G07,termo,178.165
2026-03-08 13:00,9,5,13,G08,solar,147.127
2026-03-08 13:00,9,5,13,G09,solar,136.529
2026-03-08 13:00,9,5,13,G10,eolica,47.921
2026-03-08 14:00,9,5,14,G01,hidro,92.933
2026-03-08 14:00,9,5,14,G02,hidro,103.107
2026-03-08 14:00,9,5,14,G03,hidro,180.544
2026-03-08 14:00,9,5,14,G04,hidro,239.315
2026-03-08 14:00,9,5,14,G05,hidro,257.871
2026-03-08 14:00,9,5,14,G06,termo,143.917
2026-03-08 14:00,9,5,14,G07,termo,140.96
2026-03-08 14:00,9,5,14,G08,solar,132.469
2026-03-08 14:00,9,5,14,G09,solar,135.817
2026-03-08 14:00,9,5,14,G10,eolica,45.525
2026-03-08 15:00,9,5,15,G01,hidro,88.392
2026-03-08 15:00,9,5,15,G02,hidro,91.49
2026-03-08 15:00,9,5,15,G03,hidro,198.464
2026-03-08 15:00,9,5,15,G04,hidro,282.261
2026-03-08 15:00,9,5,15,G05,hidro,242.117
2026-03-08 15:00,9,5,15,G06,termo,140.772
2026-03-08 15:00,9,5,15,G07,termo,162.821
2026-03-08 15:00,9,5,15,G08,solar,134.075
2026-03-08 15:00,9,5,15,G09,solar,137.576
2026-03-08 15:00,9,5,15,G10,eolica,37.593
2026-03-08 16:00,9,5,16,G01,hidro,98.268
2026-03-08 16:00,9,5,16,G02,hidro,88.319
2026-03-08 16:00,9,5,16,G03,hidro,197.27
2026-03-08 16:00,9,5,16,G04,hidro,237.102
2026-03-08 16:00,9,5,16,G05,hidro,285.478
2026-03-08 16:00,9,5,16,G06,termo,172.08
2026-03-08 16:00,9,5,16,G07,termo,161.789
2026-03-08 16:00,9,5,16,G08,solar,80.046
2026-03-08 16:00,9,5,16,G09,solar,71.045
2026-03-08 16:00,9,5,16,G10,eolica,37.395
2026-03-08 17:00,9,5,17,G01,hidro,96.97
2026-03-08 17:00,9,5,17,G02,hidro,92.305
2026-03-08 17:00,9,5,17,G03,hidro,222.727
2026-03-08 17:00,9,5,17,G04,hidro,286.625
2026-03-08 17:00,9,5,17,G05,hidro,267.792
2026-03-08 17:00,9,5,17,G06,termo,159.343
2026-03-08 17:00,9,5,17,G07,termo,171.309
2026-03-08 17:00,9,5,17,G08,solar,70.412
2026-03-08 17:00,9,5,17,G09,solar,70.592
2026-03-08 17:00,9,5,17,G10,eolica,32.773
2026-03-08 18:00,9,5,18,G01,hidro,82.993
2026-03-08 18:00,9,5,18,G02,hidro,102.326
2026-03-08 18:00,9,5,18,G03,hidro,202.067
2026-03-08 18:00,9,5,18,G04,hidro,230.328
2026-03-08 18:00,9,5,18,G05,hidro,248.025
2026-03-08 18:00,9,5,18,G06,termo,169.334
2026-03-08 18:00,9,5,18,G07,termo,148.417
2026-03-08 18:00,9,5,18,G08,solar,14.907
2026-03-08 18:00,9,5,18,G09,solar,13.728
2026-03-08 18:00,9,5,18,G10,eolica,29.295
2026-03-08 19:00,9,5,19,G01,hidro,93.906
2026-03-08 19:00,9,5,19,G02,hidro,82.386
2026-03-08 19:00,9,5,19,G03,hidro,205.208
2026-03-08 19:00,9,5,19,G04,hidro,220.394
2026-03-08 19:00,9,5,19,G05,hidro,254.945
2026-03-08 19:00,9,5,19,G06,termo,127.907
2026-03-08 19:00,9,5,19,G07,termo,157.124
2026-03-08 19:00,9,5,19,G08,solar,14.741
2026-03-08 19:00,9,5,19,G09,solar,12.948
2026-03-08 19:00,9,5,19,G10,eolica,31.909
2026-03-08 20:00,9,5,20,G01,hidro,83.845
2026-03-08 20:00,9,5,20,G02,hidro,76.675
2026-03-08 20:00,9,5,20,G03,hidro,180.833
2026-03-08 20:00,9,5,20,G04,hidro,248.571
2026-03-08 20:00,9,5,20,G05,hidro,233.53
2026-03-08 20:00,9,5,20,G06,termo,143.716
2026-03-08 20:00,9,5,20,G07,termo,155.877
2026-03-08 20:00,9,5,20,G08,solar,0.0
2026-03-08 20:00,9,5,20,G09,solar,0.0
2026-03-08 20:00,9,5,20,G10,eolica,35.95
2026-03-08 21:00,9,5,21,G01,hidro,92.032
2026-03-08 21:00,9,5,21,G02,hidro,92.781
2026-03-08 21:00,9,5,21,G03,hidro,186.313
2026-03-08 21:00,9,5,21,G04,hidro,217.068
2026-03-08 21:00,9,5,21,G05,hidro,212.444
2026-03-08 21:00,9,5,21,G06,termo,146.544
2026-03-08 21:00,9,5,21,G07,termo,145.645
2026-03-08 21:00,9,5,21,G08,solar,0.0
2026-03-08 21:00,9,5,21,G09,solar,0.0
2026-03-08 21:00,9,5,21,G10,eolica,43.931
2026-03-08 22:00,9,5,22,G01,hidro,75.237
2026-03-08 22:00,9,5,22,G02,hidro,94.776
2026-03-08 22:00,9,5,22,G03,hidro,174.07
2026-03-08 22:00,9,5,22,G04,hidro,220.363
2026-03-08 22:00,9,5,22,G05,hidro,265.72
2026-03-08 22:00,9,5,22,G06,termo,127.372
2026-03-08 22:00,9,5,22,G07,termo,147.288
2026-03-08 22:00,9,5,22,G08,solar,0.0
2026-03-08 22:00,9,5,22,G09,solar,0.0
2026-03-08 22:00,9,5,22,G10,eolica,47.61
2026-03-08 23:00,9,5,23,G01,hidro,66.964
2026-03-08 23:00,9,5,23,G02,hidro,69.618
2026-03-08 23:00,9,5,23,G03,hidro,127.545
2026-03-08 23:00,9,5,23,G04,hidro,187.907
2026-03-08 23:00,9,5,23,G05,hidro,183.237
2026-03-08 23:00,9,5,23,G06,termo,107.892
2026-03-08 23:00,9,5,23,G07,termo,107.018
2026-03-08 23:00,9,5,23,G08,solar,0.0
2026-03-08 23:00,9,5,23,G09,solar,0.0
2026-03-08 23:00,9,5,23,G10,eolica,46.622
2026-03-09 00:00,9,6,0,G01,hidro,53.264
2026-03-09 00:00,9,6,0,G02,hidro,61.276
2026-03-09 00:00,9,6,0,G03,hidro,111.887
2026-03-09 00:00,9,6,0,G04,hidro,176.952
2026-03-09 00:00,9,6,0,G05,hidro,170.33
2026-03-09 00:00,9,6,0,G06,termo,109.711
2026-03-09 00:00,9,6,0,G07,termo,102.255
2026-03-09 00:00,9,6,0,G08,solar,0.0
2026-03-09 00:00,9,6,0,G09,solar,0.0
2026-03-09 00:00,9,6,0,G10,eolica,53.99
2026-03-09 01:00,9,6,1,G01,hidro,53.68
2026-03-09 01:00,9,6,1,G02,hidro,56.266
2026-03-09 01:00,9,6,1,G03,hidro,120.257
2026-03-09 01:00,9,6,1,G04,hidro,170.678
2026-03-09 01:00,9,6,1,G05,hidro,142.83
2026-03-09 01:00,9,6,1,G06,termo,95.388
2026-03-09 01:00,9,6,1,G07,termo,95.681
2026-03-09 01:00,9,6,1,G08,solar,0.0
2026-03-09 01:00,9,6,1,G09,solar,0.0
2026-03-09 01:00,9,6,1,G10,eolica,72.914
2026-03-09 02:00,9,6,2,G01,hidro,55.891
2026-03-09 02:00,9,6,2,G02,hidro,58.124
2026-03-09 02:00,9,6,2,G03,hidro,137.293
2026-03-09 02:00,9,6,2,G04,hidro,142.907
2026-03-09 02:00,9,6,2,G05,hidro,143.885
2026-03-09 02:00,9,6,2,G06,termo,99.013
2026-03-09 02:00,9,6,2,G07,termo,86.292
2026-03-09 02:00,9,6,2,G08,solar,0.0
2026-03-09 02:00,9,6,2,G09,solar,0.0
2026-03-09 02:00,9,6,2,G10,eolica,68.405
2026-03-09 03:00,9,6,3,G01,hidro,52.877
2026-03-09 03:00,9,6,3,G02,hidro,55.281
2026-03-09 03:00,9,6,3,G03,hidro,120.291
2026-03-09 03:00,9,6,3,G04,hidro,148.587
2026-03-09 03:00,9,6,3,G05,hidro,157.887
2026-03-09 03:00,9,6,3,G06,termo,94.091
2026-03-09 03:00,9,6,3,G07,termo,100.6
2026-03-09 03:00,9,6,3,G08,solar,0.0
2026-03-09 03:00,9,6,3,G09,solar,0.0
2026-03-09 03:00,9,6,3,G10,eolica,73.613
2026-03-09 04:00,9,6,4,G01,hidro,50.937
2026-03-09 04:00,9,6,4,G02,hidro,51.067
2026-03-09 04:00,9,6,4,G03,hidro,117.803
2026-03-09 04:00,9,6,4,G04,hidro,179.61
2026-03-09 04:00,9,6,4,G05,hidro,145.53
2026-03-09 04:00,9,6,4,G06,termo,102.901
2026-03-09 04:00,9,6,4,G07,termo,95.661
2026-03-09 04:00,9,6,4,G08,solar,0.0
2026-03-09 04:00,9,6,4,G09,solar,0.0
2026-03-09 04:00,9,6,4,G10,eolica,75.85
2026-03-09 05:00,9,6,5,G01,hidro,50.701
2026-03-09 05:00,9,6,5,G02,hidro,51.923
2026-03-09 05:00,9,6,5,G03,hidro,121.068
2026-03-09 05:00,9,6,5,G04,hidro,155.152
2026-03-09 05:00,9,6,5,G05,hidro,151.652
2026-03-09 05:00,9,6,5,G06,termo,90.595
2026-03-09 05:00,9,6,5,G07,termo,88.621
2026-03-09 05:00,9,6,5,G08,solar,0.0
2026-03-09 05:00,9,6,5,G09,solar,0.0
2026-03-09 05:00,9,6,5,G10,eolica,91.327
2026-03-09 06:00,9,6,6,G01,hidro,59.122
2026-03-09 06:00,9,6,6,G02,hidro,56.149
2026-03-09 06:00,9,6,6,G03,hidro,130.08
2026-03-09 06:00,9,6,6,G04,hidro,154.938
2026-03-09 06:00,9,6,6,G05,hidro,156.631
2026-03-09 06:00,9,6,6,G06,termo,110.326
2026-03-09 06:00,9,6,6,G07,termo,106.791
2026-03-09 06:00,9,6,6,G08,solar,0.0
2026-03-09 06:00,9,6,6,G09,solar,0.0
2026-03-09 06:00,9,6,6,G10,eolica,77.817
2026-03-09 07:00,9,6,7,G01,hidro,84.47
2026-03-09 07:00,9,6,7,G02,hidro,96.999
2026-03-09 07:00,9,6,7,G03,hidro,207.427
2026-03-09 07:00,9,6,7,G04,hidro,229.798
2026-03-09 07:00,9,6,7,G05,hidro,246.93
2026-03-09 07:00,9,6,7,G06,termo,164.944
2026-03-09 07:00,9,6,7,G07,termo,177.218
2026-03-09 07:00,9,6,7,G08,solar,39.737
2026-03-09 07:00,9,6,7,G09,solar,44.953
2026-03-09 07:00,9,6,7,G10,eolica,91.085
2026-03-09 08:00,9,6,8,G01,hidro,92.468
2026-03-09 08:00,9,6,8,G02,hidro,98.672
2026-03-09 08:00,9,6,8,G03,hidro,188.61
2026-03-09 08:00,9,6,8,G04,hidro,271.481
2026-03-09 08:00,9,6,8,G05,hidro,284.053
2026-03-09 08:00,9,6,8,G06,termo,168.639
2026-03-09 08:00,9,6,8,G07,termo,169.176
2026-03-09 08:00,9,6,8,G08,solar,40.824
2026-03-09 08:00,9,6,8,G09,solar,40.095
2026-03-09 08:00,9,6,8,G10,eolica,84.457
2026-03-09 09:00,9,6,9,G01,hidro,92.273
2026-03-09 09:00,9,6,9,G02,hidro,102.233
2026-03-09 09:00,9,6,9,G03,hidro,224.6
2026-03-09 09:00,9,6,9,G04,hidro,241.672
2026-03-09 09:00,9,6,9,G05,hidro,259.935
2026-03-09 09:00,9,6,9,G06,termo,157.003
2026-03-09 09:00,9,6,9,G07,termo,145.952
2026-03-09 09:00,9,6,9,G08,solar,116.901
2026-03-09 09:00,9,6,9,G09,solar,127.299
2026-03-09 09:00,9,6,9,G10,eolica,80.018
2026-03-09 10:00,9,6,10,G01,hidro,99.76
2026-03-09 10:00,9,6,10,G02,hidro,104.401
2026-03-09 10:00,9,6,10,G03,hidro,222.413
2026-03-09 10:00,9,6,10,G04,hidro,254.393
2026-03-09 10:00,9,6,10,G05,hidro,250.104
2026-03-09 10:00,9,6,10,G06,termo,155.743
2026-03-09 10:00,9,6,10,G07,termo,148.847
2026-03-09 10:00,9,6,10,G08,solar,124.394
2026-03-09 10:00,9,6,10,G09,solar,116.52
2026-03-09 10:00,9,6,10,G10,eolica,66.238
2026-03-09 11:00,9,6,11,G01,hidro,95.102
2026-03-09 11:00,9,6,11,G02,hidro,98.468
2026-03-09 11:00,9,6,11,G03,hidro,200.472
2026-03-09 11:00,9,6,11,G04,hidro,241.806
2026-03-09 11:00,9,6,11,G05,hidro,246.523
2026-03-09 11:00,9,6,11,G06,termo,154.901
2026-03-09 11:00,9,6,11,G07,termo,144.194
2026-03-09 11:00,9,6,11,G08,solar,123.32
2026-03-09 11:00,9,6,11,G09,solar,123.817
2026-03-09 11:00,9,6,11,G10,eolica,63.664
2026-03-09 12:00,9,6,12,G01,hidro,98.234
2026-03-09 12:00,9,6,12,G02,hidro,101.869
2026-03-09 12:00,9,6,12,G03,hidro,223.947
2026-03-09 12:00,9,6,12,G04,hidro,258.306
2026-03-09 12:00,9,6,12,G05,hidro,229.88
2026-03-09 12:00,9,6,12,G06,termo,142.883
2026-03-09 12:00,9,6,12,G07,termo,140.807
2026-03-09 12:00,9,6,12,G08,solar,136.507
2026-03-09 12:00,9,6,12,G09,solar,133.958
2026-03-09 12:00,9,6,12,G10,eolica,61.092
2026-03-09 13:00,9,6,13,G01,hidro,100.327
2026-03-09 13:00,9,6,13,G02,hidro,83.446
2026-03-09 13:00,9,6,13,G03,hidro,191.031
2026-03-09 13:00,9,6,13,G04,hidro,279.526
2026-03-09 13:00,9,6,13,G05,hidro,277.683
2026-03-09 13:00,9,6,13,G06,termo,172.763
2026-03-09 13:00,9,6,13,G07,termo,152.919
2026-03-09 13:00,9,6,13,G08,solar,129.618
2026-03-09 13:00,9,6,13,G09,solar,132.209
2026-03-09 13:00,9,6,13,G10,eolica,55.756
2026-03-09 14:00,9,6,14,G01,hidro,100.523
2026-03-09 14:00,9,6,14,G02,hidro,91.073
2026-03-09 14:00,9,6,14,G03,hidro,180.986
2026-03-09 14:00,9,6,14,G04,hidro,235.422
2026-03-09 14:00,9,6,14,G05,hidro,269.539
2026-03-09 14:00,9,6,14,G06,termo,144.08
2026-03-09 14:00,9,6,14,G07,termo,157.745
2026-03-09 14:00,9,6,14,G08,solar,140.711
2026-03-09 14:00,9,6,14,G09,solar,148.606
2026-03-09 14:00,9,6,14,G10,eolica,49.488
2026-03-09 15:00,9,6,15,G01,hidro,88.08
2026-03-09 15:00,9,6,15,G02,hidro,85.34
2026-03-09 15:00,9,6,15,G03,hidro,204.152
2026-03-09 15:00,9,6,15,G04,hidro,288.973
2026-03-09 15:00,9,6,15,G05,hidro,244.69
2026-03-09 15:00,9,6,15,G06,termo,144.758
2026-03-09 15:00,9,6,15,G07,termo,162.156
2026-03-09 15:00,9,6,15,G08,solar,132.18
2026-03-09 15:00,9,6,15,G09,solar,139.868
2026-03-09 15:00,9,6,15,G10,eolica,37.684
2026-03-09 16:00,9,6,16,G01,hidro,82.863
2026-03-09 16:00,9,6,16,G02,hidro,99.396
2026-03-09 16:00,9,6,16,G03,hidro,230.744
2026-03-09 16:00,9,6,16,G04,hidro,257.852
2026-03-09 16:00,9,6,16,G05,hidro,232.662
2026-03-09 16:00,9,6,16,G06,termo,164.023
2026-03-09 16:00,9,6,16,G07,termo,168.007
2026-03-09 16:00,9,6,16,G08,solar,73.506
2026-03-09 16:00,9,6,16,G09,solar,80.55
2026-03-09 16:00,9,6,16,G10,eolica,36.787
2026-03-09 17:00,9,6,17,G01,hidro,85.815
2026-03-09 17:00,9,6,17,G02,hidro,87.577
2026-03-09 17:00,9,6,17,G03,hidro,202.032
2026-03-09 17:00,9,6,17,G04,hidro,265.535
2026-03-09 17:00,9,6,17,G05,hidro,291.726
2026-03-09 17:00,9,6,17,G06,termo,165.349
2026-03-09 17:00,9,6,17,G07,termo,150.863
2026-03-09 17:00,9,6,17,G08,solar,74.239
2026-03-09 17:00,9,6,17,G09,solar,73.931
2026-03-09 17:00,9,6,17,G10,eolica,35.236
2026-03-09 18:00,9,6,18,G01,hidro,87.885
2026-03-09 18:00,9,6,18,G02,hidro,104.058
2026-03-09 18:00,9,6,18,G03,hidro,222.723
2026-03-09 18:00,9,6,18,G04,hidro,270.385
2026-03-09 18:00,9,6,18,G05,hidro,254.598
2026-03-09 18:00,9,6,18,G06,termo,156.663
2026-03-09 18:00,9,6,18,G07,termo,176.059
2026-03-09 18:00,9,6,18,G08,solar,13.98
2026-03-09 18:00,9,6,18,G09,solar,13.346
2026-03-09 18:00,9,6,18,G10,eolica,34.389
2026-03-09 19:00,9,6,19,G01,hidro,82.217
2026-03-09 19:00,9,6,19,G02,hidro,76.171
2026-03-09 19:00,9,6,19,G03,hidro,175.529
2026-03-09 19:00,9,6,19,G04,hidro,241.414
2026-03-09 19:00,9,6,19,G05,hidro,243.48
2026-03-09 19:00,9,6,19,G06,termo,155.076
2026-03-09 19:00,9,6,19,G07,termo,143.494
2026-03-09 19:00,9,6,19,G08,solar,14.149
2026-03-09 19:00,9,6,19,G09,solar,14.597
2026-03-09 19:00,9,6,19,G10,eolica,34.192
2026-03-09 20:00,9,6,20,G01,hidro,89.774
2026-03-09 20:00,9,6,20,G02,hidro,74.141
2026-03-09 20:00,9,6,20,G03,hidro,183.876
2026-03-09 20:00,9,6,20,G04,hidro,236.462
2026-03-09 20:00,9,6,20,G05,hidro,263.232
2026-03-09 20:00,9,6,20,G06,termo,154.998
2026-03-09 20:00,9,6,20,G07,termo,154.65
2026-03-09 20:00,9,6,20,G08,solar,0.0
2026-03-09 20:00,9,6,20,G09,solar,0.0
2026-03-09 20:00,9,6,20,G10,eolica,37.694
2026-03-09 21:00,9,6,21,G01,hidro,89.476
2026-03-09 21:00,9,6,21,G02,hidro,77.908
2026-03-09 21:00,9,6,21,G03,hidro,182.862
2026-03-09 21:00,9,6,21,G04,hidro,215.571
2026-03-09 21:00,9,6,21,G05,hidro,256.723
2026-03-09 21:00,9,6,21,G06,termo,154.025
2026-03-09 21:00,9,6,21,G07,termo,141.357
2026-03-09 21:00,9,6,21,G08,solar,0.0
2026-03-09 21:00,9,6,21,G09,solar,0.0
2026-03-09 21:00,9,6,21,G10,eolica,44.622
2026-03-09 22:00,9,6,22,G01,hidro,82.1
2026-03-09 22:00,9,6,22,G02,hidro,85.462
2026-03-09 22:00,9,6,22,G03,hidro,172.563
2026-03-09 22:00,9,6,22,G04,hidro,239.411
2026-03-09 22:00,9,6,22,G05,hidro,212.314
2026-03-09 22:00,9,6,22,G06,termo,127.208
2026-03-09 22:00,9,6,22,G07,termo,130.009
2026-03-09 22:00,9,6,22,G08,solar,0.0
2026-03-09 22:00,9,6,22,G09,solar,0.0
2026-03-09 22:00,9,6,22,G10,eolica,47.042
2026-03-09 23:00,9,6,23,G01,hidro,61.054
2026-03-09 23:00,9,6,23,G02,hidro,60.388
2026-03-09 23:00,9,6,23,G03,hidro,136.743
2026-03-09 23:00,9,6,23,G04,hidro,161.054
2026-03-09 23:00,9,6,23,G05,hidro,191.286
2026-03-09 23:00,9,6,23,G06,termo,114.751
2026-03-09 23:00,9,6,23,G07,termo,100.187
2026-03-09 23:00,9,6,23,G08,solar,0.0
2026-03-09 23:00,9,6,23,G09,solar,0.0
2026-03-09 23:00,9,6,23,G10,eolica,47.797
2026-03-10 00:00,10,0,0,G01,hidro,62.361
2026-03-10 00:00,10,0,0,G02,hidro,54.895
2026-03-10 00:00,10,0,0,G03,hidro,119.959
2026-03-10 00:00,10,0,0,G04,hidro,143.361
2026-03-10 00:00,10,0,0,G05,hidro,145.202
2026-03-10 00:00,10,0,0,G06,termo,106.049
2026-03-10 00:00,10,0,0,G07,termo,106.78
2026-03-10 00:00,10,0,0,G08,solar,0.0
2026-03-10 00:00,10,0,0,G09,solar,0.0
2026-03-10 00:00,10,0,0,G10,eolica,63.95
2026-03-10 01:00,10,0,1,G01,hidro,61.653
2026-03-10 01:00,10,0,1,G02,hidro,61.051
2026-03-10 01:00,10,0,1,G03,hidro,118.458
2026-03-10 01:00,10,0,1,G04,hidro,156.644
2026-03-10 01:00,10,0,1,G05,hidro,143.305
2026-03-10 01:00,10,0,1,G06,termo,107.765
2026-03-10 01:00,10,0,1,G07,termo,90.343
2026-03-10 01:00,10,0,1,G08,solar,0.0
2026-03-10 01:00,10,0,1,G09,solar,0.0
2026-03-10 01:00,10,0,1,G10,eolica,61.852
2026-03-10 02:00,10,0,2,G01,hidro,63.606
2026-03-10 02:00,10,0,2,G02,hidro,64.526
2026-03-10 02:00,10,0,2,G03,hidro,131.667
2026-03-10 02:00,10,0,2,G04,hidro,176.079
2026-03-10 02:00,10,0,2,G05,hidro,174.295
2026-03-10 02:00,10,0,2,G06,termo,102.651
2026-03-10 02:00,10,0,2,G07,termo,97.836
2026-03-10 02:00,10,0,2,G08,solar,0.0
2026-03-10 02:00,10,0,2,G09,solar,0.0
2026-03-10 02:00,10,0,2,G10,eolica,79.671
2026-03-10 03:00,10,0,3,G01,hidro,52.869
2026-03-10 03:00,10,0,3,G02,hidro,60.149
2026-03-10 03:00,10,0,3,G03,hidro,115.153
2026-03-10 03:00,10,0,3,G04,hidro,170.315
2026-03-10 03:00,10,0,3,G05,hidro,167.507
2026-03-10 03:00,10,0,3,G06,termo,99.326
2026-03-10 03:00,10,0,3,G07,termo,102.097
2026-03-10 03:00,10,0,3,G08,solar,0.0
2026-03-10 03:00,10,0,3,G09,solar,0.0
2026-03-10 03:00,10,0,3,G10,eolica,84.416
2026-03-10 04:00,10,0,4,G01,hidro,58.58
2026-03-10 04:00,10,0,4,G02,hidro,51.796
2026-03-10 04:00,10,0,4,G03,hidro,136.262
2026-03-10 04:00,10,0,4,G04,hidro,173.478
2026-03-10 04:00,10,0,4,G05,hidro,150.518
2026-03-10 04:00,10,0,4,G06,termo,96.266
2026-03-10 04:00,10,0,4,G07,termo,104.376
2026-03-10 04:00,10,0,4,G08,solar,0.0
2026-03-10 04:00,10,0,4,G09,solar,0.0
2026-03-10 04:00,10,0,4,G10,eolica,87.538
2026-03-10 05:00,10,0,5,G01,hidro,61.848
2026-03-10 05:00,10,0,5,G02,hidro,58.622
2026-03-10 05:00,10,0,5,G03,hidro,140.406
2026-03-10 05:00,10,0,5,G04,hidro,174.188
2026-03-10 05:00,10,0,5,G05,hidro,150.576
2026-03-10 05:00,10,0,5,G06,termo,101.027
2026-03-10 05:00,10,0,5,G07,termo,93.804
2026-03-10 05:00,10,0,5,G08,solar,0.0
2026-03-10 05:00,10,0,5,G09,solar,0.0
2026-03-10 05:00,10,0,5,G10,eolica,86.5
2026-03-10 06:00,10,0,6,G01,hidro,62.997
2026-03-10 06:00,10,0,6,G02,hidro,53.753
2026-03-10 06:00,10,0,6,G03,hidro,115.659
2026-03-10 06:00,10,0,6,G04,hidro,151.802
2026-03-10 06:00,10,0,6,G05,hidro,143.141
2026-03-10 06:00,10,0,6,G06,termo,90.48
2026-03-10 06:00,10,0,6,G07,termo,91.825
2026-03-10 06:00,10,0,6,G08,solar,0.0
2026-03-10 06:00,10,0,6,G09,solar,0.0
2026-03-10 06:00,10,0,6,G10,eolica,85.574
2026-03-10 07:00,10,0,7,G01,hidro,82.746
2026-03-10 07:00,10,0,7,G02,hidro,103.176
2026-03-10 07:00,10,0,7,G03,hidro,189.299
2026-03-10 07:00,10,0,7,G04,hidro,278.342
2026-03-10 07:00,10,0,7,G05,hidro,247.088
2026-03-10 07:00,10,0,7,G06,termo,139.746
2026-03-10 07:00,10,0,7,G07,termo,168.58
2026-03-10 07:00,10,0,7,G08,solar,43.395
2026-03-10 07:00,10,0,7,G09,solar,38.459
2026-03-10 07:00,10,0,7,G10,eolica,86.455
2026-03-10 08:00,10,0,8,G01,hidro,97.585
2026-03-10 08:00,10,0,8,G02,hidro,96.966
2026-03-10 08:00,10,0,8,G03,hidro,216.437
2026-03-10 08:00,10,0,8,G04,hidro,287.987
2026-03-10 08:00,10,0,8,G05,hidro,246.23
2026-03-10 08:00,10,0,8,G06,termo,163.094
2026-03-10 08:00,10,0,8,G07,termo,144.14
2026-03-10 08:00,10,0,8,G08,solar,43.951
2026-03-10 08:00,10,0,8,G09,solar,40.716
2026-03-10 08:00,10,0,8,G10,eolica,85.597
2026-03-10 09:00,10,0,9,G01,hidro,102.909
2026-03-10 09:00,10,0,9,G02,hidro,100.069
2026-03-10 09:00,10,0,9,G03,hidro,206.852
2026-03-10 09:00,10,0,9,G04,hidro,252.153
2026-03-10 09:00,10,0,9,G05,hidro,255.942
2026-03-10 09:00,10,0,9,G06,termo,158.511
2026-03-10 09:00,10,0,9,G07,termo,172.488
2026-03-10 09:00,10,0,9,G08,solar,112.287
2026-03-10 09:00,10,0,9,G09,solar,122.853
2026-03-10 09:00,10,0,9,G10,eolica,85.992
2026-03-10 10:00,10,0,10,G01,hidro,86.284
2026-03-10 10:00,10,0,10,G02,hidro,85.716
2026-03-10 10:00,10,0,10,G03,hidro,219.971
2026-03-10 10:00,10,0,10,G04,hidro,230.416
2026-03-10 10:00,10,0,10,G05,hidro,252.601
2026-03-10 10:00,10,0,10,G06,termo,139.521
2026-03-10 10:00,10,0,10,G07,termo,152.721
2026-03-10 10:00,10,0,10,G08,solar,127.026
2026-03-10 10:00,10,0,10,G09,solar,119.517
2026-03-10 10:00,10,0,10,G10,eolica,79.32
2026-03-10 11:00,10,0,11,G01,hidro,84.14
2026-03-10 11:00,10,0,11,G02,hidro,94.617
2026-03-10 11:00,10,0,11,G03,hidro,200.84
2026-03-10 11:00,10,0,11,G04,hidro,289.768
2026-03-10 11:00,10,0,11,G05,hidro,283.058
2026-03-10 11:00,10,0,11,G06,termo,154.394
2026-03-10 11:00,10,0,11,G07,termo,149.459
2026-03-10 11:00,10,0,11,G08,solar,114.337
2026-03-10 11:00,10,0,11,G09,solar,115.604
2026-03-10 11:00,10,0,11,G10,eolica,64.801
2026-03-10 12:00,10,0,12,G01,hidro,102.166
2026-03-10 12:00,10,0,12,G02,hidro,81.913
2026-03-10 12:00,10,0,12,G03,hidro,190.45
2026-03-10 12:00,10,0,12,G04,hidro,231.659
2026-03-10 12:00,10,0,12,G05,hidro,235.349
2026-03-10 12:00,10,0,12,G06,termo,175.664
2026-03-10 12:00,10,0,12,G07,termo,173.372
2026-03-10 12:00,10,0,12,G08,solar,129.889
2026-03-10 12:00,10,0,12,G09,solar,137.801
2026-03-10 12:00,10,0,12,G10,eolica,55.445
2026-03-10 13:00,10,0,13,G01,hidro,97.856
2026-03-10 13:00,10,0,13,G02,hidro,92.99
2026-03-10 13:00,10,0,13,G03,hidro,184.98
2026-03-10 13:00,10,0,13,G04,hidro,241.769
2026-03-10 13:00,10,0,13,G05,hidro,274.056
2026-03-10 13:00,10,0,13,G06,termo,151.234
2026-03-10 13:00,10,0,13,G07,termo,150.234
2026-03-10 13:00,10,0,13,G08,solar,142.286
2026-03-10 13:00,10,0,13,G09,solar,129.276
2026-03-10 13:00,10,0,13,G10,eolica,53.284
2026-03-10 14:00,10,0,14,G01,hidro,90.425
2026-03-10 14:00,10,0,14,G02,hidro,104.228
2026-03-10 14:00,10,0,14,G03,hidro,211.363
2026-03-10 14:00,10,0,14,G04,hidro,283.544
2026-03-10 14:00,10,0,14,G05,hidro,247.613
2026-03-10 14:00,10,0,14,G06,termo,168.584
2026-03-10 14:00,10,0,14,G07,termo,175.629
2026-03-10 14:00,10,0,14,G08,solar,145.677
2026-03-10 14:00,10,0,14,G09,solar,141.179
2026-03-10 14:00,10,0,14,G10,eolica,44.521
2026-03-10 15:00,10,0,15,G01,hidro,97.653
2026-03-10 15:00,10,0,15,G02,hidro,96.954
2026-03-10 15:00,10,0,15,G03,hidro,180.349
2026-03-10 15:00,10,0,15,G04,hidro,290.171
2026-03-10 15:00,10,0,15,G05,hidro,273.859
2026-03-10 15:00,10,0,15,G06,termo,147.282
2026-03-10 15:00,10,0,15,G07,termo,141.289
2026-03-10 15:00,10,0,15,G08,solar,138.007
2026-03-10 15:00,10,0,15,G09,solar,138.783
2026-03-10 15:00,10,0,15,G10,eolica,43.258
2026-03-10 16:00,10,0,16,G01,hidro,82.812
2026-03-10 16:00,10,0,16,G02,hidro,95.367
2026-03-10 16:00,10,0,16,G03,hidro,193.965
2026-03-10 16:00,10,0,16,G04,hidro,255.846
2026-03-10 16:00,10,0,16,G05,hidro,268.756
2026-03-10 16:00,10,0,16,G06,termo,148.849
2026-03-10 16:00,10,0,16,G07,termo,142.794
2026-03-10 16:00,10,0,16,G08,solar,71.738
2026-03-10 16:00,10,0,16,G09,solar,74.047
2026-03-10 16:00,10,0,16,G10,eolica,34.257
2026-03-10 17:00,10,0,17,G01,hidro,89.202
2026-03-10 17:00,10,0,17,G02,hidro,86.523
2026-03-10 17:00,10,0,17,G03,hidro,195.736
2026-03-10 17:00,10,0,17,G04,hidro,239.238
2026-03-10 17:00,10,0,17,G05,hidro,291.68
2026-03-10 17:00,10,0,17,G06,termo,159.135
2026-03-10 17:00,10,0,17,G07,termo,158.627
2026-03-10 17:00,10,0,17,G08,solar,76.946
2026-03-10 17:00,10,0,17,G09,solar,70.7
2026-03-10 17:00,10,0,17,G10,eolica,31.285
2026-03-10 18:00,10,0,18,G01,hidro,90.589
2026-03-10 18:00,10,0,18,G02,hidro,85.526
2026-03-10 18:00,10,0,18,G03,hidro,191.697
2026-03-10 18:00,10,0,18,G04,hidro,236.458
2026-03-10 18:00,10,0,18,G05,hidro,272.584
2026-03-10 18:00,10,0,18,G06,termo,153.477
2026-03-10 18:00,10,0,18,G07,termo,172.303
2026-03-10 18:00,10,0,18,G08,solar,14.925
2026-03-10 18:00,10,0,18,G09,solar,13.646
2026-03-10 18:00,10,0,18,G10,eolica,34.984
2026-03-10 19:00,10,0,19,G01,hidro,79.602
2026-03-10 19:00,10,0,19,G02,hidro,89.821
2026-03-10 19:00,10,0,19,G03,hidro,169.471
2026-03-10 19:00,10,0,19,G04,hidro,216.976
2026-03-10 19:00,10,0,19,G05,hidro,238.176
2026-03-10 19:00,10,0,19,G06,termo,160.586
2026-03-10 19:00,10,0,19,G07,termo,130.634
2026-03-10 19:00,10,0,19,G08,solar,14.99
2026-03-10 19:00,10,0,19,G09,solar,14.561
2026-03-10 19:00,10,0,19,G10,eolica,31.104
2026-03-10 20:00,10,0,20,G01,hidro,94.425
2026-03-10 20:00,10,0,20,G02,hidro,82.398
2026-03-10 20:00,10,0,20,G03,hidro,208.896
2026-03-10 20:00,10,0,20,G04,hidro,256.11
2026-03-10 20:00,10,0,20,G05,hidro,245.018
2026-03-10 20:00,10,0,20,G06,termo,127.526
2026-03-10 20:00,10,0,20,G07,termo,148.26
2026-03-10 20:00,10,0,20,G08,solar,0.0
2026-03-10 20:00,10,0,20,G09,solar,0.0
2026-03-10 20:00,10,0,20,G10,eolica,39.942
2026-03-10 21:00,10,0,21,G01,hidro,78.235
2026-03-10 21:00,10,0,21,G02,hidro,81.622
2026-03-10 21:00,10,0,21,G03,hidro,184.12
2026-03-10 21:00,10,0,21,G04,hidro,261.418
2026-03-10 21:00,10,0,21,G05,hidro,224.385
2026-03-10 21:00,10,0,21,G06,termo,156.565
2026-03-10 21:00,10,0,21,G07,termo,153.413
2026-03-10 21:00,10,0,21,G08,solar,0.0
2026-03-10 21:00,10,0,21,G09,solar,0.0
2026-03-10 21:00,10,0,21,G10,eolica,39.631
2026-03-10 22:00,10,0,22,G01,hidro,74.381
2026-03-10 22:00,10,0,22,G02,hidro,83.637
2026-03-10 22:00,10,0,22,G03,hidro,189.654
2026-03-10 22:00,10,0,22,G04,hidro,263.321
2026-03-10 22:00,10,0,22,G05,hidro,262.542
2026-03-10 22:00,10,0,22,G06,termo,153.065
2026-03-10 22:00,10,0,22,G07,termo,134.001
2026-03-10 22:00,10,0,22,G08,solar,0.0
2026-03-10 22:00,10,0,22,G09,solar,0.0
2026-03-10 22:00,10,0,22,G10,eolica,44.641
2026-03-10 23:00,10,0,23,G01,hidro,68.989
2026-03-10 23:00,10,0,23,G02,hidro,65.181
2026-03-10 23:00,10,0,23,G03,hidro,132.125
2026-03-10 23:00,10,0,23,G04,hidro,184.004
2026-03-10 23:00,10,0,23,G05,hidro,180.921
2026-03-10 23:00,10,0,23,G06,termo,105.735
2026-03-10 23:00,10,0,23,G07,termo,95.958
2026-03-10 23:00,10,0,23,G08,solar,0.0
2026-03-10 23:00,10,0,23,G09,solar,0.0
2026-03-10 23:00,10,0,23,G10,eolica,52.326
2026-03-11 00:00,10,1,0,G01,hidro,53.324
2026-03-11 00:00,10,1,0,G02,hidro,59.938
2026-03-11 00:00,10,1,0,G03,hidro,136.202
2026-03-11 00:00,10,1,0,G04,hidro,176.384
2026-03-11 00:00,10,1,0,G05,hidro,174.767
2026-03-11 00:00,10,1,0,G06,termo,106.338
2026-03-11 00:00,10,1,0,G07,termo,110.023
2026-03-11 00:00,10,1,0,G08,solar,0.0
2026-03-11 00:00,10,1,0,G09,solar,0.0
2026-03-11 00:00,10,1,0,G10,eolica,57.797
2026-03-11 01:00,10,1,1,G01,hidro,57.194
2026-03-11 01:00,10,1,1,G02,hidro,59.194
2026-03-11 01:00,10,1,1,G03,hidro,135.365
2026-03-11 01:00,10,1,1,G04,hidro,152.304
2026-03-11 01:00,10,1,1,G05,hidro,143.15
2026-03-11 01:00,10,1,1,G06,termo,104.609
2026-03-11 01:00,10,1,1,G07,termo,87.306
2026-03-11 01:00,10,1,1,G08,solar,0.0
2026-03-11 01:00,10,1,1,G09,solar,0.0
2026-03-11 01:00,10,1,1,G10,eolica,64.428
2026-03-11 02:00,10,1,2,G01,hidro,58.408
2026-03-11 02:00,10,1,2,G02,hidro,60.614
2026-03-11 02:00,10,1,2,G03,hidro,135.959
2026-03-11 02:00,10,1,2,G04,hidro,158.582
2026-03-11 02:00,10,1,2,G05,hidro,181.977
2026-03-11 02:00,10,1,2,G06,termo,92.898
2026-03-11 02:00,10,1,2,G07,termo,86.678
2026-03-11 02:00,10,1,2,G08,solar,0.0
2026-03-11 02:00,10,1,2,G09,solar,0.0
2026-03-11 02:00,10,1,2,G10,eolica,65.763
2026-03-11 03:00,10,1,3,G01,hidro,61.88
2026-03-11 03:00,10,1,3,G02,hidro,57.742
2026-03-11 03:00,10,1,3,G03,hidro,139.877
2026-03-11 03:00,10,1,3,G04,hidro,156.674
2026-03-11 03:00,10,1,3,G05,hidro,168.907
2026-03-11 03:00,10,1,3,G06,termo,100.364
2026-03-11 03:00,10,1,3,G07,termo,92.618
2026-03-11 03:00,10,1,3,G08,solar,0.0
2026-03-11 03:00,10,1,3,G09,solar,0.0
2026-03-11 03:00,10,1,3,G10,eolica,82.01
2026-03-11 04:00,10,1,4,G01,hidro,60.605
2026-03-11 04:00,10,1,4,G02,hidro,59.416
2026-03-11 04:00,10,1,4,G03,hidro,125.946
2026-03-11 04:00,10,1,4,G04,hidro,151.819
2026-03-11 04:00,10,1,4,G05,hidro,158.986
2026-03-11 04:00,10,1,4,G06,termo,105.346
2026-03-11 04:00,10,1,4,G07,termo,91.634
2026-03-11 04:00,10,1,4,G08,solar,0.0
2026-03-11 04:00,10,1,4,G09,solar,0.0
2026-03-11 04:00,10,1,4,G10,eolica,84.617
2026-03-11 05:00,10,1,5,G01,hidro,54.946
2026-03-11 05:00,10,1,5,G02,hidro,59.098
2026-03-11 05:00,10,1,5,G03,hidro,137.11
2026-03-11 05:00,10,1,5,G04,hidro,174.809
2026-03-11 05:00,10,1,5,G05,hidro,175.498
2026-03-11 05:00,10,1,5,G06,termo,91.476
2026-03-11 05:00,10,1,5,G07,termo,99.7
2026-03-11 05:00,10,1,5,G08,solar,0.0
2026-03-11 05:00,10,1,5,G09,solar,0.0
2026-03-11 05:00,10,1,5,G10,eolica,79.556
2026-03-11 06:00,10,1,6,G01,hidro,57.06
2026-03-11 06:00,10,1,6,G02,hidro,55.885
2026-03-11 06:00,10,1,6,G03,hidro,135.004
2026-03-11 06:00,10,1,6,G04,hidro,150.526
2026-03-11 06:00,10,1,6,G05,hidro,174.359
2026-03-11 06:00,10,1,6,G06,termo,110.051
2026-03-11 06:00,10,1,6,G07,termo,90.462
2026-03-11 06:00,10,1,6,G08,solar,0.0
2026-03-11 06:00,10,1,6,G09,solar,0.0
2026-03-11 06:00,10,1,6,G10,eolica,95.615
2026-03-11 07:00,10,1,7,G01,hidro,93.369
2026-03-11 07:00,10,1,7,G02,hidro,93.604
2026-03-11 07:00,10,1,7,G03,hidro,202.057
2026-03-11 07:00,10,1,7,G04,hidro,245.049
2026-03-11 07:00,10,1,7,G05,hidro,247.909
2026-03-11 07:00,10,1,7,G06,termo,140.41
2026-03-11 07:00,10,1,7,G07,termo,139.349
2026-03-11 07:00,10,1,7,G08,solar,41.337
2026-03-11 07:00,10,1,7,G09,solar,42.983
2026-03-11 07:00,10,1,7,G10,eolica,89.214
2026-03-11 08:00,10,1,8,G01,hidro,99.881
2026-03-11 08:00,10,1,8,G02,hidro,102.273
2026-03-11 08:00,10,1,8,G03,hidro,223.624
2026-03-11 08:00,10,1,8,G04,hidro,262.597
2026-03-11 08:00,10,1,8,G05,hidro,241.291
2026-03-11 08:00,10,1,8,G06,termo,153.499
2026-03-11 08:00,10,1,8,G07,termo,154.181
2026-03-11 08:00,10,1,8,G08,solar,44.782
2026-03-11 08:00,10,1,8,G09,solar,39.802
2026-03-11 08:00,10,1,8,G10,eolica,91.733
2026-03-11 09:00,10,1,9,G01,hidro,93.864
2026-03-11 09:00,10,1,9,G02,hidro,99.265
2026-03-11 09:00,10,1,9,G03,hidro,183.672
2026-03-11 09:00,10,1,9,G04,hidro,284.462
2026-03-11 09:00,10,1,9,G05,hidro,267.379
2026-03-11 09:00,10,1,9,G06,termo,165.686
2026-03-11 09:00,10,1,9,G07,termo,156.558
2026-03-11 09:00,10,1,9,G08,solar,120.498
2026-03-11 09:00,10,1,9,G09,solar,125.69
2026-03-11 09:00,10,1,9,G10,eolica,72.708
2026-03-11 10:00,10,1,10,G01,hidro,93.544
2026-03-11 10:00,10,1,10,G02,hidro,97.743
2026-03-11 10:00,10,1,10,G03,hidro,228.753
2026-03-11 10:00,10,1,10,G04,hidro,238.538
2026-03-11 10:00,10,1,10,G05,hidro,292.131
2026-03-11 10:00,10,1,10,G06,termo,159.312
2026-03-11 10:00,10,1,10,G07,termo,155.12
2026-03-11 10:00,10,1,10,G08,solar,111.132
2026-03-11 10:00,10,1,10,G09,solar,118.471
2026-03-11 10:00,10,1,10,G10,eolica,69.804
2026-03-11 11:00,10,1,11,G01,hidro,88.073
2026-03-11 11:00,10,1,11,G02,hidro,100.334
2026-03-11 11:00,10,1,11,G03,hidro,226.978
2026-03-11 11:00,10,1,11,G04,hidro,281.308
2026-03-11 11:00,10,1,11,G05,hidro,244.383
2026-03-11 11:00,10,1,11,G06,termo,145.671
2026-03-11 11:00,10,1,11,G07,termo,150.343
2026-03-11 11:00,10,1,11,G08,solar,126.305
2026-03-11 11:00,10,1,11,G09,solar,123.078
2026-03-11 11:00,10,1,11,G10,eolica,67.452
2026-03-11 12:00,10,1,12,G01,hidro,88.156
2026-03-11 12:00,10,1,12,G02,hidro,82.169
2026-03-11 12:00,10,1,12,G03,hidro,228.813
2026-03-11 12:00,10,1,12,G04,hidro,272.307
2026-03-11 12:00,10,1,12,G05,hidro,287.708
2026-03-11 12:00,10,1,12,G06,termo,160.536
2026-03-11 12:00,10,1,12,G07,termo,177.284
2026-03-11 12:00,10,1,12,G08,solar,139.595
2026-03-11 12:00,10,1,12,G09,solar,136.744
2026-03-11 12:00,10,1,12,G10,eolica,59.911
2026-03-11 13:00,10,1,13,G01,hidro,88.349
2026-03-11 13:00,10,1,13,G02,hidro,91.353
2026-03-11 13:00,10,1,13,G03,hidro,230.404
2026-03-11 13:00,10,1,13,G04,hidro,258.226
2026-03-11 13:00,10,1,13,G05,hidro,284.586
2026-03-11 13:00,10,1,13,G06,termo,175.672
2026-03-11 13:00,10,1,13,G07,termo,156.921
2026-03-11 13:00,10,1,13,G08,solar,133.516
2026-03-11 13:00,10,1,13,G09,solar,146.763
2026-03-11 13:00,10,1,13,G10,eolica,49.764
2026-03-11 14:00,10,1,14,G01,hidro,89.348
2026-03-11 14:00,10,1,14,G02,hidro,82.501
2026-03-11 14:00,10,1,14,G03,hidro,229.511
2026-03-11 14:00,10,1,14,G04,hidro,238.327
2026-03-11 14:00,10,1,14,G05,hidro,257.871
2026-03-11 14:00,10,1,14,G06,termo,166.425
2026-03-11 14:00,10,1,14,G07,termo,164.692
2026-03-11 14:00,10,1,14,G08,solar,131.99
2026-03-11 14:00,10,1,14,G09,solar,136.281
2026-03-11 14:00,10,1,14,G10,eolica,49.722
2026-03-11 15:00,10,1,15,G01,hidro,90.729
2026-03-11 15:00,10,1,15,G02,hidro,101.007
2026-03-11 15:00,10,1,15,G03,hidro,205.977
2026-03-11 15:00,10,1,15,G04,hidro,260.163
2026-03-11 15:00,10,1,15,G05,hidro,292.306
2026-03-11 15:00,10,1,15,G06,termo,140.545
2026-03-11 15:00,10,1,15,G07,termo,145.916
2026-03-11 15:00,10,1,15,G08,solar,128.426
2026-03-11 15:00,10,1,15,G09,solar,141.431
2026-03-11 15:00,10,1,15,G10,eolica,40.084
2026-03-11 16:00,10,1,16,G01,hidro,103.221
2026-03-11 16:00,10,1,16,G02,hidro,85.982
2026-03-11 16:00,10,1,16,G03,hidro,203.908
2026-03-11 16:00,10,1,16,G04,hidro,277.673
2026-03-11 16:00,10,1,16,G05,hidro,269.718
2026-03-11 16:00,10,1,16,G06,termo,163.821
2026-03-11 16:00,10,1,16,G07,termo,155.202
2026-03-11 16:00,10,1,16,G08,solar,70.578
2026-03-11 16:00,10,1,16,G09,solar,80.422
2026-03-11 16:00,10,1,16,G10,eolica,35.017
2026-03-11 17:00,10,1,17,G01,hidro,96.291
2026-03-11 17:00,10,1,17,G02,hidro,101.04
2026-03-11 17:00,10,1,17,G03,hidro,197.949
2026-03-11 17:00,10,1,17,G04,hidro,278.165
2026-03-11 17:00,10,1,17,G05,hidro,247.889
2026-03-11 17:00,10,1,17,G06,termo,178.202
2026-03-11 17:00,10,1,17,G07,termo,166.187
2026-03-11 17:00,10,1,17,G08,solar,81.508
2026-03-11 17:00,10,1,17,G09,solar,76.266
2026-03-11 17:00,10,1,17,G10,eolica,31.702
2026-03-11 18:00,10,1,18,G01,hidro,98.494
2026-03-11 18:00,10,1,18,G02,hidro,91.034
2026-03-11 18:00,10,1,18,G03,hidro,197.005
2026-03-11 18:00,10,1,18,G04,hidro,237.649
2026-03-11 18:00,10,1,18,G05,hidro,247.292
2026-03-11 18:00,10,1,18,G06,termo,169.43
2026-03-11 18:00,10,1,18,G07,termo,155.243
2026-03-11 18:00,10,1,18,G08,solar,13.531
2026-03-11 18:00,10,1,18,G09,solar,13.036
2026-03-11 18:00,10,1,18,G10,eolica,35.857
2026-03-11 19:00,10,1,19,G01,hidro,77.445
2026-03-11 19:00,10,1,19,G02,hidro,74.38
2026-03-11 19:00,10,1,19,G03,hidro,166.077
2026-03-11 19:00,10,1,19,G04,hidro,257.279
2026-03-11 19:00,10,1,19,G05,hidro,258.527
2026-03-11 19:00,10,1,19,G06,termo,126.248
2026-03-11 19:00,10,1,19,G07,termo,147.626
2026-03-11 19:00,10,1,19,G08,solar,13.874
2026-03-11 19:00,10,1,19,G09,solar,13.931
2026-03-11 19:00,10,1,19,G10,eolica,35.773
2026-03-11 20:00,10,1,20,G01,hidro,88.226
2026-03-11 20:00,10,1,20,G02,hidro,89.621
2026-03-11 20:00,10,1,20,G03,hidro,178.898
2026-03-11 20:00,10,1,20,G04,hidro,264.019
2026-03-11 20:00,10,1,20,G05,hidro,257.552
2026-03-11 20:00,10,1,20,G06,termo,140.265
2026-03-11 20:00,10,1,20,G07,termo,161.172
2026-03-11 20:00,10,1,20,G08,solar,0.0
2026-03-11 20:00,10,1,20,G09,solar,0.0
2026-03-11 20:00,10,1,20,G10,eolica,35.21
2026-03-11 21:00,10,1,21,G01,hidro,85.944
2026-03-11 21:00,10,1,21,G02,hidro,89.373
2026-03-11 21:00,10,1,21,G03,hidro,185.493
2026-03-11 21:00,10,1,21,G04,hidro,245.957
2026-03-11 21:00,10,1,21,G05,hidro,220.401
2026-03-11 21:00,10,1,21,G06,termo,131.698
2026-03-11 21:00,10,1,21,G07,termo,141.965
2026-03-11 21:00,10,1,21,G08,solar,0.0
2026-03-11 21:00,10,1,21,G09,solar,0.0
2026-03-11 21:00,10,1,21,G10,eolica,38.862
2026-03-11 22:00,10,1,22,G01,hidro,85.083
2026-03-11 22:00,10,1,22,G02,hidro,85.425
2026-03-11 22:00,10,1,22,G03,hidro,183.652
2026-03-11 22:00,10,1,22,G04,hidro,213.716
2026-03-11 22:00,10,1,22,G05,hidro,249.782
2026-03-11 22:00,10,1,22,G06,termo,135.698
2026-03-11 22:00,10,1,22,G07,termo,159.764
2026-03-11 22:00,10,1,22,G08,solar,0.0
2026-03-11 22:00,10,1,22,G09,solar,0.0
2026-03-11 22:00,10,1,22,G10,eolica,44.754
2026-03-11 23:00,10,1,23,G01,hidro,67.989
2026-03-11 23:00,10,1,23,G02,hidro,69.87
2026-03-11 23:00,10,1,23,G03,hidro,141.386
2026-03-11 23:00,10,1,23,G04,hidro,167.149
2026-03-11 23:00,10,1,23,G05,hidro,178.65
2026-03-11 23:00,10,1,23,G06,termo,106.971
2026-03-11 23:00,10,1,23,G07,termo,108.422
2026-03-11 23:00,10,1,23,G08,solar,0.0
2026-03-11 23:00,10,1,23,G09,solar,0.0
2026-03-11 23:00,10,1,23,G10,eolica,46.942
2026-03-12 00:00,10,2,0,G01,hidro,59.764
2026-03-12 00:00,10,2,0,G02,hidro,58.396
2026-03-12 00:00,10,2,0,G03,hidro,119.854
2026-03-12 00:00,10,2,0,G04,hidro,153.587
2026-03-12 00:00,10,2,0,G05,hidro,162.716
2026-03-12 00:00,10,2,0,G06,termo,99.365
2026-03-12 00:00,10,2,0,G07,termo,96.289
2026-03-12 00:00,10,2,0,G08,solar,0.0
2026-03-12 00:00,10,2,0,G09,solar,0.0
2026-03-12 00:00,10,2,0,G10,eolica,63.547
2026-03-12 01:00,10,2,1,G01,hidro,59.28
2026-03-12 01:00,10,2,1,G02,hidro,63.572
2026-03-12 01:00,10,2,1,G03,hidro,116.597
2026-03-12 01:00,10,2,1,G04,hidro,164.781
2026-03-12 01:00,10,2,1,G05,hidro,144.209
2026-03-12 01:00,10,2,1,G06,termo,90.198
2026-03-12 01:00,10,2,1,G07,termo,104.763
2026-03-12 01:00,10,2,1,G08,solar,0.0
2026-03-12 01:00,10,2,1,G09,solar,0.0
2026-03-12 01:00,10,2,1,G10,eolica,69.059
2026-03-12 02:00,10,2,2,G01,hidro,53.051
2026-03-12 02:00,10,2,2,G02,hidro,61.613
2026-03-12 02:00,10,2,2,G03,hidro,137.941
2026-03-12 02:00,10,2,2,G04,hidro,146.713
2026-03-12 02:00,10,2,2,G05,hidro,156.735
2026-03-12 02:00,10,2,2,G06,termo,97.567
2026-03-12 02:00,10,2,2,G07,termo,104.76
2026-03-12 02:00,10,2,2,G08,solar,0.0
2026-03-12 02:00,10,2,2,G09,solar,0.0
2026-03-12 02:00,10,2,2,G10,eolica,71.008
2026-03-12 03:00,10,2,3,G01,hidro,58.746
2026-03-12 03:00,10,2,3,G02,hidro,59.37
2026-03-12 03:00,10,2,3,G03,hidro,136.18
2026-03-12 03:00,10,2,3,G04,hidro,172.177
2026-03-12 03:00,10,2,3,G05,hidro,181.164
2026-03-12 03:00,10,2,3,G06,termo,108.236
2026-03-12 03:00,10,2,3,G07,termo,96.44
2026-03-12 03:00,10,2,3,G08,solar,0.0
2026-03-12 03:00,10,2,3,G09,solar,0.0
2026-03-12 03:00,10,2,3,G10,eolica,76.966
2026-03-12 04:00,10,2,4,G01,hidro,54.21
2026-03-12 04:00,10,2,4,G02,hidro,56.536
2026-03-12 04:00,10,2,4,G03,hidro,129.392
2026-03-12 04:00,10,2,4,G04,hidro,174.676
2026-03-12 04:00,10,2,4,G05,hidro,172.259
2026-03-12 04:00,10,2,4,G06,termo,105.983
2026-03-12 04:00,10,2,4,G07,termo,96.108
2026-03-12 04:00,10,2,4,G08,solar,0.0
2026-03-12 04:00,10,2,4,G09,solar,0.0
2026-03-12 04:00,10,2,4,G10,eolica,84.861
2026-03-12 05:00,10,2,5,G01,hidro,60.258
2026-03-12 05:00,10,2,5,G02,hidro,51.302
2026-03-12 05:00,10,2,5,G03,hidro,137.758
2026-03-12 05:00,10,2,5,G04,hidro,181.365
2026-03-12 05:00,10,2,5,G05,hidro,174.893
2026-03-12 05:00,10,2,5,G06,termo,92.497
2026-03-12 05:00,10,2,5,G07,termo,87.026
2026-03-12 05:00,10,2,5,G08,solar,0.0
2026-03-12 05:00,10,2,5,G09,solar,0.0
2026-03-12 05:00,10,2,5,G10,eolica,84.089
2026-03-12 06:00,10,2,6,G01,hidro,57.227
2026-03-12 06:00,10,2,6,G02,hidro,61.486
2026-03-12 06:00,10,2,6,G03,hidro,139.038
2026-03-12 06:00,10,2,6,G04,hidro,144.118
2026-03-12 06:00,10,2,6,G05,hidro,148.135
2026-03-12 06:00,10,2,6,G06,termo,94.33
2026-03-12 06:00,10,2,6,G07,termo,103.977
2026-03-12 06:00,10,2,6,G08,solar,0.0
2026-03-12 06:00,10,2,6,G09,solar,0.0
2026-03-12 06:00,10,2,6,G10,eolica,89.102
2026-03-12 07:00,10,2,7,G01,hidro,82.431
2026-03-12 07:00,10,2,7,G02,hidro,89.702
2026-03-12 07:00,10,2,7,G03,hidro,187.096
2026-03-12 07:00,10,2,7,G04,hidro,230.623
2026-03-12 07:00,10,2,7,G05,hidro,255.424
2026-03-12 07:00,10,2,7,G06,termo,145.58
2026-03-12 07:00,10,2,7,G07,termo,169.058
2026-03-12 07:00,10,2,7,G08,solar,44.553
2026-03-12 07:00,10,2,7,G09,solar,41.731
2026-03-12 07:00,10,2,7,G10,eolica,88.627
2026-03-12 08:00,10,2,8,G01,hidro,102.861
2026-03-12 08:00,10,2,8,G02,hidro,103.946
2026-03-12 08:00,10,2,8,G03,hidro,226.928
2026-03-12 08:00,10,2,8,G04,hidro,293.364
2026-03-12 08:00,10,2,8,G05,hidro,239.405
2026-03-12 08:00,10,2,8,G06,termo,162.599
2026-03-12 08:00,10,2,8,G07,termo,165.296
2026-03-12 08:00,10,2,8,G08,solar,43.081
2026-03-12 08:00,10,2,8,G09,solar,42.962
2026-03-12 08:00,10,2,8,G10,eolica,79.525
2026-03-12 09:00,10,2,9,G01,hidro,87.572
2026-03-12 09:00,10,2,9,G02,hidro,95.476
2026-03-12 09:00,10,2,9,G03,hidro,203.279
2026-03-12 09:00,10,2,9,G04,hidro,269.09
2026-03-12 09:00,10,2,9,G05,hidro,260.882
2026-03-12 09:00,10,2,9,G06,termo,139.769
2026-03-12 09:00,10,2,9,G07,termo,146.61
2026-03-12 09:00,10,2,9,G08,solar,121.466
2026-03-12 09:00,10,2,9,G09,solar,121.202
2026-03-12 09:00,10,2,9,G10,eolica,86.605
2026-03-12 10:00,10,2,10,G01,hidro,89.315
2026-03-12 10:00,10,2,10,G02,hidro,96.737
2026-03-12 10:00,10,2,10,G03,hidro,210.529
2026-03-12 10:00,10,2,10,G04,hidro,230.89
2026-03-12 10:00,10,2,10,G05,hidro,280.548
2026-03-12 10:00,10,2,10,G06,termo,167.414
2026-03-12 10:00,10,2,10,G07,termo,153.097
2026-03-12 10:00,10,2,10,G08,solar,112.51
2026-03-12 10:00,10,2,10,G09,solar,126.317
2026-03-12 10:00,10,2,10,G10,eolica,68.088
2026-03-12 11:00,10,2,11,G01,hidro,84.15
2026-03-12 11:00,10,2,11,G02,hidro,89.555
2026-03-12 11:00,10,2,11,G03,hidro,212.471
2026-03-12 11:00,10,2,11,G04,hidro,285.669
2026-03-12 11:00,10,2,11,G05,hidro,244.796
2026-03-12 11:00,10,2,11,G06,termo,147.39
2026-03-12 11:00,10,2,11,G07,termo,177.156
2026-03-12 11:00,10,2,11,G08,solar,118.331
2026-03-12 11:00,10,2,11,G09,solar,108.522
2026-03-12 11:00,10,2,11,G10,eolica,70.258
2026-03-12 12:00,10,2,12,G01,hidro,87.001
2026-03-12 12:00,10,2,12,G02,hidro,88.617
2026-03-12 12:00,10,2,12,G03,hidro,203.917
2026-03-12 12:00,10,2,12,G04,hidro,275.653
2026-03-12 12:00,10,2,12,G05,hidro,256.452
2026-03-12 12:00,10,2,12,G06,termo,141.659
2026-03-12 12:00,10,2,12,G07,termo,145.665
2026-03-12 12:00,10,2,12,G08,solar,142.353
2026-03-12 12:00,10,2,12,G09,solar,142.853
2026-03-12 12:00,10,2,12,G10,eolica,58.378
2026-03-12 13:00,10,2,13,G01,hidro,101.251
2026-03-12 13:00,10,2,13,G02,hidro,103.975
2026-03-12 13:00,10,2,13,G03,hidro,183.831
2026-03-12 13:00,10,2,13,G04,hidro,268.327
2026-03-12 13:00,10,2,13,G05,hidro,272.348
2026-03-12 13:00,10,2,13,G06,termo,159.65
2026-03-12 13:00,10,2,13,G07,termo,156.183
2026-03-12 13:00,10,2,13,G08,solar,140.286
2026-03-12 13:00,10,2,13,G09,solar,145.727
2026-03-12 13:00,10,2,13,G10,eolica,48.411
2026-03-12 14:00,10,2,14,G01,hidro,87.788
2026-03-12 14:00,10,2,14,G02,hidro,81.98
2026-03-12 14:00,10,2,14,G03,hidro,227.349
2026-03-12 14:00,10,2,14,G04,hidro,264.793
2026-03-12 14:00,10,2,14,G05,hidro,282.326
2026-03-12 14:00,10,2,14,G06,termo,147.367
2026-03-12 14:00,10,2,14,G07,termo,143.746
2026-03-12 14:00,10,2,14,G08,solar,144.15
2026-03-12 14:00,10,2,14,G09,solar,149.982
2026-03-12 14:00,10,2,14,G10,eolica,40.962
2026-03-12 15:00,10,2,15,G01,hidro,89.452
2026-03-12 15:00,10,2,15,G02,hidro,87.362
2026-03-12 15:00,10,2,15,G03,hidro,213.131
2026-03-12 15:00,10,2,15,G04,hidro,290.976
2026-03-12 15:00,10,2,15,G05,hidro,279.995
2026-03-12 15:00,10,2,15,G06,termo,167.864
2026-03-12 15:00,10,2,15,G07,termo,156.433
2026-03-12 15:00,10,2,15,G08,solar,130.738
2026-03-12 15:00,10,2,15,G09,solar,137.271
2026-03-12 15:00,10,2,15,G10,eolica,36.385
2026-03-12 16:00,10,2,16,G01,hidro,98.531
2026-03-12 16:00,10,2,16,G02,hidro,82.551
2026-03-12 16:00,10,2,16,G03,hidro,218.177
2026-03-12 16:00,10,2,16,G04,hidro,273.082
2026-03-12 16:00,10,2,16,G05,hidro,293.172
2026-03-12 16:00,10,2,16,G06,termo,143.46
2026-03-12 16:00,10,2,16,G07,termo,161.632
2026-03-12 16:00,10,2,16,G08,solar,79.647
2026-03-12 16:00,10,2,16,G09,solar,78.867
2026-03-12 16:00,10,2,16,G10,eolica,37.035
2026-03-12 17:00,10,2,17,G01,hidro,83.092
2026-03-12 17:00,10,2,17,G02,hidro,100.687
2026-03-12 17:00,10,2,17,G03,hidro,222.129
2026-03-12 17:00,10,2,17,G04,hidro,235.205
2026-03-12 17:00,10,2,17,G05,hidro,245.838
2026-03-12 17:00,10,2,17,G06,termo,158.127
2026-03-12 17:00,10,2,17,G07,termo,155.718
2026-03-12 17:00,10,2,17,G08,solar,70.833
2026-03-12 17:00,10,2,17,G09,solar,74.01
2026-03-12 17:00,10,2,17,G10,eolica,35.582
2026-03-12 18:00,10,2,18,G01,hidro,87.76
2026-03-12 18:00,10,2,18,G02,hidro,83.654
2026-03-12 18:00,10,2,18,G03,hidro,182.162
2026-03-12 18:00,10,2,18,G04,hidro,282.367
2026-03-12 18:00,10,2,18,G05,hidro,247.828
2026-03-12 18:00,10,2,18,G06,termo,148.073
2026-03-12 18:00,10,2,18,G07,termo,175.008
2026-03-12 18:00,10,2,18,G08,solar,14.305
2026-03-12 18:00,10,2,18,G09,solar,14.636
2026-03-12 18:00,10,2,18,G10,eolica,31.978
2026-03-12 19:00,10,2,19,G01,hidro,82.682
2026-03-12 19:00,10,2,19,G02,hidro,90.44
2026-03-12 19:00,10,2,19,G03,hidro,203.649
2026-03-12 19:00,10,2,19,G04,hidro,258.762
2026-03-12 19:00,10,2,19,G05,hidro,264.237
2026-03-12 19:00,10,2,19,G06,termo,127.108
2026-03-12 19:00,10,2,19,G07,termo,150.083
2026-03-12 19:00,10,2,19,G08,solar,13.282
2026-03-12 19:00,10,2,19,G09,solar,13.254
2026-03-12 19:00,10,2,19,G10,eolica,31.001
2026-03-12 20:00,10,2,20,G01,hidro,92.521
2026-03-12 20:00,10,2,20,G02,hidro,76.773
2026-03-12 20:00,10,2,20,G03,hidro,186.203
2026-03-12 20:00,10,2,20,G04,hidro,265.991
2026-03-12 20:00,10,2,20,G05,hidro,223.422
2026-03-12 20:00,10,2,20,G06,termo,132.818
2026-03-12 20:00,10,2,20,G07,termo,159.663
2026-03-12 20:00,10,2,20,G08,solar,0.0
2026-03-12 20:00,10,2,20,G09,solar,0.0
2026-03-12 20:00,10,2,20,G10,eolica,36.755
2026-03-12 21:00,10,2,21,G01,hidro,80.442
2026-03-12 21:00,10,2,21,G02,hidro,78.324
2026-03-12 21:00,10,2,21,G03,hidro,172.563
2026-03-12 21:00,10,2,21,G04,hidro,250.897
2026-03-12 21:00,10,2,21,G05,hidro,226.232
2026-03-12 21:00,10,2,21,G06,termo,160.817
2026-03-12 21:00,10,2,21,G07,termo,141.21
2026-03-12 21:00,10,2,21,G08,solar,0.0
2026-03-12 21:00,10,2,21,G09,solar,0.0
2026-03-12 21:00,10,2,21,G10,eolica,41.672
2026-03-12 22:00,10,2,22,G01,hidro,76.135
2026-03-12 22:00,10,2,22,G02,hidro,80.996
2026-03-12 22:00,10,2,22,G03,hidro,180.073
2026-03-12 22:00,10,2,22,G04,hidro,217.943
2026-03-12 22:00,10,2,22,G05,hidro,224.229
2026-03-12 22:00,10,2,22,G06,termo,155.451
2026-03-12 22:00,10,2,22,G07,termo,161.185
2026-03-12 22:00,10,2,22,G08,solar,0.0
2026-03-12 22:00,10,2,22,G09,solar,0.0
2026-03-12 22:00,10,2,22,G10,eolica,46.429
2026-03-12 23:00,10,2,23,G01,hidro,60.246
2026-03-12 23:00,10,2,23,G02,hidro,62.779
2026-03-12 23:00,10,2,23,G03,hidro,145.63
2026-03-12 23:00,10,2,23,G04,hidro,178.608
2026-03-12 23:00,10,2,23,G05,hidro,153.989
2026-03-12 23:00,10,2,23,G06,termo,109.165
2026-03-12 23:00,10,2,23,G07,termo,118.478
2026-03-12 23:00,10,2,23,G08,solar,0.0
2026-03-12 23:00,10,2,23,G09,solar,0.0
2026-03-12 23:00,10,2,23,G10,eolica,50.266
2026-03-13 00:00,10,3,0,G01,hidro,60.834
2026-03-13 00:00,10,3,0,G02,hidro,63.493
2026-03-13 00:00,10,3,0,G03,hidro,129.425
2026-03-13 00:00,10,3,0,G04,hidro,164.111
2026-03-13 00:00,10,3,0,G05,hidro,149.979
2026-03-13 00:00,10,3,0,G06,termo,91.082
2026-03-13 00:00,10,3,0,G07,termo,88.34
2026-03-13 00:00,10,3,0,G08,solar,0.0
2026-03-13 00:00,10,3,0,G09,solar,0.0
2026-03-13 00:00,10,3,0,G10,eolica,55.206
2026-03-13 01:00,10,3,1,G01,hidro,62.223
2026-03-13 01:00,10,3,1,G02,hidro,64.066
2026-03-13 01:00,10,3,1,G03,hidro,128.314
2026-03-13 01:00,10,3,1,G04,hidro,147.986
2026-03-13 01:00,10,3,1,G05,hidro,180.151
2026-03-13 01:00,10,3,1,G06,termo,104.921
2026-03-13 01:00,10,3,1,G07,termo,108.57
2026-03-13 01:00,10,3,1,G08,solar,0.0
2026-03-13 01:00,10,3,1,G09,solar,0.0
2026-03-13 01:00,10,3,1,G10,eolica,59.162
2026-03-13 02:00,10,3,2,G01,hidro,57.911
2026-03-13 02:00,10,3,2,G02,hidro,52.695
2026-03-13 02:00,10,3,2,G03,hidro,132.203
2026-03-13 02:00,10,3,2,G04,hidro,166.712
2026-03-13 02:00,10,3,2,G05,hidro,147.869
2026-03-13 02:00,10,3,2,G06,termo,101.331
2026-03-13 02:00,10,3,2,G07,termo,90.439
2026-03-13 02:00,10,3,2,G08,solar,0.0
2026-03-13 02:00,10,3,2,G09,solar,0.0
2026-03-13 02:00,10,3,2,G10,eolica,75.221
2026-03-13 03:00,10,3,3,G01,hidro,61.909
2026-03-13 03:00,10,3,3,G02,hidro,62.859
2026-03-13 03:00,10,3,3,G03,hidro,126.305
2026-03-13 03:00,10,3,3,G04,hidro,167.236
2026-03-13 03:00,10,3,3,G05,hidro,180.708
2026-03-13 03:00,10,3,3,G06,termo,99.485
2026-03-13 03:00,10,3,3,G07,termo,91.866
2026-03-13 03:00,10,3,3,G08,solar,0.0
2026-03-13 03:00,10,3,3,G09,solar,0.0
2026-03-13 03:00,10,3,3,G10,eolica,73.801
2026-03-13 04:00,10,3,4,G01,hidro,50.709
2026-03-13 04:00,10,3,4,G02,hidro,59.024
2026-03-13 04:00,10,3,4,G03,hidro,125.141
2026-03-13 04:00,10,3,4,G04,hidro,147.122
2026-03-13 04:00,10,3,4,G05,hidro,144.092
2026-03-13 04:00,10,3,4,G06,termo,90.527
2026-03-13 04:00,10,3,4,G07,termo,99.482
2026-03-13 04:00,10,3,4,G08,solar,0.0
2026-03-13 04:00,10,3,4,G09,solar,0.0
2026-03-13 04:00,10,3,4,G10,eolica,85.11
2026-03-13 05:00,10,3,5,G01,hidro,61.93
2026-03-13 05:00,10,3,5,G02,hidro,58.748
2026-03-13 05:00,10,3,5,G03,hidro,135.416
2026-03-13 05:00,10,3,5,G04,hidro,178.496
2026-03-13 05:00,10,3,5,G05,hidro,147.295
2026-03-13 05:00,10,3,5,G06,termo,90.241
2026-03-13 05:00,10,3,5,G07,termo,104.164
2026-03-13 05:00,10,3,5,G08,solar,0.0
2026-03-13 05:00,10,3,5,G09,solar,0.0
2026-03-13 05:00,10,3,5,G10,eolica,88.501
2026-03-13 06:00,10,3,6,G01,hidro,53.122
2026-03-13 06:00,10,3,6,G02,hidro,55.912
2026-03-13 06:00,10,3,6,G03,hidro,111.643
2026-03-13 06:00,10,3,6,G04,hidro,147.289
2026-03-13 06:00,10,3,6,G05,hidro,159.492
2026-03-13 06:00,10,3,6,G06,termo,99.608
2026-03-13 06:00,10,3,6,G07,termo,93.019
2026-03-13 06:00,10,3,6,G08,solar,0.0
2026-03-13 06:00,10,3,6,G09,solar,0.0
2026-03-13 06:00,10,3,6,G10,eolica,88.199
2026-03-13 07:00,10,3,7,G01,hidro,99.064
2026-03-13 07:00,10,3,7,G02,hidro,92.399
2026-03-13 07:00,10,3,7,G03,hidro,211.431
2026-03-13 07:00,10,3,7,G04,hidro,278.767
2026-03-13 07:00,10,3,7,G05,hidro,272.031
2026-03-13 07:00,10,3,7,G06,termo,152.085
2026-03-13 07:00,10,3,7,G07,termo,157.103
2026-03-13 07:00,10,3,7,G08,solar,44.736
2026-03-13 07:00,10,3,7,G09,solar,42.324
2026-03-13 07:00,10,3,7,G10,eolica,92.374
2026-03-13 08:00,10,3,8,G01,hidro,95.876
2026-03-13 08:00,10,3,8,G02,hidro,82.516
2026-03-13 08:00,10,3,8,G03,hidro,200.475
2026-03-13 08:00,10,3,8,G04,hidro,256.07
2026-03-13 08:00,10,3,8,G05,hidro,258.336
2026-03-13 08:00,10,3,8,G06,termo,170.434
2026-03-13 08:00,10,3,8,G07,termo,159.038
2026-03-13 08:00,10,3,8,G08,solar,39.287
2026-03-13 08:00,10,3,8,G09,solar,44.906
2026-03-13 08:00,10,3,8,G10,eolica,84.671
2026-03-13 09:00,10,3,9,G01,hidro,89.134
2026-03-13 09:00,10,3,9,G02,hidro,96.485
2026-03-13 09:00,10,3,9,G03,hidro,183.697
2026-03-13 09:00,10,3,9,G04,hidro,229.816
2026-03-13 09:00,10,3,9,G05,hidro,253.823
2026-03-13 09:00,10,3,9,G06,termo,156.408
2026-03-13 09:00,10,3,9,G07,termo,151.936
2026-03-13 09:00,10,3,9,G08,solar,112.374
2026-03-13 09:00,10,3,9,G09,solar,116.337
2026-03-13 09:00,10,3,9,G10,eolica,87.126
2026-03-13 10:00,10,3,10,G01,hidro,83.086
2026-03-13 10:00,10,3,10,G02,hidro,88.709
2026-03-13 10:00,10,3,10,G03,hidro,181.892
2026-03-13 10:00,10,3,10,G04,hidro,244.074
2026-03-13 10:00,10,3,10,G05,hidro,263.317
2026-03-13 10:00,10,3,10,G06,termo,155.602
2026-03-13 10:00,10,3,10,G07,termo,160.007
2026-03-13 10:00,10,3,10,G08,solar,117.921
2026-03-13 10:00,10,3,10,G09,solar,125.78
2026-03-13 10:00,10,3,10,G10,eolica,76.971
2026-03-13 11:00,10,3,11,G01,hidro,91.66
2026-03-13 11:00,10,3,11,G02,hidro,104.891
2026-03-13 11:00,10,3,11,G03,hidro,218.856
2026-03-13 11:00,10,3,11,G04,hidro,247.801
2026-03-13 11:00,10,3,11,G05,hidro,252.578
2026-03-13 11:00,10,3,11,G06,termo,146.293
2026-03-13 11:00,10,3,11,G07,termo,156.657
2026-03-13 11:00,10,3,11,G08,solar,120.658
2026-03-13 11:00,10,3,11,G09,solar,113.275
2026-03-13 11:00,10,3,11,G10,eolica,70.365
2026-03-13 12:00,10,3,12,G01,hidro,89.567
2026-03-13 12:00,10,3,12,G02,hidro,98.833
2026-03-13 12:00,10,3,12,G03,hidro,205.504
2026-03-13 12:00,10,3,12,G04,hidro,285.618
2026-03-13 12:00,10,3,12,G05,hidro,230.265
2026-03-13 12:00,10,3,12,G06,termo,171.312
2026-03-13 12:00,10,3,12,G07,termo,148.415
2026-03-13 12:00,10,3,12,G08,solar,148.679
2026-03-13 12:00,10,3,12,G09,solar,134.893
2026-03-13 12:00,10,3,12,G10,eolica,54.503
2026-03-13 13:00,10,3,13,G01,hidro,83.608
2026-03-13 13:00,10,3,13,G02,hidro,95.021
2026-03-13 13:00,10,3,13,G03,hidro,218.984
2026-03-13 13:00,10,3,13,G04,hidro,236.329
2026-03-13 13:00,10,3,13,G05,hidro,232.687
2026-03-13 13:00,10,3,13,G06,termo,171.127
2026-03-13 13:00,10,3,13,G07,termo,145.585
2026-03-13 13:00,10,3,13,G08,solar,138.155
2026-03-13 13:00,10,3,13,G09,solar,149.006
2026-03-13 13:00,10,3,13,G10,eolica,53.683
2026-03-13 14:00,10,3,14,G01,hidro,85.515
2026-03-13 14:00,10,3,14,G02,hidro,82.945
2026-03-13 14:00,10,3,14,G03,hidro,195.656
2026-03-13 14:00,10,3,14,G04,hidro,278.961
2026-03-13 14:00,10,3,14,G05,hidro,274.007
2026-03-13 14:00,10,3,14,G06,termo,155.502
2026-03-13 14:00,10,3,14,G07,termo,148.431
2026-03-13 14:00,10,3,14,G08,solar,142.034
2026-03-13 14:00,10,3,14,G09,solar,138.579
2026-03-13 14:00,10,3,14,G10,eolica,48.958
2026-03-13 15:00,10,3,15,G01,hidro,84.957
2026-03-13 15:00,10,3,15,G02,hidro,97.982
2026-03-13 15:00,10,3,15,G03,hidro,205.04
2026-03-13 15:00,10,3,15,G04,hidro,236.897
2026-03-13 15:00,10,3,15,G05,hidro,245.707
2026-03-13 15:00,10,3,15,G06,termo,148.693
2026-03-13 15:00,10,3,15,G07,termo,159.829
2026-03-13 15:00,10,3,15,G08,solar,142.764
2026-03-13 15:00,10,3,15,G09,solar,136.403
2026-03-13 15:00,10,3,15,G10,eolica,42.603
2026-03-13 16:00,10,3,16,G01,hidro,90.06
2026-03-13 16:00,10,3,16,G02,hidro,86.031
2026-03-13 16:00,10,3,16,G03,hidro,182.575
2026-03-13 16:00,10,3,16,G04,hidro,260.894
2026-03-13 16:00,10,3,16,G05,hidro,239.115
2026-03-13 16:00,10,3,16,G06,termo,157.397
2026-03-13 16:00,10,3,16,G07,termo,147.784
2026-03-13 16:00,10,3,16,G08,solar,76.376
2026-03-13 16:00,10,3,16,G09,solar,77.217
2026-03-13 16:00,10,3,16,G10,eolica,35.38
2026-03-13 17:00,10,3,17,G01,hidro,104.582
2026-03-13 17:00,10,3,17,G02,hidro,91.633
2026-03-13 17:00,10,3,17,G03,hidro,200.536
2026-03-13 17:00,10,3,17,G04,hidro,261.135
2026-03-13 17:00,10,3,17,G05,hidro,240.884
2026-03-13 17:00,10,3,17,G06,termo,147.277
2026-03-13 17:00,10,3,17,G07,termo,152.99
2026-03-13 17:00,10,3,17,G08,solar,78.967
2026-03-13 17:00,10,3,17,G09,solar,72.718
2026-03-13 17:00,10,3,17,G10,eolica,34.819
2026-03-13 18:00,10,3,18,G01,hidro,96.05
2026-03-13 18:00,10,3,18,G02,hidro,95.236
2026-03-13 18:00,10,3,18,G03,hidro,204.448
2026-03-13 18:00,10,3,18,G04,hidro,273.271
2026-03-13 18:00,10,3,18,G05,hidro,258.747
2026-03-13 18:00,10,3,18,G06,termo,171.828
2026-03-13 18:00,10,3,18,G07,termo,158.448
2026-03-13 18:00,10,3,18,G08,solar,13.339
2026-03-13 18:00,10,3,18,G09,solar,14.328
2026-03-13 18:00,10,3,18,G10,eolica,28.943
2026-03-13 19:00,10,3,19,G01,hidro,78.055
2026-03-13 19:00,10,3,19,G02,hidro,82.174
2026-03-13 19:00,10,3,19,G03,hidro,199.631
2026-03-13 19:00,10,3,19,G04,hidro,209.067
2026-03-13 19:00,10,3,19,G05,hidro,254.629
2026-03-13 19:00,10,3,19,G06,termo,158.332
2026-03-13 19:00,10,3,19,G07,termo,143.218
2026-03-13 19:00,10,3,19,G08,solar,13.427
2026-03-13 19:00,10,3,19,G09,solar,12.938
2026-03-13 19:00,10,3,19,G10,eolica,30.178
2026-03-13 20:00,10,3,20,G01,hidro,87.395
2026-03-13 20:00,10,3,20,G02,hidro,84.108
2026-03-13 20:00,10,3,20,G03,hidro,166.121
2026-03-13 20:00,10,3,20,G04,hidro,234.052
2026-03-13 20:00,10,3,20,G05,hidro,255.532
2026-03-13 20:00,10,3,20,G06,termo,158.158
2026-03-13 20:00,10,3,20,G07,termo,152.959
2026-03-13 20:00,10,3,20,G08,solar,0.0
2026-03-13 20:00,10,3,20,G09,solar,0.0
2026-03-13 20:00,10,3,20,G10,eolica,34.187
2026-03-13 21:00,10,3,21,G01,hidro,86.508
2026-03-13 21:00,10,3,21,G02,hidro,88.489
2026-03-13 21:00,10,3,21,G03,hidro,202.521
2026-03-13 21:00,10,3,21,G04,hidro,230.624
2026-03-13 21:00,10,3,21,G05,hidro,237.615
2026-03-13 21:00,10,3,21,G06,termo,137.155
2026-03-13 21:00,10,3,21,G07,termo,147.221
2026-03-13 21:00,10,3,21,G08,solar,0.0
2026-03-13 21:00,10,3,21,G09,solar,0.0
2026-03-13 21:00,10,3,21,G10,eolica,40.169
2026-03-13 22:00,10,3,22,G01,hidro,77.97
2026-03-13 22:00,10,3,22,G02,hidro,87.298
2026-03-13 22:00,10,3,22,G03,hidro,188.874
2026-03-13 22:00,10,3,22,G04,hidro,229.262
2026-03-13 22:00,10,3,22,G05,hidro,218.16
2026-03-13 22:00,10,3,22,G06,termo,137.922
2026-03-13 22:00,10,3,22,G07,termo,134.194
2026-03-13 22:00,10,3,22,G08,solar,0.0
2026-03-13 22:00,10,3,22,G09,solar,0.0
2026-03-13 22:00,10,3,22,G10,eolica,47.967
2026-03-13 23:00,10,3,23,G01,hidro,59.051
2026-03-13 23:00,10,3,23,G02,hidro,69.933
2026-03-13 23:00,10,3,23,G03,hidro,129.381
2026-03-13 23:00,10,3,23,G04,hidro,165.821
2026-03-13 23:00,10,3,23,G05,hidro,189.888
2026-03-13 23:00,10,3,23,G06,termo,111.936
2026-03-13 23:00,10,3,23,G07,termo,97.725
2026-03-13 23:00,10,3,23,G08,solar,0.0
2026-03-13 23:00,10,3,23,G09,solar,0.0
2026-03-13 23:00,10,3,23,G10,eolica,53.148
2026-03-14 00:00,10,4,0,G01,hidro,55.379
2026-03-14 00:00,10,4,0,G02,hidro,54.251
2026-03-14 00:00,10,4,0,G03,hidro,131.689
2026-03-14 00:00,10,4,0,G04,hidro,178.678
2026-03-14 00:00,10,4,0,G05,hidro,149.099
2026-03-14 00:00,10,4,0,G06,termo,99.803
2026-03-14 00:00,10,4,0,G07,termo,96.101
2026-03-14 00:00,10,4,0,G08,solar,0.0
2026-03-14 00:00,10,4,0,G09,solar,0.0
2026-03-14 00:00,10,4,0,G10,eolica,63.189
2026-03-14 01:00,10,4,1,G01,hidro,51.443
2026-03-14 01:00,10,4,1,G02,hidro,55.959
2026-03-14 01:00,10,4,1,G03,hidro,124.761
2026-03-14 01:00,10,4,1,G04,hidro,150.738
2026-03-14 01:00,10,4,1,G05,hidro,155.238
2026-03-14 01:00,10,4,1,G06,termo,107.718
2026-03-14 01:00,10,4,1,G07,termo,95.494
2026-03-14 01:00,10,4,1,G08,solar,0.0
2026-03-14 01:00,10,4,1,G09,solar,0.0
2026-03-14 01:00,10,4,1,G10,eolica,71.789
2026-03-14 02:00,10,4,2,G01,hidro,54.715
2026-03-14 02:00,10,4,2,G02,hidro,56.181
2026-03-14 02:00,10,4,2,G03,hidro,134.359
2026-03-14 02:00,10,4,2,G04,hidro,167.968
2026-03-14 02:00,10,4,2,G05,hidro,156.193
2026-03-14 02:00,10,4,2,G06,termo,91.963
2026-03-14 02:00,10,4,2,G07,termo,88.446
2026-03-14 02:00,10,4,2,G08,solar,0.0
2026-03-14 02:00,10,4,2,G09,solar,0.0
2026-03-14 02:00,10,4,2,G10,eolica,67.997
2026-03-14 03:00,10,4,3,G01,hidro,63.545
2026-03-14 03:00,10,4,3,G02,hidro,60.347
2026-03-14 03:00,10,4,3,G03,hidro,130.715
2026-03-14 03:00,10,4,3,G04,hidro,142.531
2026-03-14 03:00,10,4,3,G05,hidro,167.395
2026-03-14 03:00,10,4,3,G06,termo,90.282
2026-03-14 03:00,10,4,3,G07,termo,96.851
2026-03-14 03:00,10,4,3,G08,solar,0.0
2026-03-14 03:00,10,4,3,G09,solar,0.0
2026-03-14 03:00,10,4,3,G10,eolica,80.998
2026-03-14 04:00,10,4,4,G01,hidro,60.886
2026-03-14 04:00,10,4,4,G02,hidro,63.046
2026-03-14 04:00,10,4,4,G03,hidro,116.993
2026-03-14 04:00,10,4,4,G04,hidro,158.711
2026-03-14 04:00,10,4,4,G05,hidro,152.828
2026-03-14 04:00,10,4,4,G06,termo,103.503
2026-03-14 04:00,10,4,4,G07,termo,101.238
2026-03-14 04:00,10,4,4,G08,solar,0.0
2026-03-14 04:00,10,4,4,G09,solar,0.0
2026-03-14 04:00,10,4,4,G10,eolica,79.683
2026-03-14 05:00,10,4,5,G01,hidro,62.551
2026-03-14 05:00,10,4,5,G02,hidro,60.151
2026-03-14 05:00,10,4,5,G03,hidro,132.312
2026-03-14 05:00,10,4,5,G04,hidro,152.747
2026-03-14 05:00,10,4,5,G05,hidro,155.372
2026-03-14 05:00,10,4,5,G06,termo,101.155
2026-03-14 05:00,10,4,5,G07,termo,94.626
2026-03-14 05:00,10,4,5,G08,solar,0.0
2026-03-14 05:00,10,4,5,G09,solar,0.0
2026-03-14 05:00,10,4,5,G10,eolica,76.526
2026-03-14 06:00,10,4,6,G01,hidro,61.971
2026-03-14 06:00,10,4,6,G02,hidro,58.832
2026-03-14 06:00,10,4,6,G03,hidro,117.872
2026-03-14 06:00,10,4,6,G04,hidro,174.473
2026-03-14 06:00,10,4,6,G05,hidro,167.418
2026-03-14 06:00,10,4,6,G06,termo,89.715
2026-03-14 06:00,10,4,6,G07,termo,98.278
2026-03-14 06:00,10,4,6,G08,solar,0.0
2026-03-14 06:00,10,4,6,G09,solar,0.0
2026-03-14 06:00,10,4,6,G10,eolica,85.42
2026-03-14 07:00,10,4,7,G01,hidro,87.915
2026-03-14 07:00,10,4,7,G02,hidro,96.694
2026-03-14 07:00,10,4,7,G03,hidro,192.922
2026-03-14 07:00,10,4,7,G04,hidro,238.423
2026-03-14 07:00,10,4,7,G05,hidro,284.707
2026-03-14 07:00,10,4,7,G06,termo,144.903
2026-03-14 07:00,10,4,7,G07,termo,153.263
2026-03-14 07:00,10,4,7,G08,solar,39.34
2026-03-14 07:00,10,4,7,G09,solar,39.552
2026-03-14 07:00,10,4,7,G10,eolica,92.247
2026-03-14 08:00,10,4,8,G01,hidro,103.81
2026-03-14 08:00,10,4,8,G02,hidro,102.216
2026-03-14 08:00,10,4,8,G03,hidro,224.396
2026-03-14 08:00,10,4,8,G04,hidro,233.239
2026-03-14 08:00,10,4,8,G05,hidro,241.389
2026-03-14 08:00,10,4,8,G06,termo,148.859
2026-03-14 08:00,10,4,8,G07,termo,170.32
2026-03-14 08:00,10,4,8,G08,solar,41.588
2026-03-14 08:00,10,4,8,G09,solar,43.785
2026-03-14 08:00,10,4,8,G10,eolica,85.854
2026-03-14 09:00,10,4,9,G01,hidro,93.699
2026-03-14 09:00,10,4,9,G02,hidro,87.443
2026-03-14 09:00,10,4,9,G03,hidro,194.213
2026-03-14 09:00,10,4,9,G04,hidro,233.859
2026-03-14 09:00,10,4,9,G05,hidro,264.594
2026-03-14 09:00,10,4,9,G06,termo,163.317
2026-03-14 09:00,10,4,9,G07,termo,159.375
2026-03-14 09:00,10,4,9,G08,solar,110.447
2026-03-14 09:00,10,4,9,G09,solar,122.02
2026-03-14 09:00,10,4,9,G10,eolica,79.169
2026-03-14 10:00,10,4,10,G01,hidro,96.982
2026-03-14 10:00,10,4,10,G02,hidro,92.139
2026-03-14 10:00,10,4,10,G03,hidro,205.812
2026-03-14 10:00,10,4,10,G04,hidro,269.28
2026-03-14 10:00,10,4,10,G05,hidro,252.525
2026-03-14 10:00,10,4,10,G06,termo,167.449
2026-03-14 10:00,10,4,10,G07,termo,168.403
2026-03-14 10:00,10,4,10,G08,solar,114.543
2026-03-14 10:00,10,4,10,G09,solar,126.305
2026-03-14 10:00,10,4,10,G10,eolica,72.877
2026-03-14 11:00,10,4,11,G01,hidro,89.412
2026-03-14 11:00,10,4,11,G02,hidro,98.469
2026-03-14 11:00,10,4,11,G03,hidro,196.378
2026-03-14 11:00,10,4,11,G04,hidro,242.967
2026-03-14 11:00,10,4,11,G05,hidro,241.863
2026-03-14 11:00,10,4,11,G06,termo,146.837
2026-03-14 11:00,10,4,11,G07,termo,167.646
2026-03-14 11:00,10,4,11,G08,solar,113.001
2026-03-14 11:00,10,4,11,G09,solar,126.183
2026-03-14 11:00,10,4,11,G10,eolica,67.814
2026-03-14 12:00,10,4,12,G01,hidro,99.715
2026-03-14 12:00,10,4,12,G02,hidro,101.396
2026-03-14 12:00,10,4,12,G03,hidro,214.595
2026-03-14 12:00,10,4,12,G04,hidro,291.291
2026-03-14 12:00,10,4,12,G05,hidro,276.764
2026-03-14 12:00,10,4,12,G06,termo,149.426
2026-03-14 12:00,10,4,12,G07,termo,146.21
2026-03-14 12:00,10,4,12,G08,solar,134.679
2026-03-14 12:00,10,4,12,G09,solar,134.257
2026-03-14 12:00,10,4,12,G10,eolica,54.202
2026-03-14 13:00,10,4,13,G01,hidro,82.05
2026-03-14 13:00,10,4,13,G02,hidro,90.266
2026-03-14 13:00,10,4,13,G03,hidro,209.823
2026-03-14 13:00,10,4,13,G04,hidro,259.237
2026-03-14 13:00,10,4,13,G05,hidro,236.635
2026-03-14 13:00,10,4,13,G06,termo,161.263
2026-03-14 13:00,10,4,13,G07,termo,156.254
2026-03-14 13:00,10,4,13,G08,solar,128.698
2026-03-14 13:00,10,4,13,G09,solar,134.114
2026-03-14 13:00,10,4,13,G10,eolica,51.767
2026-03-14 14:00,10,4,14,G01,hidro,88.494
2026-03-14 14:00,10,4,14,G02,hidro,91.291
2026-03-14 14:00,10,4,14,G03,hidro,204.545
2026-03-14 14:00,10,4,14,G04,hidro,233.694
2026-03-14 14:00,10,4,14,G05,hidro,238.129
2026-03-14 14:00,10,4,14,G06,termo,158.782
2026-03-14 14:00,10,4,14,G07,termo,154.958
2026-03-14 14:00,10,4,14,G08,solar,140.903
2026-03-14 14:00,10,4,14,G09,solar,131.417
2026-03-14 14:00,10,4,14,G10,eolica,50.78
2026-03-14 15:00,10,4,15,G01,hidro,104.536
2026-03-14 15:00,10,4,15,G02,hidro,85.161
2026-03-14 15:00,10,4,15,G03,hidro,186.278
2026-03-14 15:00,10,4,15,G04,hidro,245.879
2026-03-14 15:00,10,4,15,G05,hidro,240.342
2026-03-14 15:00,10,4,15,G06,termo,173.507
2026-03-14 15:00,10,4,15,G07,termo,176.444
2026-03-14 15:00,10,4,15,G08,solar,141.644
2026-03-14 15:00,10,4,15,G09,solar,140.438
2026-03-14 15:00,10,4,15,G10,eolica,41.344
2026-03-14 16:00,10,4,16,G01,hidro,92.724
2026-03-14 16:00,10,4,16,G02,hidro,82.265
2026-03-14 16:00,10,4,16,G03,hidro,180.96
2026-03-14 16:00,10,4,16,G04,hidro,263.141
2026-03-14 16:00,10,4,16,G05,hidro,231.791
2026-03-14 16:00,10,4,16,G06,termo,167.606
2026-03-14 16:00,10,4,16,G07,termo,155.763
2026-03-14 16:00,10,4,16,G08,solar,76.359
2026-03-14 16:00,10,4,16,G09,solar,76.954
2026-03-14 16:00,10,4,16,G10,eolica,37.676
2026-03-14 17:00,10,4,17,G01,hidro,97.298
2026-03-14 17:00,10,4,17,G02,hidro,83.586
2026-03-14 17:00,10,4,17,G03,hidro,217.291
2026-03-14 17:00,10,4,17,G04,hidro,259.257
2026-03-14 17:00,10,4,17,G05,hidro,261.751
2026-03-14 17:00,10,4,17,G06,termo,164.026
2026-03-14 17:00,10,4,17,G07,termo,175.98
2026-03-14 17:00,10,4,17,G08,solar,82.468
2026-03-14 17:00,10,4,17,G09,solar,82.031
2026-03-14 17:00,10,4,17,G10,eolica,36.737
2026-03-14 18:00,10,4,18,G01,hidro,93.194
2026-03-14 18:00,10,4,18,G02,hidro,98.95
2026-03-14 18:00,10,4,18,G03,hidro,225.452
2026-03-14 18:00,10,4,18,G04,hidro,230.178
2026-03-14 18:00,10,4,18,G05,hidro,268.08
2026-03-14 18:00,10,4,18,G06,termo,163.744
2026-03-14 18:00,10,4,18,G07,termo,168.205
2026-03-14 18:00,10,4,18,G08,solar,13.543
2026-03-14 18:00,10,4,18,G09,solar,13.066
2026-03-14 18:00,10,4,18,G10,eolica,35.374
2026-03-14 19:00,10,4,19,G01,hidro,82.594
2026-03-14 19:00,10,4,19,G02,hidro,80.387
2026-03-14 19:00,10,4,19,G03,hidro,174.972
2026-03-14 19:00,10,4,19,G04,hidro,241.551
2026-03-14 19:00,10,4,19,G05,hidro,220.317
2026-03-14 19:00,10,4,19,G06,termo,155.403
2026-03-14 19:00,10,4,19,G07,termo,135.203
2026-03-14 19:00,10,4,19,G08,solar,14.626
2026-03-14 19:00,10,4,19,G09,solar,14.743
2026-03-14 19:00,10,4,19,G10,eolica,32.432
2026-03-14 20:00,10,4,20,G01,hidro,90.082
2026-03-14 20:00,10,4,20,G02,hidro,75.049
2026-03-14 20:00,10,4,20,G03,hidro,193.372
2026-03-14 20:00,10,4,20,G04,hidro,234.944
2026-03-14 20:00,10,4,20,G05,hidro,236.992
2026-03-14 20:00,10,4,20,G06,termo,126.191
2026-03-14 20:00,10,4,20,G07,termo,153.553
2026-03-14 20:00,10,4,20,G08,solar,0.0
2026-03-14 20:00,10,4,20,G09,solar,0.0
2026-03-14 20:00,10,4,20,G10,eolica,37.92
2026-03-14 21:00,10,4,21,G01,hidro,86.281
2026-03-14 21:00,10,4,21,G02,hidro,85.06
2026-03-14 21:00,10,4,21,G03,hidro,173.158
2026-03-14 21:00,10,4,21,G04,hidro,216.691
2026-03-14 21:00,10,4,21,G05,hidro,228.562
2026-03-14 21:00,10,4,21,G06,termo,134.484
2026-03-14 21:00,10,4,21,G07,termo,154.346
2026-03-14 21:00,10,4,21,G08,solar,0.0
2026-03-14 21:00,10,4,21,G09,solar,0.0
2026-03-14 21:00,10,4,21,G10,eolica,42.564
2026-03-14 22:00,10,4,22,G01,hidro,77.873
2026-03-14 22:00,10,4,22,G02,hidro,77.327
2026-03-14 22:00,10,4,22,G03,hidro,163.866
2026-03-14 22:00,10,4,22,G04,hidro,255.924
2026-03-14 22:00,10,4,22,G05,hidro,234.734
2026-03-14 22:00,10,4,22,G06,termo,157.774
2026-03-14 22:00,10,4,22,G07,termo,128.692
2026-03-14 22:00,10,4,22,G08,solar,0.0
2026-03-14 22:00,10,4,22,G09,solar,0.0
2026-03-14 22:00,10,4,22,G10,eolica,43.956
2026-03-14 23:00,10,4,23,G01,hidro,54.728
2026-03-14 23:00,10,4,23,G02,hidro,64.191
2026-03-14 23:00,10,4,23,G03,hidro,143.182
2026-03-14 23:00,10,4,23,G04,hidro,187.78
2026-03-14 23:00,10,4,23,G05,hidro,155.857
2026-03-14 23:00,10,4,23,G06,termo,114.744
2026-03-14 23:00,10,4,23,G07,termo,108.445
2026-03-14 23:00,10,4,23,G08,solar,0.0
2026-03-14 23:00,10,4,23,G09,solar,0.0
2026-03-14 23:00,10,4,23,G10,eolica,56.892
2026-03-15 00:00,10,5,0,G01,hidro,59.747
2026-03-15 00:00,10,5,0,G02,hidro,63.029
2026-03-15 00:00,10,5,0,G03,hidro,119.522
2026-03-15 00:00,10,5,0,G04,hidro,166.34
2026-03-15 00:00,10,5,0,G05,hidro,142.572
2026-03-15 00:00,10,5,0,G06,termo,102.65
2026-03-15 00:00,10,5,0,G07,termo,86.861
2026-03-15 00:00,10,5,0,G08,solar,0.0
2026-03-15 00:00,10,5,0,G09,solar,0.0
2026-03-15 00:00,10,5,0,G10,eolica,54.79
2026-03-15 01:00,10,5,1,G01,hidro,64.657
2026-03-15 01:00,10,5,1,G02,hidro,57.173
2026-03-15 01:00,10,5,1,G03,hidro,141.442
2026-03-15 01:00,10,5,1,G04,hidro,148.451
2026-03-15 01:00,10,5,1,G05,hidro,179.531
2026-03-15 01:00,10,5,1,G06,termo,110.026
2026-03-15 01:00,10,5,1,G07,termo,97.675
2026-03-15 01:00,10,5,1,G08,solar,0.0
2026-03-15 01:00,10,5,1,G09,solar,0.0
2026-03-15 01:00,10,5,1,G10,eolica,67.315
2026-03-15 02:00,10,5,2,G01,hidro,61.462
2026-03-15 02:00,10,5,2,G02,hidro,54.016
2026-03-15 02:00,10,5,2,G03,hidro,130.349
2026-03-15 02:00,10,5,2,G04,hidro,152.21
2026-03-15 02:00,10,5,2,G05,hidro,147.583
2026-03-15 02:00,10,5,2,G06,termo,102.15
2026-03-15 02:00,10,5,2,G07,termo,99.362
2026-03-15 02:00,10,5,2,G08,solar,0.0
2026-03-15 02:00,10,5,2,G09,solar,0.0
2026-03-15 02:00,10,5,2,G10,eolica,66.11
2026-03-15 03:00,10,5,3,G01,hidro,64.383
2026-03-15 03:00,10,5,3,G02,hidro,58.291
2026-03-15 03:00,10,5,3,G03,hidro,119.95
2026-03-15 03:00,10,5,3,G04,hidro,163.224
2026-03-15 03:00,10,5,3,G05,hidro,171.978
2026-03-15 03:00,10,5,3,G06,termo,97.108
2026-03-15 03:00,10,5,3,G07,termo,89.103
2026-03-15 03:00,10,5,3,G08,solar,0.0
2026-03-15 03:00,10,5,3,G09,solar,0.0
2026-03-15 03:00,10,5,3,G10,eolica,78.129
2026-03-15 04:00,10,5,4,G01,hidro,54.841
2026-03-15 04:00,10,5,4,G02,hidro,51.795
2026-03-15 04:00,10,5,4,G03,hidro,122.531
2026-03-15 04:00,10,5,4,G04,hidro,152.522
2026-03-15 04:00,10,5,4,G05,hidro,143.775
2026-03-15 04:00,10,5,4,G06,termo,99.729
2026-03-15 04:00,10,5,4,G07,termo,107.864
2026-03-15 04:00,10,5,4,G08,solar,0.0
2026-03-15 04:00,10,5,4,G09,solar,0.0
2026-03-15 04:00,10,5,4,G10,eolica,78.738
2026-03-15 05:00,10,5,5,G01,hidro,61.583
2026-03-15 05:00,10,5,5,G02,hidro,64.839
2026-03-15 05:00,10,5,5,G03,hidro,125.47
2026-03-15 05:00,10,5,5,G04,hidro,147.364
2026-03-15 05:00,10,5,5,G05,hidro,181.318
2026-03-15 05:00,10,5,5,G06,termo,97.45
2026-03-15 05:00,10,5,5,G07,termo,91.633
2026-03-15 05:00,10,5,5,G08,solar,0.0
2026-03-15 05:00,10,5,5,G09,solar,0.0
2026-03-15 05:00,10,5,5,G10,eolica,87.837
2026-03-15 06:00,10,5,6,G01,hidro,51.943
2026-03-15 06:00,10,5,6,G02,hidro,64.075
2026-03-15 06:00,10,5,6,G03,hidro,115.105
2026-03-15 06:00,10,5,6,G04,hidro,145.346
2026-03-15 06:00,10,5,6,G05,hidro,146.289
2026-03-15 06:00,10,5,6,G06,termo,89.446
2026-03-15 06:00,10,5,6,G07,termo,97.897
2026-03-15 06:00,10,5,6,G08,solar,0.0
2026-03-15 06:00,10,5,6,G09,solar,0.0
2026-03-15 06:00,10,5,6,G10,eolica,80.692
2026-03-15 07:00,10,5,7,G01,hidro,88.304
2026-03-15 07:00,10,5,7,G02,hidro,93.268
2026-03-15 07:00,10,5,7,G03,hidro,202.571
2026-03-15 07:00,10,5,7,G04,hidro,291.884
2026-03-15 07:00,10,5,7,G05,hidro,282.723
2026-03-15 07:00,10,5,7,G06,termo,153.288
2026-03-15 07:00,10,5,7,G07,termo,172.042
2026-03-15 07:00,10,5,7,G08,solar,42.811
2026-03-15 07:00,10,5,7,G09,solar,39.185
2026-03-15 07:00,10,5,7,G10,eolica,90.602
2026-03-15 08:00,10,5,8,G01,hidro,90.244
2026-03-15 08:00,10,5,8,G02,hidro,98.557
2026-03-15 08:00,10,5,8,G03,hidro,210.847
2026-03-15 08:00,10,5,8,G04,hidro,258.847
2026-03-15 08:00,10,5,8,G05,hidro,256.637
2026-03-15 08:00,10,5,8,G06,termo,142.807
2026-03-15 08:00,10,5,8,G07,termo,166.926
2026-03-15 08:00,10,5,8,G08,solar,39.459
2026-03-15 08:00,10,5,8,G09,solar,43.362
2026-03-15 08:00,10,5,8,G10,eolica,82.516
2026-03-15 09:00,10,5,9,G01,hidro,88.87
2026-03-15 09:00,10,5,9,G02,hidro,84.643
2026-03-15 09:00,10,5,9,G03,hidro,190.083
2026-03-15 09:00,10,5,9,G04,hidro,263.441
2026-03-15 09:00,10,5,9,G05,hidro,247.121
2026-03-15 09:00,10,5,9,G06,termo,151.171
2026-03-15 09:00,10,5,9,G07,termo,145.318
2026-03-15 09:00,10,5,9,G08,solar,108.566
2026-03-15 09:00,10,5,9,G09,solar,117.482
2026-03-15 09:00,10,5,9,G10,eolica,71.822
2026-03-15 10:00,10,5,10,G01,hidro,96.928
2026-03-15 10:00,10,5,10,G02,hidro,89.104
2026-03-15 10:00,10,5,10,G03,hidro,180.482
2026-03-15 10:00,10,5,10,G04,hidro,288.938
2026-03-15 10:00,10,5,10,G05,hidro,271.627
2026-03-15 10:00,10,5,10,G06,termo,159.497
2026-03-15 10:00,10,5,10,G07,termo,171.135
2026-03-15 10:00,10,5,10,G08,solar,125.794
2026-03-15 10:00,10,5,10,G09,solar,118.533
2026-03-15 10:00,10,5,10,G10,eolica,67.291
2026-03-15 11:00,10,5,11,G01,hidro,95.534
2026-03-15 11:00,10,5,11,G02,hidro,102.745
2026-03-15 11:00,10,5,11,G03,hidro,191.598
2026-03-15 11:00,10,5,11,G04,hidro,234.135
2026-03-15 11:00,10,5,11,G05,hidro,237.468
2026-03-15 11:00,10,5,11,G06,termo,160.279
2026-03-15 11:00,10,5,11,G07,termo,167.35
2026-03-15 11:00,10,5,11,G08,solar,116.874
2026-03-15 11:00,10,5,11,G09,solar,109.972
2026-03-15 11:00,10,5,11,G10,eolica,69.259
2026-03-15 12:00,10,5,12,G01,hidro,93.86
2026-03-15 12:00,10,5,12,G02,hidro,99.194
2026-03-15 12:00,10,5,12,G03,hidro,224.177
2026-03-15 12:00,10,5,12,G04,hidro,269.559
2026-03-15 12:00,10,5,12,G05,hidro,278.205
2026-03-15 12:00,10,5,12,G06,termo,143.844
2026-03-15 12:00,10,5,12,G07,termo,166.71
2026-03-15 12:00,10,5,12,G08,solar,145.459
2026-03-15 12:00,10,5,12,G09,solar,134.338
2026-03-15 12:00,10,5,12,G10,eolica,63.516
2026-03-15 13:00,10,5,13,G01,hidro,97.323
2026-03-15 13:00,10,5,13,G02,hidro,101.466
2026-03-15 13:00,10,5,13,G03,hidro,182.118
2026-03-15 13:00,10,5,13,G04,hidro,270.851
2026-03-15 13:00,10,5,13,G05,hidro,237.449
2026-03-15 13:00,10,5,13,G06,termo,175.225
2026-03-15 13:00,10,5,13,G07,termo,140.179
2026-03-15 13:00,10,5,13,G08,solar,134.798
2026-03-15 13:00,10,5,13,G09,solar,128.699
2026-03-15 13:00,10,5,13,G10,eolica,48.478
2026-03-15 14:00,10,5,14,G01,hidro,84.133
2026-03-15 14:00,10,5,14,G02,hidro,87.1
2026-03-15 14:00,10,5,14,G03,hidro,230.716
2026-03-15 14:00,10,5,14,G04,hidro,260.91
2026-03-15 14:00,10,5,14,G05,hidro,285.072
2026-03-15 14:00,10,5,14,G06,termo,176.559
2026-03-15 14:00,10,5,14,G07,termo,169.789
2026-03-15 14:00,10,5,14,G08,solar,128.544
2026-03-15 14:00,10,5,14,G09,solar,144.775
2026-03-15 14:00,10,5,14,G10,eolica,45.705
2026-03-15 15:00,10,5,15,G01,hidro,90.716
2026-03-15 15:00,10,5,15,G02,hidro,98.425
2026-03-15 15:00,10,5,15,G03,hidro,214.089
2026-03-15 15:00,10,5,15,G04,hidro,267.006
2026-03-15 15:00,10,5,15,G05,hidro,231.2
2026-03-15 15:00,10,5,15,G06,termo,150.817
2026-03-15 15:00,10,5,15,G07,termo,171.543
2026-03-15 15:00,10,5,15,G08,solar,146.946
2026-03-15 15:00,10,5,15,G09,solar,134.526
2026-03-15 15:00,10,5,15,G10,eolica,42.761
2026-03-15 16:00,10,5,16,G01,hidro,89.598
2026-03-15 16:00,10,5,16,G02,hidro,103.708
2026-03-15 16:00,10,5,16,G03,hidro,218.233
2026-03-15 16:00,10,5,16,G04,hidro,250.952
2026-03-15 16:00,10,5,16,G05,hidro,275.16
2026-03-15 16:00,10,5,16,G06,termo,141.972
2026-03-15 16:00,10,5,16,G07,termo,156.477
2026-03-15 16:00,10,5,16,G08,solar,73.62
2026-03-15 16:00,10,5,16,G09,solar,70.219
2026-03-15 16:00,10,5,16,G10,eolica,33.028
2026-03-15 17:00,10,5,17,G01,hidro,100.21
2026-03-15 17:00,10,5,17,G02,hidro,94.06
2026-03-15 17:00,10,5,17,G03,hidro,201.227
2026-03-15 17:00,10,5,17,G04,hidro,242.378
2026-03-15 17:00,10,5,17,G05,hidro,268.114
2026-03-15 17:00,10,5,17,G06,termo,168.922
2026-03-15 17:00,10,5,17,G07,termo,175.177
2026-03-15 17:00,10,5,17,G08,solar,72.97
2026-03-15 17:00,10,5,17,G09,solar,77.756
2026-03-15 17:00,10,5,17,G10,eolica,30.109
2026-03-15 18:00,10,5,18,G01,hidro,93.918
2026-03-15 18:00,10,5,18,G02,hidro,103.87
2026-03-15 18:00,10,5,18,G03,hidro,228.063
2026-03-15 18:00,10,5,18,G04,hidro,281.805
2026-03-15 18:00,10,5,18,G05,hidro,262.56
2026-03-15 18:00,10,5,18,G06,termo,170.822
2026-03-15 18:00,10,5,18,G07,termo,152.798
2026-03-15 18:00,10,5,18,G08,solar,13.23
2026-03-15 18:00,10,5,18,G09,solar,13.482
2026-03-15 18:00,10,5,18,G10,eolica,29.453
2026-03-15 19:00,10,5,19,G01,hidro,84.299
2026-03-15 19:00,10,5,19,G02,hidro,80.371
2026-03-15 19:00,10,5,19,G03,hidro,168.537
2026-03-15 19:00,10,5,19,G04,hidro,231.667
2026-03-15 19:00,10,5,19,G05,hidro,247.466
2026-03-15 19:00,10,5,19,G06,termo,148.002
2026-03-15 19:00,10,5,19,G07,termo,160.779
2026-03-15 19:00,10,5,19,G08,solar,13.109
2026-03-15 19:00,10,5,19,G09,solar,12.807
2026-03-15 19:00,10,5,19,G10,eolica,34.863
2026-03-15 20:00,10,5,20,G01,hidro,78.233
2026-03-15 20:00,10,5,20,G02,hidro,80.034
2026-03-15 20:00,10,5,20,G03,hidro,183.932
2026-03-15 20:00,10,5,20,G04,hidro,264.979
2026-03-15 20:00,10,5,20,G05,hidro,213.512
2026-03-15 20:00,10,5,20,G06,termo,146.384
2026-03-15 20:00,10,5,20,G07,termo,153.617
2026-03-15 20:00,10,5,20,G08,solar,0.0
2026-03-15 20:00,10,5,20,G09,solar,0.0
2026-03-15 20:00,10,5,20,G10,eolica,39.502
2026-03-15 21:00,10,5,21,G01,hidro,89.472
2026-03-15 21:00,10,5,21,G02,hidro,80.631
2026-03-15 21:00,10,5,21,G03,hidro,179.835
2026-03-15 21:00,10,5,21,G04,hidro,240.904
2026-03-15 21:00,10,5,21,G05,hidro,241.506
2026-03-15 21:00,10,5,21,G06,termo,147.061
2026-03-15 21:00,10,5,21,G07,termo,154.013
2026-03-15 21:00,10,5,21,G08,solar,0.0
2026-03-15 21:00,10,5,21,G09,solar,0.0
2026-03-15 21:00,10,5,21,G10,eolica,39.476
2026-03-15 22:00,10,5,22,G01,hidro,74.66
2026-03-15 22:00,10,5,22,G02,hidro,78.656
2026-03-15 22:00,10,5,22,G03,hidro,192.754
2026-03-15 22:00,10,5,22,G04,hidro,223.301
2026-03-15 22:00,10,5,22,G05,hidro,211.721
2026-03-15 22:00,10,5,22,G06,termo,158.178
2026-03-15 22:00,10,5,22,G07,termo,132.568
2026-03-15 22:00,10,5,22,G08,solar,0.0
2026-03-15 22:00,10,5,22,G09,solar,0.0
2026-03-15 22:00,10,5,22,G10,eolica,44.834
2026-03-15 23:00,10,5,23,G01,hidro,59.707
2026-03-15 23:00,10,5,23,G02,hidro,60.496
2026-03-15 23:00,10,5,23,G03,hidro,130.208
2026-03-15 23:00,10,5,23,G04,hidro,192.56
2026-03-15 23:00,10,5,23,G05,hidro,154.552
2026-03-15 23:00,10,5,23,G06,termo,111.246
2026-03-15 23:00,10,5,23,G07,termo,100.782
2026-03-15 23:00,10,5,23,G08,solar,0.0
2026-03-15 23:00,10,5,23,G09,solar,0.0
2026-03-15 23:00,10,5,23,G10,eolica,48.923
2026-03-16 00:00,10,6,0,G01,hidro,57.752
2026-03-16 00:00,10,6,0,G02,hidro,64.051
2026-03-16 00:00,10,6,0,G03,hidro,130.878
2026-03-16 00:00,10,6,0,G04,hidro,175.991
2026-03-16 00:00,10,6,0,G05,hidro,177.108
2026-03-16 00:00,10,6,0,G06,termo,109.003
2026-03-16 00:00,10,6,0,G07,termo,86.359
2026-03-16 00:00,10,6,0,G08,solar,0.0
2026-03-16 00:00,10,6,0,G09,solar,0.0
2026-03-16 00:00,10,6,0,G10,eolica,64.889
2026-03-16 01:00,10,6,1,G01,hidro,61.284
2026-03-16 01:00,10,6,1,G02,hidro,52.45
2026-03-16 01:00,10,6,1,G03,hidro,131.688
2026-03-16 01:00,10,6,1,G04,hidro,181.278
2026-03-16 01:00,10,6,1,G05,hidro,149.483
2026-03-16 01:00,10,6,1,G06,termo,90.666
2026-03-16 01:00,10,6,1,G07,termo,107.066
2026-03-16 01:00,10,6,1,G08,solar,0.0
2026-03-16 01:00,10,6,1,G09,solar,0.0
2026-03-16 01:00,10,6,1,G10,eolica,66.534
2026-03-16 02:00,10,6,2,G01,hidro,62.92
2026-03-16 02:00,10,6,2,G02,hidro,56.07
2026-03-16 02:00,10,6,2,G03,hidro,138.332
2026-03-16 02:00,10,6,2,G04,hidro,177.855
2026-03-16 02:00,10,6,2,G05,hidro,173.003
2026-03-16 02:00,10,6,2,G06,termo,97.976
2026-03-16 02:00,10,6,2,G07,termo,95.1
2026-03-16 02:00,10,6,2,G08,solar,0.0
2026-03-16 02:00,10,6,2,G09,solar,0.0
2026-03-16 02:00,10,6,2,G10,eolica,77.349
2026-03-16 03:00,10,6,3,G01,hidro,59.522
2026-03-16 03:00,10,6,3,G02,hidro,57.534
2026-03-16 03:00,10,6,3,G03,hidro,137.752
2026-03-16 03:00,10,6,3,G04,hidro,148.381
2026-03-16 03:00,10,6,3,G05,hidro,179.338
2026-03-16 03:00,10,6,3,G06,termo,98.294
2026-03-16 03:00,10,6,3,G07,termo,106.42
2026-03-16 03:00,10,6,3,G08,solar,0.0
2026-03-16 03:00,10,6,3,G09,solar,0.0
2026-03-16 03:00,10,6,3,G10,eolica,76.912
2026-03-16 04:00,10,6,4,G01,hidro,57.524
2026-03-16 04:00,10,6,4,G02,hidro,58.13
2026-03-16 04:00,10,6,4,G03,hidro,142.924
2026-03-16 04:00,10,6,4,G04,hidro,167.067
2026-03-16 04:00,10,6,4,G05,hidro,169.456
2026-03-16 04:00,10,6,4,G06,termo,87.581
2026-03-16 04:00,10,6,4,G07,termo,101.017
2026-03-16 04:00,10,6,4,G08,solar,0.0
2026-03-16 04:00,10,6,4,G09,solar,0.0
2026-03-16 04:00,10,6,4,G10,eolica,79.051
2026-03-16 05:00,10,6,5,G01,hidro,60.305
2026-03-16 05:00,10,6,5,G02,hidro,57.38
2026-03-16 05:00,10,6,5,G03,hidro,127.882
2026-03-16 05:00,10,6,5,G04,hidro,158.586
2026-03-16 05:00,10,6,5,G05,hidro,165.059
2026-03-16 05:00,10,6,5,G06,termo,87.769
2026-03-16 05:00,10,6,5,G07,termo,93.501
2026-03-16 05:00,10,6,5,G08,solar,0.0
2026-03-16 05:00,10,6,5,G09,solar,0.0
2026-03-16 05:00,10,6,5,G10,eolica,87.259
2026-03-16 06:00,10,6,6,G01,hidro,63.778
2026-03-16 06:00,10,6,6,G02,hidro,58.49
2026-03-16 06:00,10,6,6,G03,hidro,130.056
2026-03-16 06:00,10,6,6,G04,hidro,177.303
2026-03-16 06:00,10,6,6,G05,hidro,167.561
2026-03-16 06:00,10,6,6,G06,termo,107.266
2026-03-16 06:00,10,6,6,G07,termo,102.587
2026-03-16 06:00,10,6,6,G08,solar,0.0
2026-03-16 06:00,10,6,6,G09,solar,0.0
2026-03-16 06:00,10,6,6,G10,eolica,83.449
2026-03-16 07:00,10,6,7,G01,hidro,83.418
2026-03-16 07:00,10,6,7,G02,hidro,85.364
2026-03-16 07:00,10,6,7,G03,hidro,185.428
2026-03-16 07:00,10,6,7,G04,hidro,284.936
2026-03-16 07:00,10,6,7,G05,hidro,267.436
2026-03-16 07:00,10,6,7,G06,termo,139.688
2026-03-16 07:00,10,6,7,G07,termo,159.407
2026-03-16 07:00,10,6,7,G08,solar,44.901
2026-03-16 07:00,10,6,7,G09,solar,40.118
2026-03-16 07:00,10,6,7,G10,eolica,85.608
2026-03-16 08:00,10,6,8,G01,hidro,96.529
2026-03-16 08:00,10,6,8,G02,hidro,101.544
2026-03-16 08:00,10,6,8,G03,hidro,187.076
2026-03-16 08:00,10,6,8,G04,hidro,280.885
2026-03-16 08:00,10,6,8,G05,hidro,257.63
2026-03-16 08:00,10,6,8,G06,termo,177.968
2026-03-16 08:00,10,6,8,G07,termo,153.597
2026-03-16 08:00,10,6,8,G08,solar,44.268
2026-03-16 08:00,10,6,8,G09,solar,41.343
2026-03-16 08:00,10,6,8,G10,eolica,73.678
2026-03-16 09:00,10,6,9,G01,hidro,90.425
2026-03-16 09:00,10,6,9,G02,hidro,96.796
2026-03-16 09:00,10,6,9,G03,hidro,211.055
2026-03-16 09:00,10,6,9,G04,hidro,276.542
2026-03-16 09:00,10,6,9,G05,hidro,248.407
2026-03-16 09:00,10,6,9,G06,termo,165.287
2026-03-16 09:00,10,6,9,G07,termo,170.724
2026-03-16 09:00,10,6,9,G08,solar,110.449
2026-03-16 09:00,10,6,9,G09,solar,117.351
2026-03-16 09:00,10,6,9,G10,eolica,73.249
2026-03-16 10:00,10,6,10,G01,hidro,82.475
2026-03-16 10:00,10,6,10,G02,hidro,86.812
2026-03-16 10:00,10,6,10,G03,hidro,220.676
2026-03-16 10:00,10,6,10,G04,hidro,255.202
2026-03-16 10:00,10,6,10,G05,hidro,279.864
2026-03-16 10:00,10,6,10,G06,termo,153.129
2026-03-16 10:00,10,6,10,G07,termo,177.156
2026-03-16 10:00,10,6,10,G08,solar,123.203
2026-03-16 10:00,10,6,10,G09,solar,122.385
2026-03-16 10:00,10,6,10,G10,eolica,73.092
2026-03-16 11:00,10,6,11,G01,hidro,101.56
2026-03-16 11:00,10,6,11,G02,hidro,104.127
2026-03-16 11:00,10,6,11,G03,hidro,189.07
2026-03-16 11:00,10,6,11,G04,hidro,264.9
2026-03-16 11:00,10,6,11,G05,hidro,285.658
2026-03-16 11:00,10,6,11,G06,termo,172.847
2026-03-16 11:00,10,6,11,G07,termo,171.034
2026-03-16 11:00,10,6,11,G08,solar,123.723
2026-03-16 11:00,10,6,11,G09,solar,108.404
2026-03-16 11:00,10,6,11,G10,eolica,73.553
2026-03-16 12:00,10,6,12,G01,hidro,93.638
2026-03-16 12:00,10,6,12,G02,hidro,89.471
2026-03-16 12:00,10,6,12,G03,hidro,191.422
2026-03-16 12:00,10,6,12,G04,hidro,282.414
2026-03-16 12:00,10,6,12,G05,hidro,260.333
2026-03-16 12:00,10,6,12,G06,termo,158.061
2026-03-16 12:00,10,6,12,G07,termo,163.954
2026-03-16 12:00,10,6,12,G08,solar,131.99
2026-03-16 12:00,10,6,12,G09,solar,140.218
2026-03-16 12:00,10,6,12,G10,eolica,65.625
2026-03-16 13:00,10,6,13,G01,hidro,102.441
2026-03-16 13:00,10,6,13,G02,hidro,99.602
2026-03-16 13:00,10,6,13,G03,hidro,203.722
2026-03-16 13:00,10,6,13,G04,hidro,290.155
2026-03-16 13:00,10,6,13,G05,hidro,247.767
2026-03-16 13:00,10,6,13,G06,termo,170.055
2026-03-16 13:00,10,6,13,G07,termo,164.778
2026-03-16 13:00,10,6,13,G08,solar,144.557
2026-03-16 13:00,10,6,13,G09,solar,142.877
2026-03-16 13:00,10,6,13,G10,eolica,47.753
2026-03-16 14:00,10,6,14,G01,hidro,98.923
2026-03-16 14:00,10,6,14,G02,hidro,83.3
2026-03-16 14:00,10,6,14,G03,hidro,188.599
2026-03-16 14:00,10,6,14,G04,hidro,277.864
2026-03-16 14:00,10,6,14,G05,hidro,273.45
2026-03-16 14:00,10,6,14,G06,termo,157.242
2026-03-16 14:00,10,6,14,G07,termo,155.851
2026-03-16 14:00,10,6,14,G08,solar,131.342
2026-03-16 14:00,10,6,14,G09,solar,133.556
2026-03-16 14:00,10,6,14,G10,eolica,47.066
2026-03-16 15:00,10,6,15,G01,hidro,85.036
2026-03-16 15:00,10,6,15,G02,hidro,99.403
2026-03-16 15:00,10,6,15,G03,hidro,212.763
2026-03-16 15:00,10,6,15,G04,hidro,248.572
2026-03-16 15:00,10,6,15,G05,hidro,248.721
2026-03-16 15:00,10,6,15,G06,termo,165.928
2026-03-16 15:00,10,6,15,G07,termo,161.428
2026-03-16 15:00,10,6,15,G08,solar,140.875
2026-03-16 15:00,10,6,15,G09,solar,127.776
2026-03-16 15:00,10,6,15,G10,eolica,41.677
2026-03-16 16:00,10,6,16,G01,hidro,95.263
2026-03-16 16:00,10,6,16,G02,hidro,98.636
2026-03-16 16:00,10,6,16,G03,hidro,188.151
2026-03-16 16:00,10,6,16,G04,hidro,238.031
2026-03-16 16:00,10,6,16,G05,hidro,290.235
2026-03-16 16:00,10,6,16,G06,termo,154.694
2026-03-16 16:00,10,6,16,G07,termo,154.533
2026-03-16 16:00,10,6,16,G08,solar,78.971
2026-03-16 16:00,10,6,16,G09,solar,72.952
2026-03-16 16:00,10,6,16,G10,eolica,32.21
2026-03-16 17:00,10,6,17,G01,hidro,91.894
2026-03-16 17:00,10,6,17,G02,hidro,103.72
2026-03-16 17:00,10,6,17,G03,hidro,200.95
2026-03-16 17:00,10,6,17,G04,hidro,254.796
2026-03-16 17:00,10,6,17,G05,hidro,268.402
2026-03-16 17:00,10,6,17,G06,termo,160.696
2026-03-16 17:00,10,6,17,G07,termo,170.838
2026-03-16 17:00,10,6,17,G08,solar,73.609
2026-03-16 17:00,10,6,17,G09,solar,80.729
2026-03-16 17:00,10,6,17,G10,eolica,31.909
2026-03-16 18:00,10,6,18,G01,hidro,85.178
2026-03-16 18:00,10,6,18,G02,hidro,90.029
2026-03-16 18:00,10,6,18,G03,hidro,214.058
2026-03-16 18:00,10,6,18,G04,hidro,284.147
2026-03-16 18:00,10,6,18,G05,hidro,245.597
2026-03-16 18:00,10,6,18,G06,termo,141.615
2026-03-16 18:00,10,6,18,G07,termo,173.496
2026-03-16 18:00,10,6,18,G08,solar,14.622
2026-03-16 18:00,10,6,18,G09,solar,12.753
2026-03-16 18:00,10,6,18,G10,eolica,32.841
2026-03-16 19:00,10,6,19,G01,hidro,87.319
2026-03-16 19:00,10,6,19,G02,hidro,78.314
2026-03-16 19:00,10,6,19,G03,hidro,196.224
2026-03-16 19:00,10,6,19,G04,hidro,239.845
2026-03-16 19:00,10,6,19,G05,hidro,234.866
2026-03-16 19:00,10,6,19,G06,termo,157.76
2026-03-16 19:00,10,6,19,G07,termo,137.996
2026-03-16 19:00,10,6,19,G08,solar,14.036
2026-03-16 19:00,10,6,19,G09,solar,14.396
2026-03-16 19:00,10,6,19,G10,eolica,35.513
2026-03-16 20:00,10,6,20,G01,hidro,76.823
2026-03-16 20:00,10,6,20,G02,hidro,91.383
2026-03-16 20:00,10,6,20,G03,hidro,169.71
2026-03-16 20:00,10,6,20,G04,hidro,244.971
2026-03-16 20:00,10,6,20,G05,hidro,238.134
2026-03-16 20:00,10,6,20,G06,termo,161.216
2026-03-16 20:00,10,6,20,G07,termo,159.16
2026-03-16 20:00,10,6,20,G08,solar,0.0
2026-03-16 20:00,10,6,20,G09,solar,0.0
2026-03-16 20:00,10,6,20,G10,eolica,37.33
2026-03-16 21:00,10,6,21,G01,hidro,82.931
2026-03-16 21:00,10,6,21,G02,hidro,86.594
2026-03-16 21:00,10,6,21,G03,hidro,188.473
2026-03-16 21:00,10,6,21,G04,hidro,243.541
2026-03-16 21:00,10,6,21,G05,hidro,233.745
2026-03-16 21:00,10,6,21,G06,termo,136.847
2026-03-16 21:00,10,6,21,G07,termo,145.737
2026-03-16 21:00,10,6,21,G08,solar,0.0
2026-03-16 21:00,10,6,21,G09,solar,0.0
2026-03-16 21:00,10,6,21,G10,eolica,42.941
2026-03-16 22:00,10,6,22,G01,hidro,91.309
2026-03-16 22:00,10,6,22,G02,hidro,94.624
2026-03-16 22:00,10,6,22,G03,hidro,167.267
2026-03-16 22:00,10,6,22,G04,hidro,212.721
2026-03-16 22:00,10,6,22,G05,hidro,216.248
2026-03-16 22:00,10,6,22,G06,termo,159.37
2026-03-16 22:00,10,6,22,G07,termo,141.27
2026-03-16 22:00,10,6,22,G08,solar,0.0
2026-03-16 22:00,10,6,22,G09,solar,0.0
2026-03-16 22:00,10,6,22,G10,eolica,41.988
2026-03-16 23:00,10,6,23,G01,hidro,65.901
2026-03-16 23:00,10,6,23,G02,hidro,56.101
2026-03-16 23:00,10,6,23,G03,hidro,145.348
2026-03-16 23:00,10,6,23,G04,hidro,156.723
2026-03-16 23:00,10,6,23,G05,hidro,192.901
2026-03-16 23:00,10,6,23,G06,termo,109.517
2026-03-16 23:00,10,6,23,G07,termo,102.004
2026-03-16 23:00,10,6,23,G08,solar,0.0
2026-03-16 23:00,10,6,23,G09,solar,0.0
2026-03-16 23:00,10,6,23,G10,eolica,53.678
2026-03-17 00:00,11,0,0,G01,hidro,57.502
2026-03-17 00:00,11,0,0,G02,hidro,55.99
2026-03-17 00:00,11,0,0,G03,hidro,113.896
2026-03-17 00:00,11,0,0,G04,hidro,155.967
2026-03-17 00:00,11,0,0,G05,hidro,170.504
2026-03-17 00:00,11,0,0,G06,termo,98.677
2026-03-17 00:00,11,0,0,G07,termo,87.131
2026-03-17 00:00,11,0,0,G08,solar,0.0
2026-03-17 00:00,11,0,0,G09,solar,0.0
2026-03-17 00:00,11,0,0,G10,eolica,56.787
2026-03-17 01:00,11,0,1,G01,hidro,54.831
2026-03-17 01:00,11,0,1,G02,hidro,60.867
2026-03-17 01:00,11,0,1,G03,hidro,120.35
2026-03-17 01:00,11,0,1,G04,hidro,165.543
2026-03-17 01:00,11,0,1,G05,hidro,150.881
2026-03-17 01:00,11,0,1,G06,termo,105.009
2026-03-17 01:00,11,0,1,G07,termo,103.362
2026-03-17 01:00,11,0,1,G08,solar,0.0
2026-03-17 01:00,11,0,1,G09,solar,0.0
2026-03-17 01:00,11,0,1,G10,eolica,65.189
2026-03-17 02:00,11,0,2,G01,hidro,64.779
2026-03-17 02:00,11,0,2,G02,hidro,50.781
2026-03-17 02:00,11,0,2,G03,hidro,141.313
2026-03-17 02:00,11,0,2,G04,hidro,178.009
2026-03-17 02:00,11,0,2,G05,hidro,179.856
2026-03-17 02:00,11,0,2,G06,termo,94.218
2026-03-17 02:00,11,0,2,G07,termo,105.663
2026-03-17 02:00,11,0,2,G08,solar,0.0
2026-03-17 02:00,11,0,2,G09,solar,0.0
2026-03-17 02:00,11,0,2,G10,eolica,74.837
2026-03-17 03:00,11,0,3,G01,hidro,58.79
2026-03-17 03:00,11,0,3,G02,hidro,58.287
2026-03-17 03:00,11,0,3,G03,hidro,121.381
2026-03-17 03:00,11,0,3,G04,hidro,150.622
2026-03-17 03:00,11,0,3,G05,hidro,180.075
2026-03-17 03:00,11,0,3,G06,termo,96.09
2026-03-17 03:00,11,0,3,G07,termo,101.174
2026-03-17 03:00,11,0,3,G08,solar,0.0
2026-03-17 03:00,11,0,3,G09,solar,0.0
2026-03-17 03:00,11,0,3,G10,eolica,77.064
2026-03-17 04:00,11,0,4,G01,hidro,53.44
2026-03-17 04:00,11,0,4,G02,hidro,58.597
2026-03-17 04:00,11,0,4,G03,hidro,113.249
2026-03-17 04:00,11,0,4,G04,hidro,158.52
2026-03-17 04:00,11,0,4,G05,hidro,177.496
2026-03-17 04:00,11,0,4,G06,termo,87.625
2026-03-17 04:00,11,0,4,G07,termo,107.371
2026-03-17 04:00,11,0,4,G08,solar,0.0
2026-03-17 04:00,11,0,4,G09,solar,0.0
2026-03-17 04:00,11,0,4,G10,eolica,91.425
2026-03-17 05:00,11,0,5,G01,hidro,52.964
2026-03-17 05:00,11,0,5,G02,hidro,53.987
2026-03-17 05:00,11,0,5,G03,hidro,119.822
2026-03-17 05:00,11,0,5,G04,hidro,147.243
2026-03-17 05:00,11,0,5,G05,hidro,171.098
2026-03-17 05:00,11,0,5,G06,termo,97.515
2026-03-17 05:00,11,0,5,G07,termo,103.199
2026-03-17 05:00,11,0,5,G08,solar,0.0
2026-03-17 05:00,11,0,5,G09,solar,0.0
2026-03-17 05:00,11,0,5,G10,eolica,79.03
2026-03-17 06:00,11,0,6,G01,hidro,59.04
2026-03-17 06:00,11,0,6,G02,hidro,53.415
2026-03-17 06:00,11,0,6,G03,hidro,111.654
2026-03-17 06:00,11,0,6,G04,hidro,181.475
2026-03-17 06:00,11,0,6,G05,hidro,175.449
2026-03-17 06:00,11,0,6,G06,termo,94.821
2026-03-17 06:00,11,0,6,G07,termo,104.682
2026-03-17 06:00,11,0,6,G08,solar,0.0
2026-03-17 06:00,11,0,6,G09,solar,0.0
2026-03-17 06:00,11,0,6,G10,eolica,82.522
2026-03-17 07:00,11,0,7,G01,hidro,100.453
2026-03-17 07:00,11,0,7,G02,hidro,99.623
2026-03-17 07:00,11,0,7,G03,hidro,213.576
2026-03-17 07:00,11,0,7,G04,hidro,230.498
2026-03-17 07:00,11,0,7,G05,hidro,241.568
2026-03-17 07:00,11,0,7,G06,termo,174.301
2026-03-17 07:00,11,0,7,G07,termo,150.5
2026-03-17 07:00,11,0,7,G08,solar,44.991
2026-03-17 07:00,11,0,7,G09,solar,40.915
2026-03-17 07:00,11,0,7,G10,eolica,76.812
2026-03-17 08:00,11,0,8,G01,hidro,94.896
2026-03-17 08:00,11,0,8,G02,hidro,100.393
2026-03-17 08:00,11,0,8,G03,hidro,205.045
2026-03-17 08:00,11,0,8,G04,hidro,238.361
2026-03-17 08:00,11,0,8,G05,hidro,261.988
2026-03-17 08:00,11,0,8,G06,termo,158.334
2026-03-17 08:00,11,0,8,G07,termo,163.081
2026-03-17 08:00,11,0,8,G08,solar,43.462
2026-03-17 08:00,11,0,8,G09,solar,39.318
2026-03-17 08:00,11,0,8,G10,eolica,73.776
2026-03-17 09:00,11,0,9,G01,hidro,83.336
2026-03-17 09:00,11,0,9,G02,hidro,96.103
2026-03-17 09:00,11,0,9,G03,hidro,195.869
2026-03-17 09:00,11,0,9,G04,hidro,261.051
2026-03-17 09:00,11,0,9,G05,hidro,272.905
2026-03-17 09:00,11,0,9,G06,termo,142.98
2026-03-17 09:00,11,0,9,G07,termo,154.937
2026-03-17 09:00,11,0,9,G08,solar,114.869
2026-03-17 09:00,11,0,9,G09,solar,121.718
2026-03-17 09:00,11,0,9,G10,eolica,81.796
2026-03-17 10:00,11,0,10,G01,hidro,97.939
2026-03-17 10:00,11,0,10,G02,hidro,103.389
2026-03-17 10:00,11,0,10,G03,hidro,189.977
2026-03-17 10:00,11,0,10,G04,hidro,271.789
2026-03-17 10:00,11,0,10,G05,hidro,274.778
2026-03-17 10:00,11,0,10,G06,termo,155.212
2026-03-17 10:00,11,0,10,G07,termo,152.811
2026-03-17 10:00,11,0,10,G08,solar,121.512
2026-03-17 10:00,11,0,10,G09,solar,111.192
2026-03-17 10:00,11,0,10,G10,eolica,77.054
2026-03-17 11:00,11,0,11,G01,hidro,82.729
2026-03-17 11:00,11,0,11,G02,hidro,87.021
2026-03-17 11:00,11,0,11,G03,hidro,228.647
2026-03-17 11:00,11,0,11,G04,hidro,281.922
2026-03-17 11:00,11,0,11,G05,hidro,253.341
2026-03-17 11:00,11,0,11,G06,termo,164.879
2026-03-17 11:00,11,0,11,G07,termo,139.297
2026-03-17 11:00,11,0,11,G08,solar,126.615
2026-03-17 11:00,11,0,11,G09,solar,112.466
2026-03-17 11:00,11,0,11,G10,eolica,62.122
2026-03-17 12:00,11,0,12,G01,hidro,83.427
2026-03-17 12:00,11,0,12,G02,hidro,101.717
2026-03-17 12:00,11,0,12,G03,hidro,196.943
2026-03-17 12:00,11,0,12,G04,hidro,274.014
2026-03-17 12:00,11,0,12,G05,hidro,230.058
2026-03-17 12:00,11,0,12,G06,termo,176.249
2026-03-17 12:00,11,0,12,G07,termo,148.785
2026-03-17 12:00,11,0,12,G08,solar,149.892
2026-03-17 12:00,11,0,12,G09,solar,145.858
2026-03-17 12:00,11,0,12,G10,eolica,56.556
2026-03-17 13:00,11,0,13,G01,hidro,99.245
2026-03-17 13:00,11,0,13,G02,hidro,91.712
2026-03-17 13:00,11,0,13,G03,hidro,186.177
2026-03-17 13:00,11,0,13,G04,hidro,292.378
2026-03-17 13:00,11,0,13,G05,hidro,241.843
2026-03-17 13:00,11,0,13,G06,termo,162.281
2026-03-17 13:00,11,0,13,G07,termo,162.639
2026-03-17 13:00,11,0,13,G08,solar,138.535
2026-03-17 13:00,11,0,13,G09,solar,129.965
2026-03-17 13:00,11,0,13,G10,eolica,48.486
2026-03-17 14:00,11,0,14,G01,hidro,91.986
2026-03-17 14:00,11,0,14,G02,hidro,97.404
2026-03-17 14:00,11,0,14,G03,hidro,209.295
2026-03-17 14:00,11,0,14,G04,hidro,259.363
2026-03-17 14:00,11,0,14,G05,hidro,271.192
2026-03-17 14:00,11,0,14,G06,termo,149.996
2026-03-17 14:00,11,0,14,G07,termo,160.95
2026-03-17 14:00,11,0,14,G08,solar,135.308
2026-03-17 14:00,11,0,14,G09,solar,139.533
2026-03-17 14:00,11,0,14,G10,eolica,49.151
2026-03-17 15:00,11,0,15,G01,hidro,84.159
2026-03-17 15:00,11,0,15,G02,hidro,101.111
2026-03-17 15:00,11,0,15,G03,hidro,193.45
2026-03-17 15:00,11,0,15,G04,hidro,247.653
2026-03-17 15:00,11,0,15,G05,hidro,251.655
2026-03-17 15:00,11,0,15,G06,termo,161.633
2026-03-17 15:00,11,0,15,G07,termo,160.251
2026-03-17 15:00,11,0,15,G08,solar,149.502
2026-03-17 15:00,11,0,15,G09,solar,128.744
2026-03-17 15:00,11,0,15,G10,eolica,37.406
2026-03-17 16:00,11,0,16,G01,hidro,100.815
2026-03-17 16:00,11,0,16,G02,hidro,100.474
2026-03-17 16:00,11,0,16,G03,hidro,196.478
2026-03-17 16:00,11,0,16,G04,hidro,273.221
2026-03-17 16:00,11,0,16,G05,hidro,291.513
2026-03-17 16:00,11,0,16,G06,termo,151.486
2026-03-17 16:00,11,0,16,G07,termo,140.837
2026-03-17 16:00,11,0,16,G08,solar,77.73
2026-03-17 16:00,11,0,16,G09,solar,81.07
2026-03-17 16:00,11,0,16,G10,eolica,32.339
2026-03-17 17:00,11,0,17,G01,hidro,92.528
2026-03-17 17:00,11,0,17,G02,hidro,93.252
2026-03-17 17:00,11,0,17,G03,hidro,194.456
2026-03-17 17:00,11,0,17,G04,hidro,277.636
2026-03-17 17:00,11,0,17,G05,hidro,281.585
2026-03-17 17:00,11,0,17,G06,termo,141.554
2026-03-17 17:00,11,0,17,G07,termo,143.816
2026-03-17 17:00,11,0,17,G08,solar,72.69
2026-03-17 17:00,11,0,17,G09,solar,80.334
2026-03-17 17:00,11,0,17,G10,eolica,30.888
2026-03-17 18:00,11,0,18,G01,hidro,92.582
2026-03-17 18:00,11,0,18,G02,hidro,83.039
2026-03-17 18:00,11,0,18,G03,hidro,223.421
2026-03-17 18:00,11,0,18,G04,hidro,268.578
2026-03-17 18:00,11,0,18,G05,hidro,253.355
2026-03-17 18:00,11,0,18,G06,termo,149.689
2026-03-17 18:00,11,0,18,G07,termo,144.767
2026-03-17 18:00,11,0,18,G08,solar,13.898
2026-03-17 18:00,11,0,18,G09,solar,14.607
2026-03-17 18:00,11,0,18,G10,eolica,29.418
2026-03-17 19:00,11,0,19,G01,hidro,86.077
2026-03-17 19:00,11,0,19,G02,hidro,74.174
2026-03-17 19:00,11,0,19,G03,hidro,205.696
2026-03-17 19:00,11,0,19,G04,hidro,221.5
2026-03-17 19:00,11,0,19,G05,hidro,221.221
2026-03-17 19:00,11,0,19,G06,termo,127.957
2026-03-17 19:00,11,0,19,G07,termo,146.276
2026-03-17 19:00,11,0,19,G08,solar,13.779
2026-03-17 19:00,11,0,19,G09,solar,13.054
2026-03-17 19:00,11,0,19,G10,eolica,36.505
2026-03-17 20:00,11,0,20,G01,hidro,84.099
2026-03-17 20:00,11,0,20,G02,hidro,74.873
2026-03-17 20:00,11,0,20,G03,hidro,177.933
2026-03-17 20:00,11,0,20,G04,hidro,261.079
2026-03-17 20:00,11,0,20,G05,hidro,258.74
2026-03-17 20:00,11,0,20,G06,termo,140.741
2026-03-17 20:00,11,0,20,G07,termo,159.587
2026-03-17 20:00,11,0,20,G08,solar,0.0
2026-03-17 20:00,11,0,20,G09,solar,0.0
2026-03-17 20:00,11,0,20,G10,eolica,34.523
2026-03-17 21:00,11,0,21,G01,hidro,84.801
2026-03-17 21:00,11,0,21,G02,hidro,93.715
2026-03-17 21:00,11,0,21,G03,hidro,175.513
2026-03-17 21:00,11,0,21,G04,hidro,225.17
2026-03-17 21:00,11,0,21,G05,hidro,252.093
2026-03-17 21:00,11,0,21,G06,termo,160.457
2026-03-17 21:00,11,0,21,G07,termo,154.3
2026-03-17 21:00,11,0,21,G08,solar,0.0
2026-03-17 21:00,11,0,21,G09,solar,0.0
2026-03-17 21:00,11,0,21,G10,eolica,42.287
2026-03-17 22:00,11,0,22,G01,hidro,94.259
2026-03-17 22:00,11,0,22,G02,hidro,85.622
2026-03-17 22:00,11,0,22,G03,hidro,202.79
2026-03-17 22:00,11,0,22,G04,hidro,212.61
2026-03-17 22:00,11,0,22,G05,hidro,244.49
2026-03-17 22:00,11,0,22,G06,termo,138.676
2026-03-17 22:00,11,0,22,G07,termo,141.849
2026-03-17 22:00,11,0,22,G08,solar,0.0
2026-03-17 22:00,11,0,22,G09,solar,0.0
2026-03-17 22:00,11,0,22,G10,eolica,45.162
2026-03-17 23:00,11,0,23,G01,hidro,59.067
2026-03-17 23:00,11,0,23,G02,hidro,63.308
2026-03-17 23:00,11,0,23,G03,hidro,126.604
2026-03-17 23:00,11,0,23,G04,hidro,162.708
2026-03-17 23:00,11,0,23,G05,hidro,181.131
2026-03-17 23:00,11,0,23,G06,termo,97.842
2026-03-17 23:00,11,0,23,G07,termo,102.403
2026-03-17 23:00,11,0,23,G08,solar,0.0
2026-03-17 23:00,11,0,23,G09,solar,0.0
2026-03-17 23:00,11,0,23,G10,eolica,57.326
2026-03-18 00:00,11,1,0,G01,hidro,54.062
2026-03-18 00:00,11,1,0,G02,hidro,62.292
2026-03-18 00:00,11,1,0,G03,hidro,135.555
2026-03-18 00:00,11,1,0,G04,hidro,143.636
2026-03-18 00:00,11,1,0,G05,hidro,175.055
2026-03-18 00:00,11,1,0,G06,termo,86.928
2026-03-18 00:00,11,1,0,G07,termo,108.47
2026-03-18 00:00,11,1,0,G08,solar,0.0
2026-03-18 00:00,11,1,0,G09,solar,0.0
2026-03-18 00:00,11,1,0,G10,eolica,52.829
2026-03-18 01:00,11,1,1,G01,hidro,55.421
2026-03-18 01:00,11,1,1,G02,hidro,62.519
2026-03-18 01:00,11,1,1,G03,hidro,138.95
2026-03-18 01:00,11,1,1,G04,hidro,165.664
2026-03-18 01:00,11,1,1,G05,hidro,179.009
2026-03-18 01:00,11,1,1,G06,termo,108.975
2026-03-18 01:00,11,1,1,G07,termo,95.996
2026-03-18 01:00,11,1,1,G08,solar,0.0
2026-03-18 01:00,11,1,1,G09,solar,0.0
2026-03-18 01:00,11,1,1,G10,eolica,64.937
2026-03-18 02:00,11,1,2,G01,hidro,51.41
2026-03-18 02:00,11,1,2,G02,hidro,61.278
2026-03-18 02:00,11,1,2,G03,hidro,112.032
2026-03-18 02:00,11,1,2,G04,hidro,170.705
2026-03-18 02:00,11,1,2,G05,hidro,156.203
2026-03-18 02:00,11,1,2,G06,termo,110.135
2026-03-18 02:00,11,1,2,G07,termo,99.698
2026-03-18 02:00,11,1,2,G08,solar,0.0
2026-03-18 02:00,11,1,2,G09,solar,0.0
2026-03-18 02:00,11,1,2,G10,eolica,72.794
2026-03-18 03:00,11,1,3,G01,hidro,57.821
2026-03-18 03:00,11,1,3,G02,hidro,64.09
2026-03-18 03:00,11,1,3,G03,hidro,113.517
2026-03-18 03:00,11,1,3,G04,hidro,168.294
2026-03-18 03:00,11,1,3,G05,hidro,153.243
2026-03-18 03:00,11,1,3,G06,termo,110.371
2026-03-18 03:00,11,1,3,G07,termo,92.381
2026-03-18 03:00,11,1,3,G08,solar,0.0
2026-03-18 03:00,11,1,3,G09,solar,0.0
2026-03-18 03:00,11,1,3,G10,eolica,73.758
2026-03-18 04:00,11,1,4,G01,hidro,57.689
2026-03-18 04:00,11,1,4,G02,hidro,62.978
2026-03-18 04:00,11,1,4,G03,hidro,125.409
2026-03-18 04:00,11,1,4,G04,hidro,180.808
2026-03-18 04:00,11,1,4,G05,hidro,160.448
2026-03-18 04:00,11,1,4,G06,termo,88.343
2026-03-18 04:00,11,1,4,G07,termo,110.33
2026-03-18 04:00,11,1,4,G08,solar,0.0
2026-03-18 04:00,11,1,4,G09,solar,0.0
2026-03-18 04:00,11,1,4,G10,eolica,91.224
2026-03-18 05:00,11,1,5,G01,hidro,53.49
2026-03-18 05:00,11,1,5,G02,hidro,55.412
2026-03-18 05:00,11,1,5,G03,hidro,134.818
2026-03-18 05:00,11,1,5,G04,hidro,156.299
2026-03-18 05:00,11,1,5,G05,hidro,180.158
2026-03-18 05:00,11,1,5,G06,termo,90.949
2026-03-18 05:00,11,1,5,G07,termo,91.143
2026-03-18 05:00,11,1,5,G08,solar,0.0
2026-03-18 05:00,11,1,5,G09,solar,0.0
2026-03-18 05:00,11,1,5,G10,eolica,89.572
2026-03-18 06:00,11,1,6,G01,hidro,52.681
2026-03-18 06:00,11,1,6,G02,hidro,60.737
2026-03-18 06:00,11,1,6,G03,hidro,137.494
2026-03-18 06:00,11,1,6,G04,hidro,171.181
2026-03-18 06:00,11,1,6,G05,hidro,181.096
2026-03-18 06:00,11,1,6,G06,termo,95.753
2026-03-18 06:00,11,1,6,G07,termo,108.57
2026-03-18 06:00,11,1,6,G08,solar,0.0
2026-03-18 06:00,11,1,6,G09,solar,0.0
2026-03-18 06:00,11,1,6,G10,eolica,85.966
2026-03-18 07:00,11,1,7,G01,hidro,103.014
2026-03-18 07:00,11,1,7,G02,hidro,101.211
2026-03-18 07:00,11,1,7,G03,hidro,184.796
2026-03-18 07:00,11,1,7,G04,hidro,262.926
2026-03-18 07:00,11,1,7,G05,hidro,269.433
2026-03-18 07:00,11,1,7,G06,termo,157.927
2026-03-18 07:00,11,1,7,G07,termo,148.322
2026-03-18 07:00,11,1,7,G08,solar,41.48
2026-03-18 07:00,11,1,7,G09,solar,44.986
2026-03-18 07:00,11,1,7,G10,eolica,92.371
2026-03-18 08:00,11,1,8,G01,hidro,103.103
2026-03-18 08:00,11,1,8,G02,hidro,100.646
2026-03-18 08:00,11,1,8,G03,hidro,211.442
2026-03-18 08:00,11,1,8,G04,hidro,251.969
2026-03-18 08:00,11,1,8,G05,hidro,267.382
2026-03-18 08:00,11,1,8,G06,termo,175.071
2026-03-18 08:00,11,1,8,G07,termo,175.236
2026-03-18 08:00,11,1,8,G08,solar,42.501
2026-03-18 08:00,11,1,8,G09,solar,43.384
2026-03-18 08:00,11,1,8,G10,eolica,77.449
2026-03-18 09:00,11,1,9,G01,hidro,98.945
2026-03-18 09:00,11,1,9,G02,hidro,95.195
2026-03-18 09:00,11,1,9,G03,hidro,205.7
2026-03-18 09:00,11,1,9,G04,hidro,271.597
2026-03-18 09:00,11,1,9,G05,hidro,273.482
2026-03-18 09:00,11,1,9,G06,termo,143.798
2026-03-18 09:00,11,1,9,G07,termo,151.481
2026-03-18 09:00,11,1,9,G08,solar,118.664
2026-03-18 09:00,11,1,9,G09,solar,122.239
2026-03-18 09:00,11,1,9,G10,eolica,78.869
2026-03-18 10:00,11,1,10,G01,hidro,98.954
2026-03-18 10:00,11,1,10,G02,hidro,86.637
2026-03-18 10:00,11,1,10,G03,hidro,209.35
2026-03-18 10:00,11,1,10,G04,hidro,252.481
2026-03-18 10:00,11,1,10,G05,hidro,266.312
2026-03-18 10:00,11,1,10,G06,termo,148.29
2026-03-18 10:00,11,1,10,G07,termo,140.273
2026-03-18 10:00,11,1,10,G08,solar,117.995
2026-03-18 10:00,11,1,10,G09,solar,115.784
2026-03-18 10:00,11,1,10,G10,eolica,79.046
2026-03-18 11:00,11,1,11,G01,hidro,93.965
2026-03-18 11:00,11,1,11,G02,hidro,97.172
2026-03-18 11:00,11,1,11,G03,hidro,186.589
2026-03-18 11:00,11,1,11,G04,hidro,246.748
2026-03-18 11:00,11,1,11,G05,hidro,256.276
2026-03-18 11:00,11,1,11,G06,termo,177.443
2026-03-18 11:00,11,1,11,G07,termo,164.848
2026-03-18 11:00,11,1,11,G08,solar,116.601
2026-03-18 11:00,11,1,11,G09,solar,114.174
2026-03-18 11:00,11,1,11,G10,eolica,69.549
2026-03-18 12:00,11,1,12,G01,hidro,91.31
2026-03-18 12:00,11,1,12,G02,hidro,99.854
2026-03-18 12:00,11,1,12,G03,hidro,230.062
2026-03-18 12:00,11,1,12,G04,hidro,248.953
2026-03-18 12:00,11,1,12,G05,hidro,269.183
2026-03-18 12:00,11,1,12,G06,termo,147.286
2026-03-18 12:00,11,1,12,G07,termo,175.694
2026-03-18 12:00,11,1,12,G08,solar,145.323
2026-03-18 12:00,11,1,12,G09,solar,148.234
2026-03-18 12:00,11,1,12,G10,eolica,59.809
2026-03-18 13:00,11,1,13,G01,hidro,93.348
2026-03-18 13:00,11,1,13,G02,hidro,93.817
2026-03-18 13:00,11,1,13,G03,hidro,200.999
2026-03-18 13:00,11,1,13,G04,hidro,283.591
2026-03-18 13:00,11,1,13,G05,hidro,259.128
2026-03-18 13:00,11,1,13,G06,termo,162.917
2026-03-18 13:00,11,1,13,G07,termo,173.315
2026-03-18 13:00,11,1,13,G08,solar,135.504
2026-03-18 13:00,11,1,13,G09,solar,149.079
2026-03-18 13:00,11,1,13,G10,eolica,53.791
2026-03-18 14:00,11,1,14,G01,hidro,95.547
2026-03-18 14:00,11,1,14,G02,hidro,85.62
2026-03-18 14:00,11,1,14,G03,hidro,216.243
2026-03-18 14:00,11,1,14,G04,hidro,263.993
2026-03-18 14:00,11,1,14,G05,hidro,266.986
2026-03-18 14:00,11,1,14,G06,termo,149.618
2026-03-18 14:00,11,1,14,G07,termo,145.358
2026-03-18 14:00,11,1,14,G08,solar,130.05
2026-03-18 14:00,11,1,14,G09,solar,148.99
2026-03-18 14:00,11,1,14,G10,eolica,50.545
2026-03-18 15:00,11,1,15,G01,hidro,84.252
2026-03-18 15:00,11,1,15,G02,hidro,90.225
2026-03-18 15:00,11,1,15,G03,hidro,180.935
2026-03-18 15:00,11,1,15,G04,hidro,277.419
2026-03-18 15:00,11,1,15,G05,hidro,232.749
2026-03-18 15:00,11,1,15,G06,termo,172.451
2026-03-18 15:00,11,1,15,G07,termo,144.412
2026-03-18 15:00,11,1,15,G08,solar,148.214
2026-03-18 15:00,11,1,15,G09,solar,129.565
2026-03-18 15:00,11,1,15,G10,eolica,38.163
2026-03-18 16:00,11,1,16,G01,hidro,94.256
2026-03-18 16:00,11,1,16,G02,hidro,82.963
2026-03-18 16:00,11,1,16,G03,hidro,222.282
2026-03-18 16:00,11,1,16,G04,hidro,258.223
2026-03-18 16:00,11,1,16,G05,hidro,280.209
2026-03-18 16:00,11,1,16,G06,termo,151.28
2026-03-18 16:00,11,1,16,G07,termo,151.927
2026-03-18 16:00,11,1,16,G08,solar,81.756
2026-03-18 16:00,11,1,16,G09,solar,82.5
2026-03-18 16:00,11,1,16,G10,eolica,32.985
2026-03-18 17:00,11,1,17,G01,hidro,94.244
2026-03-18 17:00,11,1,17,G02,hidro,97.365
2026-03-18 17:00,11,1,17,G03,hidro,207.206
2026-03-18 17:00,11,1,17,G04,hidro,271.859
2026-03-18 17:00,11,1,17,G05,hidro,243.307
2026-03-18 17:00,11,1,17,G06,termo,177.415
2026-03-18 17:00,11,1,17,G07,termo,152.215
2026-03-18 17:00,11,1,17,G08,solar,73.189
2026-03-18 17:00,11,1,17,G09,solar,79.136
2026-03-18 17:00,11,1,17,G10,eolica,30.552
2026-03-18 18:00,11,1,18,G01,hidro,97.347
2026-03-18 18:00,11,1,18,G02,hidro,100.483
2026-03-18 18:00,11,1,18,G03,hidro,219.382
2026-03-18 18:00,11,1,18,G04,hidro,269.381
2026-03-18 18:00,11,1,18,G05,hidro,285.858
2026-03-18 18:00,11,1,18,G06,termo,146.716
2026-03-18 18:00,11,1,18,G07,termo,169.264
2026-03-18 18:00,11,1,18,G08,solar,13.47
2026-03-18 18:00,11,1,18,G09,solar,14.701
2026-03-18 18:00,11,1,18,G10,eolica,29.377
2026-03-18 19:00,11,1,19,G01,hidro,93.267
2026-03-18 19:00,11,1,19,G02,hidro,84.077
2026-03-18 19:00,11,1,19,G03,hidro,203.905
2026-03-18 19:00,11,1,19,G04,hidro,249.481
2026-03-18 19:00,11,1,19,G05,hidro,244.542
2026-03-18 19:00,11,1,19,G06,termo,148.966
2026-03-18 19:00,11,1,19,G07,termo,127.275
2026-03-18 19:00,11,1,19,G08,solar,13.092
2026-03-18 19:00,11,1,19,G09,solar,13.662
2026-03-18 19:00,11,1,19,G10,eolica,29.78
2026-03-18 20:00,11,1,20,G01,hidro,75.097
2026-03-18 20:00,11,1,20,G02,hidro,87.656
2026-03-18 20:00,11,1,20,G03,hidro,186.272
2026-03-18 20:00,11,1,20,G04,hidro,264.631
2026-03-18 20:00,11,1,20,G05,hidro,254.696
2026-03-18 20:00,11,1,20,G06,termo,152.705
2026-03-18 20:00,11,1,20,G07,termo,134.953
2026-03-18 20:00,11,1,20,G08,solar,0.0
2026-03-18 20:00,11,1,20,G09,solar,0.0
2026-03-18 20:00,11,1,20,G10,eolica,39.62
2026-03-18 21:00,11,1,21,G01,hidro,90.219
2026-03-18 21:00,11,1,21,G02,hidro,93.606
2026-03-18 21:00,11,1,21,G03,hidro,179.004
2026-03-18 21:00,11,1,21,G04,hidro,258.864
2026-03-18 21:00,11,1,21,G05,hidro,254.394
2026-03-18 21:00,11,1,21,G06,termo,126.792
2026-03-18 21:00,11,1,21,G07,termo,150.427
2026-03-18 21:00,11,1,21,G08,solar,0.0
2026-03-18 21:00,11,1,21,G09,solar,0.0
2026-03-18 21:00,11,1,21,G10,eolica,38.782
2026-03-18 22:00,11,1,22,G01,hidro,75.102
2026-03-18 22:00,11,1,22,G02,hidro,83.749
2026-03-18 22:00,11,1,22,G03,hidro,184.315
2026-03-18 22:00,11,1,22,G04,hidro,254.233
2026-03-18 22:00,11,1,22,G05,hidro,220.116
2026-03-18 22:00,11,1,22,G06,termo,150.196
2026-03-18 22:00,11,1,22,G07,termo,147.716
2026-03-18 22:00,11,1,22,G08,solar,0.0
2026-03-18 22:00,11,1,22,G09,solar,0.0
2026-03-18 22:00,11,1,22,G10,eolica,47.75
2026-03-18 23:00,11,1,23,G01,hidro,69.932
2026-03-18 23:00,11,1,23,G02,hidro,54.849
2026-03-18 23:00,11,1,23,G03,hidro,143.106
2026-03-18 23:00,11,1,23,G04,hidro,163.08
2026-03-18 23:00,11,1,23,G05,hidro,160.283
2026-03-18 23:00,11,1,23,G06,termo,109.369
2026-03-18 23:00,11,1,23,G07,termo,98.449
2026-03-18 23:00,11,1,23,G08,solar,0.0
2026-03-18 23:00,11,1,23,G09,solar,0.0
2026-03-18 23:00,11,1,23,G10,eolica,54.825
2026-03-19 00:00,11,2,0,G01,hidro,61.854
2026-03-19 00:00,11,2,0,G02,hidro,54.959
2026-03-19 00:00,11,2,0,G03,hidro,133.771
2026-03-19 00:00,11,2,0,G04,hidro,175.571
2026-03-19 00:00,11,2,0,G05,hidro,154.216
2026-03-19 00:00,11,2,0,G06,termo,106.443
2026-03-19 00:00,11,2,0,G07,termo,99.497
2026-03-19 00:00,11,2,0,G08,solar,0.0
2026-03-19 00:00,11,2,0,G09,solar,0.0
2026-03-19 00:00,11,2,0,G10,eolica,64.609
2026-03-19 01:00,11,2,1,G01,hidro,63.369
2026-03-19 01:00,11,2,1,G02,hidro,51.143
2026-03-19 01:00,11,2,1,G03,hidro,115.013
2026-03-19 01:00,11,2,1,G04,hidro,163.27
2026-03-19 01:00,11,2,1,G05,hidro,154.922
2026-03-19 01:00,11,2,1,G06,termo,101.676
2026-03-19 01:00,11,2,1,G07,termo,90.105
2026-03-19 01:00,11,2,1,G08,solar,0.0
2026-03-19 01:00,11,2,1,G09,solar,0.0
2026-03-19 01:00,11,2,1,G10,eolica,64.223
2026-03-19 02:00,11,2,2,G01,hidro,63.536
2026-03-19 02:00,11,2,2,G02,hidro,59.134
2026-03-19 02:00,11,2,2,G03,hidro,129.525
2026-03-19 02:00,11,2,2,G04,hidro,164.965
2026-03-19 02:00,11,2,2,G05,hidro,158.742
2026-03-19 02:00,11,2,2,G06,termo,106.356
2026-03-19 02:00,11,2,2,G07,termo,94.091
2026-03-19 02:00,11,2,2,G08,solar,0.0
2026-03-19 02:00,11,2,2,G09,solar,0.0
2026-03-19 02:00,11,2,2,G10,eolica,66.496
2026-03-19 03:00,11,2,3,G01,hidro,56.327
2026-03-19 03:00,11,2,3,G02,hidro,54.259
2026-03-19 03:00,11,2,3,G03,hidro,119.256
2026-03-19 03:00,11,2,3,G04,hidro,142.518
2026-03-19 03:00,11,2,3,G05,hidro,157.601
2026-03-19 03:00,11,2,3,G06,termo,86.996
2026-03-19 03:00,11,2,3,G07,termo,101.28
2026-03-19 03:00,11,2,3,G08,solar,0.0
2026-03-19 03:00,11,2,3,G09,solar,0.0
2026-03-19 03:00,11,2,3,G10,eolica,75.022
2026-03-19 04:00,11,2,4,G01,hidro,62.726
2026-03-19 04:00,11,2,4,G02,hidro,59.978
2026-03-19 04:00,11,2,4,G03,hidro,142.379
2026-03-19 04:00,11,2,4,G04,hidro,167.485
2026-03-19 04:00,11,2,4,G05,hidro,144.727
2026-03-19 04:00,11,2,4,G06,termo,104.933
2026-03-19 04:00,11,2,4,G07,termo,93.686
2026-03-19 04:00,11,2,4,G08,solar,0.0
2026-03-19 04:00,11,2,4,G09,solar,0.0
2026-03-19 04:00,11,2,4,G10,eolica,80.23
2026-03-19 05:00,11,2,5,G01,hidro,62.461
2026-03-19 05:00,11,2,5,G02,hidro,55.821
2026-03-19 05:00,11,2,5,G03,hidro,116.617
2026-03-19 05:00,11,2,5,G04,hidro,149.284
2026-03-19 05:00,11,2,5,G05,hidro,161.285
2026-03-19 05:00,11,2,5,G06,termo,100.36
2026-03-19 05:00,11,2,5,G07,termo,94.4
2026-03-19 05:00,11,2,5,G08,solar,0.0
2026-03-19 05:00,11,2,5,G09,solar,0.0
2026-03-19 05:00,11,2,5,G10,eolica,78.945
2026-03-19 06:00,11,2,6,G01,hidro,51.409
2026-03-19 06:00,11,2,6,G02,hidro,64.992
2026-03-19 06:00,11,2,6,G03,hidro,138.799
2026-03-19 06:00,11,2,6,G04,hidro,164.612
2026-03-19 06:00,11,2,6,G05,hidro,178.778
2026-03-19 06:00,11,2,6,G06,termo,94.996
2026-03-19 06:00,11,2,6,G07,termo,87.569
2026-03-19 06:00,11,2,6,G08,solar,0.0
2026-03-19 06:00,11,2,6,G09,solar,0.0
2026-03-19 06:00,11,2,6,G10,eolica,84.087
2026-03-19 07:00,11,2,7,G01,hidro,98.132
2026-03-19 07:00,11,2,7,G02,hidro,89.343
2026-03-19 07:00,11,2,7,G03,hidro,196.212
2026-03-19 07:00,11,2,7,G04,hidro,245.08
2026-03-19 07:00,11,2,7,G05,hidro,283.306
2026-03-19 07:00,11,2,7,G06,termo,142.926
2026-03-19 07:00,11,2,7,G07,termo,143.341
2026-03-19 07:00,11,2,7,G08,solar,41.006
2026-03-19 07:00,11,2,7,G09,solar,38.889
2026-03-19 07:00,11,2,7,G10,eolica,84.65
2026-03-19 08:00,11,2,8,G01,hidro,87.976
2026-03-19 08:00,11,2,8,G02,hidro,92.592
2026-03-19 08:00,11,2,8,G03,hidro,209.541
2026-03-19 08:00,11,2,8,G04,hidro,260.636
2026-03-19 08:00,11,2,8,G05,hidro,268.488
2026-03-19 08:00,11,2,8,G06,termo,165.173
2026-03-19 08:00,11,2,8,G07,termo,151.11
2026-03-19 08:00,11,2,8,G08,solar,44.118
2026-03-19 08:00,11,2,8,G09,solar,40.286
2026-03-19 08:00,11,2,8,G10,eolica,89.419
2026-03-19 09:00,11,2,9,G01,hidro,93.741
2026-03-19 09:00,11,2,9,G02,hidro,93.415
2026-03-19 09:00,11,2,9,G03,hidro,184.116
2026-03-19 09:00,11,2,9,G04,hidro,258.667
2026-03-19 09:00,11,2,9,G05,hidro,249.851
2026-03-19 09:00,11,2,9,G06,termo,143.958
2026-03-19 09:00,11,2,9,G07,termo,158.959
2026-03-19 09:00,11,2,9,G08,solar,112.979
2026-03-19 09:00,11,2,9,G09,solar,113.527
2026-03-19 09:00,11,2,9,G10,eolica,79.651
2026-03-19 10:00,11,2,10,G01,hidro,98.692
2026-03-19 10:00,11,2,10,G02,hidro,96.104
2026-03-19 10:00,11,2,10,G03,hidro,203.688
2026-03-19 10:00,11,2,10,G04,hidro,232.805
2026-03-19 10:00,11,2,10,G05,hidro,255.056
2026-03-19 10:00,11,2,10,G06,termo,166.144
2026-03-19 10:00,11,2,10,G07,termo,146.259
2026-03-19 10:00,11,2,10,G08,solar,124.667
2026-03-19 10:00,11,2,10,G09,solar,118.447
2026-03-19 10:00,11,2,10,G10,eolica,65.828
2026-03-19 11:00,11,2,11,G01,hidro,101.695
2026-03-19 11:00,11,2,11,G02,hidro,92.113
2026-03-19 11:00,11,2,11,G03,hidro,229.76
2026-03-19 11:00,11,2,11,G04,hidro,260.333
2026-03-19 11:00,11,2,11,G05,hidro,272.633
2026-03-19 11:00,11,2,11,G06,termo,167.21
2026-03-19 11:00,11,2,11,G07,termo,172.573
2026-03-19 11:00,11,2,11,G08,solar,111.676
2026-03-19 11:00,11,2,11,G09,solar,121.608
2026-03-19 11:00,11,2,11,G10,eolica,66.184
2026-03-19 12:00,11,2,12,G01,hidro,86.941
2026-03-19 12:00,11,2,12,G02,hidro,91.49
2026-03-19 12:00,11,2,12,G03,hidro,207.014
2026-03-19 12:00,11,2,12,G04,hidro,268.53
2026-03-19 12:00,11,2,12,G05,hidro,258.167
2026-03-19 12:00,11,2,12,G06,termo,166.619
2026-03-19 12:00,11,2,12,G07,termo,159.045
2026-03-19 12:00,11,2,12,G08,solar,133.032
2026-03-19 12:00,11,2,12,G09,solar,147.157
2026-03-19 12:00,11,2,12,G10,eolica,63.951
2026-03-19 13:00,11,2,13,G01,hidro,102.275
2026-03-19 13:00,11,2,13,G02,hidro,99.484
2026-03-19 13:00,11,2,13,G03,hidro,199.853
2026-03-19 13:00,11,2,13,G04,hidro,266.688
2026-03-19 13:00,11,2,13,G05,hidro,278.74
2026-03-19 13:00,11,2,13,G06,termo,162.925
2026-03-19 13:00,11,2,13,G07,termo,169.258
2026-03-19 13:00,11,2,13,G08,solar,146.757
2026-03-19 13:00,11,2,13,G09,solar,130.257
2026-03-19 13:00,11,2,13,G10,eolica,53.531
2026-03-19 14:00,11,2,14,G01,hidro,102.268
2026-03-19 14:00,11,2,14,G02,hidro,91.761
2026-03-19 14:00,11,2,14,G03,hidro,209.128
2026-03-19 14:00,11,2,14,G04,hidro,251.003
2026-03-19 14:00,11,2,14,G05,hidro,291.863
2026-03-19 14:00,11,2,14,G06,termo,148.981
2026-03-19 14:00,11,2,14,G07,termo,142.702
2026-03-19 14:00,11,2,14,G08,solar,144.524
2026-03-19 14:00,11,2,14,G09,solar,145.607
2026-03-19 14:00,11,2,14,G10,eolica,43.983
2026-03-19 15:00,11,2,15,G01,hidro,96.165
2026-03-19 15:00,11,2,15,G02,hidro,103.281
2026-03-19 15:00,11,2,15,G03,hidro,218.131
2026-03-19 15:00,11,2,15,G04,hidro,274.094
2026-03-19 15:00,11,2,15,G05,hidro,248.538
2026-03-19 15:00,11,2,15,G06,termo,157.374
2026-03-19 15:00,11,2,15,G07,termo,142.266
2026-03-19 15:00,11,2,15,G08,solar,133.378
2026-03-19 15:00,11,2,15,G09,solar,142.286
2026-03-19 15:00,11,2,15,G10,eolica,42.683
2026-03-19 16:00,11,2,16,G01,hidro,102.096
2026-03-19 16:00,11,2,16,G02,hidro,88.92
2026-03-19 16:00,11,2,16,G03,hidro,187.066
2026-03-19 16:00,11,2,16,G04,hidro,257.821
2026-03-19 16:00,11,2,16,G05,hidro,288.827
2026-03-19 16:00,11,2,16,G06,termo,159.599
2026-03-19 16:00,11,2,16,G07,termo,145.511
2026-03-19 16:00,11,2,16,G08,solar,78.884
2026-03-19 16:00,11,2,16,G09,solar,80.855
2026-03-19 16:00,11,2,16,G10,eolica,36.449
2026-03-19 17:00,11,2,17,G01,hidro,90.246
2026-03-19 17:00,11,2,17,G02,hidro,91.226
2026-03-19 17:00,11,2,17,G03,hidro,221.659
2026-03-19 17:00,11,2,17,G04,hidro,265.277
2026-03-19 17:00,11,2,17,G05,hidro,247.942
2026-03-19 17:00,11,2,17,G06,termo,149.96
2026-03-19 17:00,11,2,17,G07,termo,159.665
2026-03-19 17:00,11,2,17,G08,solar,70.366
2026-03-19 17:00,11,2,17,G09,solar,75.071
2026-03-19 17:00,11,2,17,G10,eolica,36.114
2026-03-19 18:00,11,2,18,G01,hidro,93.274
2026-03-19 18:00,11,2,18,G02,hidro,101.582
2026-03-19 18:00,11,2,18,G03,hidro,199.495
2026-03-19 18:00,11,2,18,G04,hidro,287.094
2026-03-19 18:00,11,2,18,G05,hidro,275.161
2026-03-19 18:00,11,2,18,G06,termo,166.837
2026-03-19 18:00,11,2,18,G07,termo,139.701
2026-03-19 18:00,11,2,18,G08,solar,14.775
2026-03-19 18:00,11,2,18,G09,solar,13.031
2026-03-19 18:00,11,2,18,G10,eolica,34.92
2026-03-19 19:00,11,2,19,G01,hidro,92.605
2026-03-19 19:00,11,2,19,G02,hidro,83.172
2026-03-19 19:00,11,2,19,G03,hidro,193.179
2026-03-19 19:00,11,2,19,G04,hidro,243.953
2026-03-19 19:00,11,2,19,G05,hidro,255.063
2026-03-19 19:00,11,2,19,G06,termo,142.488
2026-03-19 19:00,11,2,19,G07,termo,146.867
2026-03-19 19:00,11,2,19,G08,solar,12.859
2026-03-19 19:00,11,2,19,G09,solar,13.49
2026-03-19 19:00,11,2,19,G10,eolica,34.475
2026-03-19 20:00,11,2,20,G01,hidro,84.021
2026-03-19 20:00,11,2,20,G02,hidro,78.552
2026-03-19 20:00,11,2,20,G03,hidro,189.32
2026-03-19 20:00,11,2,20,G04,hidro,254.64
2026-03-19 20:00,11,2,20,G05,hidro,229.243
2026-03-19 20:00,11,2,20,G06,termo,146.025
2026-03-19 20:00,11,2,20,G07,termo,139.577
2026-03-19 20:00,11,2,20,G08,solar,0.0
2026-03-19 20:00,11,2,20,G09,solar,0.0
2026-03-19 20:00,11,2,20,G10,eolica,35.145
2026-03-19 21:00,11,2,21,G01,hidro,80.287
2026-03-19 21:00,11,2,21,G02,hidro,92.582
2026-03-19 21:00,11,2,21,G03,hidro,201.68
2026-03-19 21:00,11,2,21,G04,hidro,264.401
2026-03-19 21:00,11,2,21,G05,hidro,220.519
2026-03-19 21:00,11,2,21,G06,termo,127.596
2026-03-19 21:00,11,2,21,G07,termo,151.193
2026-03-19 21:00,11,2,21,G08,solar,0.0
2026-03-19 21:00,11,2,21,G09,solar,0.0
2026-03-19 21:00,11,2,21,G10,eolica,37.911
2026-03-19 22:00,11,2,22,G01,hidro,81.779
2026-03-19 22:00,11,2,22,G02,hidro,81.025
2026-03-19 22:00,11,2,22,G03,hidro,168.648
2026-03-19 22:00,11,2,22,G04,hidro,246.427
2026-03-19 22:00,11,2,22,G05,hidro,222.727
2026-03-19 22:00,11,2,22,G06,termo,137.714
2026-03-19 22:00,11,2,22,G07,termo,142.161
2026-03-19 22:00,11,2,22,G08,solar,0.0
2026-03-19 22:00,11,2,22,G09,solar,0.0
2026-03-19 22:00,11,2,22,G10,eolica,46.609
2026-03-19 23:00,11,2,23,G01,hidro,64.283
2026-03-19 23:00,11,2,23,G02,hidro,64.864
2026-03-19 23:00,11,2,23,G03,hidro,125.401
2026-03-19 23:00,11,2,23,G04,hidro,182.796
2026-03-19 23:00,11,2,23,G05,hidro,155.06
2026-03-19 23:00,11,2,23,G06,termo,110.427
2026-03-19 23:00,11,2,23,G07,termo,109.53
2026-03-19 23:00,11,2,23,G08,solar,0.0
2026-03-19 23:00,11,2,23,G09,solar,0.0
2026-03-19 23:00,11,2,23,G10,eolica,52.957
2026-03-20 00:00,11,3,0,G01,hidro,56.567
2026-03-20 00:00,11,3,0,G02,hidro,64.724
2026-03-20 00:00,11,3,0,G03,hidro,122.899
2026-03-20 00:00,11,3,0,G04,hidro,172.845
2026-03-20 00:00,11,3,0,G05,hidro,159.704
2026-03-20 00:00,11,3,0,G06,termo,110.243
2026-03-20 00:00,11,3,0,G07,termo,91.035
2026-03-20 00:00,11,3,0,G08,solar,0.0
2026-03-20 00:00,11,3,0,G09,solar,0.0
2026-03-20 00:00,11,3,0,G10,eolica,63.277
2026-03-20 01:00,11,3,1,G01,hidro,57.2
2026-03-20 01:00,11,3,1,G02,hidro,58.396
2026-03-20 01:00,11,3,1,G03,hidro,126.859
2026-03-20 01:00,11,3,1,G04,hidro,152.538
2026-03-20 01:00,11,3,1,G05,hidro,168.582
2026-03-20 01:00,11,3,1,G06,termo,107.811
2026-03-20 01:00,11,3,1,G07,termo,106.865
2026-03-20 01:00,11,3,1,G08,solar,0.0
2026-03-20 01:00,11,3,1,G09,solar,0.0
2026-03-20 01:00,11,3,1,G10,eolica,62.145
2026-03-20 02:00,11,3,2,G01,hidro,59.381
2026-03-20 02:00,11,3,2,G02,hidro,56.578
2026-03-20 02:00,11,3,2,G03,hidro,122.818
2026-03-20 02:00,11,3,2,G04,hidro,172.776
2026-03-20 02:00,11,3,2,G05,hidro,170.633
2026-03-20 02:00,11,3,2,G06,termo,99.836
2026-03-20 02:00,11,3,2,G07,termo,102.995
2026-03-20 02:00,11,3,2,G08,solar,0.0
2026-03-20 02:00,11,3,2,G09,solar,0.0
2026-03-20 02:00,11,3,2,G10,eolica,75.101
2026-03-20 03:00,11,3,3,G01,hidro,56.882
2026-03-20 03:00,11,3,3,G02,hidro,58.55
2026-03-20 03:00,11,3,3,G03,hidro,113.392
2026-03-20 03:00,11,3,3,G04,hidro,158.96
2026-03-20 03:00,11,3,3,G05,hidro,170.979
2026-03-20 03:00,11,3,3,G06,termo,87.395
2026-03-20 03:00,11,3,3,G07,termo,107.829
2026-03-20 03:00,11,3,3,G08,solar,0.0
2026-03-20 03:00,11,3,3,G09,solar,0.0
2026-03-20 03:00,11,3,3,G10,eolica,76.657
2026-03-20 04:00,11,3,4,G01,hidro,60.415
2026-03-20 04:00,11,3,4,G02,hidro,60.267
2026-03-20 04:00,11,3,4,G03,hidro,116.44
2026-03-20 04:00,11,3,4,G04,hidro,170.257
2026-03-20 04:00,11,3,4,G05,hidro,142.834
2026-03-20 04:00,11,3,4,G06,termo,110.339
2026-03-20 04:00,11,3,4,G07,termo,99.576
2026-03-20 04:00,11,3,4,G08,solar,0.0
2026-03-20 04:00,11,3,4,G09,solar,0.0
2026-03-20 04:00,11,3,4,G10,eolica,90.961
2026-03-20 05:00,11,3,5,G01,hidro,60.258
2026-03-20 05:00,11,3,5,G02,hidro,56.263
2026-03-20 05:00,11,3,5,G03,hidro,132.348
2026-03-20 05:00,11,3,5,G04,hidro,142.646
2026-03-20 05:00,11,3,5,G05,hidro,155.657
2026-03-20 05:00,11,3,5,G06,termo,108.593
2026-03-20 05:00,11,3,5,G07,termo,95.205
2026-03-20 05:00,11,3,5,G08,solar,0.0
2026-03-20 05:00,11,3,5,G09,solar,0.0
2026-03-20 05:00,11,3,5,G10,eolica,88.966
2026-03-20 06:00,11,3,6,G01,hidro,51.062
2026-03-20 06:00,11,3,6,G02,hidro,60.336
2026-03-20 06:00,11,3,6,G03,hidro,130.93
2026-03-20 06:00,11,3,6,G04,hidro,181.447
2026-03-20 06:00,11,3,6,G05,hidro,150.808
2026-03-20 06:00,11,3,6,G06,termo,96.74
2026-03-20 06:00,11,3,6,G07,termo,103.238
2026-03-20 06:00,11,3,6,G08,solar,0.0
2026-03-20 06:00,11,3,6,G09,solar,0.0
2026-03-20 06:00,11,3,6,G10,eolica,79.058
2026-03-20 07:00,11,3,7,G01,hidro,96.272
2026-03-20 07:00,11,3,7,G02,hidro,104.802
2026-03-20 07:00,11,3,7,G03,hidro,200.939
2026-03-20 07:00,11,3,7,G04,hidro,240.619
2026-03-20 07:00,11,3,7,G05,hidro,255.967
2026-03-20 07:00,11,3,7,G06,termo,160.173
2026-03-20 07:00,11,3,7,G07,termo,152.297
2026-03-20 07:00,11,3,7,G08,solar,42.301
2026-03-20 07:00,11,3,7,G09,solar,39.384
2026-03-20 07:00,11,3,7,G10,eolica,85.719
2026-03-20 08:00,11,3,8,G01,hidro,102.363
2026-03-20 08:00,11,3,8,G02,hidro,88.646
2026-03-20 08:00,11,3,8,G03,hidro,218.611
2026-03-20 08:00,11,3,8,G04,hidro,284.683
2026-03-20 08:00,11,3,8,G05,hidro,268.888
2026-03-20 08:00,11,3,8,G06,termo,156.67
2026-03-20 08:00,11,3,8,G07,termo,156.148
2026-03-20 08:00,11,3,8,G08,solar,41.137
2026-03-20 08:00,11,3,8,G09,solar,41.065
2026-03-20 08:00,11,3,8,G10,eolica,87.11
2026-03-20 09:00,11,3,9,G01,hidro,98.202
2026-03-20 09:00,11,3,9,G02,hidro,88.279
2026-03-20 09:00,11,3,9,G03,hidro,183.568
2026-03-20 09:00,11,3,9,G04,hidro,252.118
2026-03-20 09:00,11,3,9,G05,hidro,258.134
2026-03-20 09:00,11,3,9,G06,termo,177.5
2026-03-20 09:00,11,3,9,G07,termo,178.135
2026-03-20 09:00,11,3,9,G08,solar,110.721
2026-03-20 09:00,11,3,9,G09,solar,124.301
2026-03-20 09:00,11,3,9,G10,eolica,77.466
2026-03-20 10:00,11,3,10,G01,hidro,95.12
2026-03-20 10:00,11,3,10,G02,hidro,84.76
2026-03-20 10:00,11,3,10,G03,hidro,217.877
2026-03-20 10:00,11,3,10,G04,hidro,280.18
2026-03-20 10:00,11,3,10,G05,hidro,243.508
2026-03-20 10:00,11,3,10,G06,termo,163.437
2026-03-20 10:00,11,3,10,G07,termo,149.388
2026-03-20 10:00,11,3,10,G08,solar,108.482
2026-03-20 10:00,11,3,10,G09,solar,124.899
2026-03-20 10:00,11,3,10,G10,eolica,71.724
2026-03-20 11:00,11,3,11,G01,hidro,102.356
2026-03-20 11:00,11,3,11,G02,hidro,90.645
2026-03-20 11:00,11,3,11,G03,hidro,182.966
2026-03-20 11:00,11,3,11,G04,hidro,242.199
2026-03-20 11:00,11,3,11,G05,hidro,292.12
2026-03-20 11:00,11,3,11,G06,termo,168.588
2026-03-20 11:00,11,3,11,G07,termo,144.388
2026-03-20 11:00,11,3,11,G08,solar,114.355
2026-03-20 11:00,11,3,11,G09,solar,118.366
2026-03-20 11:00,11,3,11,G10,eolica,61.847
2026-03-20 12:00,11,3,12,G01,hidro,89.21
2026-03-20 12:00,11,3,12,G02,hidro,101.137
2026-03-20 12:00,11,3,12,G03,hidro,216.707
2026-03-20 12:00,11,3,12,G04,hidro,261.784
2026-03-20 12:00,11,3,12,G05,hidro,264.498
2026-03-20 12:00,11,3,12,G06,termo,169.577
2026-03-20 12:00,11,3,12,G07,termo,168.414
2026-03-20 12:00,11,3,12,G08,solar,137.143
2026-03-20 12:00,11,3,12,G09,solar,147.07
2026-03-20 12:00,11,3,12,G10,eolica,52.918
2026-03-20 13:00,11,3,13,G01,hidro,97.005
2026-03-20 13:00,11,3,13,G02,hidro,93.348
2026-03-20 13:00,11,3,13,G03,hidro,203.781
2026-03-20 13:00,11,3,13,G04,hidro,249.149
2026-03-20 13:00,11,3,13,G05,hidro,232.491
2026-03-20 13:00,11,3,13,G06,termo,140.892
2026-03-20 13:00,11,3,13,G07,termo,150.262
2026-03-20 13:00,11,3,13,G08,solar,131.704
2026-03-20 13:00,11,3,13,G09,solar,133.628
2026-03-20 13:00,11,3,13,G10,eolica,46.915
2026-03-20 14:00,11,3,14,G01,hidro,84.146
2026-03-20 14:00,11,3,14,G02,hidro,100.246
2026-03-20 14:00,11,3,14,G03,hidro,226.11
2026-03-20 14:00,11,3,14,G04,hidro,271.625
2026-03-20 14:00,11,3,14,G05,hidro,272.55
2026-03-20 14:00,11,3,14,G06,termo,161.773
2026-03-20 14:00,11,3,14,G07,termo,141.821
2026-03-20 14:00,11,3,14,G08,solar,148.604
2026-03-20 14:00,11,3,14,G09,solar,137.143
2026-03-20 14:00,11,3,14,G10,eolica,41.19
2026-03-20 15:00,11,3,15,G01,hidro,89.677
2026-03-20 15:00,11,3,15,G02,hidro,89.03
2026-03-20 15:00,11,3,15,G03,hidro,204.491
2026-03-20 15:00,11,3,15,G04,hidro,233.59
2026-03-20 15:00,11,3,15,G05,hidro,287.738
2026-03-20 15:00,11,3,15,G06,termo,165.751
2026-03-20 15:00,11,3,15,G07,termo,164.201
2026-03-20 15:00,11,3,15,G08,solar,129.113
2026-03-20 15:00,11,3,15,G09,solar,143.187
2026-03-20 15:00,11,3,15,G10,eolica,43.421
2026-03-20 16:00,11,3,16,G01,hidro,89.379
2026-03-20 16:00,11,3,16,G02,hidro,93.737
2026-03-20 16:00,11,3,16,G03,hidro,193.504
2026-03-20 16:00,11,3,16,G04,hidro,258.021
2026-03-20 16:00,11,3,16,G05,hidro,291.133
2026-03-20 16:00,11,3,16,G06,termo,143.05
2026-03-20 16:00,11,3,16,G07,termo,152.218
2026-03-20 16:00,11,3,16,G08,solar,79.324
2026-03-20 16:00,11,3,16,G09,solar,74.982
2026-03-20 16:00,11,3,16,G10,eolica,35.616
2026-03-20 17:00,11,3,17,G01,hidro,99.202
2026-03-20 17:00,11,3,17,G02,hidro,89.939
2026-03-20 17:00,11,3,17,G03,hidro,199.204
2026-03-20 17:00,11,3,17,G04,hidro,255.978
2026-03-20 17:00,11,3,17,G05,hidro,293.397
2026-03-20 17:00,11,3,17,G06,termo,167.376
2026-03-20 17:00,11,3,17,G07,termo,139.676
2026-03-20 17:00,11,3,17,G08,solar,80.769
2026-03-20 17:00,11,3,17,G09,solar,78.195
2026-03-20 17:00,11,3,17,G10,eolica,31.804
2026-03-20 18:00,11,3,18,G01,hidro,104.814
2026-03-20 18:00,11,3,18,G02,hidro,86.967
2026-03-20 18:00,11,3,18,G03,hidro,225.595
2026-03-20 18:00,11,3,18,G04,hidro,289.216
2026-03-20 18:00,11,3,18,G05,hidro,271.914
2026-03-20 18:00,11,3,18,G06,termo,154.592
2026-03-20 18:00,11,3,18,G07,termo,153.709
2026-03-20 18:00,11,3,18,G08,solar,13.724
2026-03-20 18:00,11,3,18,G09,solar,13.899
2026-03-20 18:00,11,3,18,G10,eolica,33.082
2026-03-20 19:00,11,3,19,G01,hidro,90.257
2026-03-20 19:00,11,3,19,G02,hidro,87.234
2026-03-20 19:00,11,3,19,G03,hidro,198.589
2026-03-20 19:00,11,3,19,G04,hidro,249.948
2026-03-20 19:00,11,3,19,G05,hidro,243.353
2026-03-20 19:00,11,3,19,G06,termo,153.777
2026-03-20 19:00,11,3,19,G07,termo,154.822
2026-03-20 19:00,11,3,19,G08,solar,13.37
2026-03-20 19:00,11,3,19,G09,solar,14.826
2026-03-20 19:00,11,3,19,G10,eolica,33.029
2026-03-20 20:00,11,3,20,G01,hidro,77.118
2026-03-20 20:00,11,3,20,G02,hidro,79.092
2026-03-20 20:00,11,3,20,G03,hidro,195.611
2026-03-20 20:00,11,3,20,G04,hidro,239.067
2026-03-20 20:00,11,3,20,G05,hidro,228.528
2026-03-20 20:00,11,3,20,G06,termo,155.272
2026-03-20 20:00,11,3,20,G07,termo,157.621
2026-03-20 20:00,11,3,20,G08,solar,0.0
2026-03-20 20:00,11,3,20,G09,solar,0.0
2026-03-20 20:00,11,3,20,G10,eolica,32.466
2026-03-20 21:00,11,3,21,G01,hidro,84.093
2026-03-20 21:00,11,3,21,G02,hidro,93.546
2026-03-20 21:00,11,3,21,G03,hidro,205.643
2026-03-20 21:00,11,3,21,G04,hidro,248.782
2026-03-20 21:00,11,3,21,G05,hidro,257.853
2026-03-20 21:00,11,3,21,G06,termo,132.907
2026-03-20 21:00,11,3,21,G07,termo,139.127
2026-03-20 21:00,11,3,21,G08,solar,0.0
2026-03-20 21:00,11,3,21,G09,solar,0.0
2026-03-20 21:00,11,3,21,G10,eolica,42.983
2026-03-20 22:00,11,3,22,G01,hidro,88.445
2026-03-20 22:00,11,3,22,G02,hidro,74.338
2026-03-20 22:00,11,3,22,G03,hidro,204.966
2026-03-20 22:00,11,3,22,G04,hidro,262.545
2026-03-20 22:00,11,3,22,G05,hidro,257.923
2026-03-20 22:00,11,3,22,G06,termo,135.974
2026-03-20 22:00,11,3,22,G07,termo,153.208
2026-03-20 22:00,11,3,22,G08,solar,0.0
2026-03-20 22:00,11,3,22,G09,solar,0.0
2026-03-20 22:00,11,3,22,G10,eolica,48.712
2026-03-20 23:00,11,3,23,G01,hidro,58.877
2026-03-20 23:00,11,3,23,G02,hidro,69.367
2026-03-20 23:00,11,3,23,G03,hidro,123.222
2026-03-20 23:00,11,3,23,G04,hidro,193.814
2026-03-20 23:00,11,3,23,G05,hidro,157.576
2026-03-20 23:00,11,3,23,G06,termo,112.016
2026-03-20 23:00,11,3,23,G07,termo,102.725
2026-03-20 23:00,11,3,23,G08,solar,0.0
2026-03-20 23:00,11,3,23,G09,solar,0.0
2026-03-20 23:00,11,3,23,G10,eolica,54.732
2026-03-21 00:00,11,4,0,G01,hidro,57.316
2026-03-21 00:00,11,4,0,G02,hidro,58.872
2026-03-21 00:00,11,4,0,G03,hidro,135.14
2026-03-21 00:00,11,4,0,G04,hidro,148.914
2026-03-21 00:00,11,4,0,G05,hidro,154.251
2026-03-21 00:00,11,4,0,G06,termo,88.798
2026-03-21 00:00,11,4,0,G07,termo,100.094
2026-03-21 00:00,11,4,0,G08,solar,0.0
2026-03-21 00:00,11,4,0,G09,solar,0.0
2026-03-21 00:00,11,4,0,G10,eolica,59.133
2026-03-21 01:00,11,4,1,G01,hidro,55.645
2026-03-21 01:00,11,4,1,G02,hidro,55.486
2026-03-21 01:00,11,4,1,G03,hidro,135.711
2026-03-21 01:00,11,4,1,G04,hidro,143.814
2026-03-21 01:00,11,4,1,G05,hidro,152.346
2026-03-21 01:00,11,4,1,G06,termo,103.64
2026-03-21 01:00,11,4,1,G07,termo,107.804
2026-03-21 01:00,11,4,1,G08,solar,0.0
2026-03-21 01:00,11,4,1,G09,solar,0.0
2026-03-21 01:00,11,4,1,G10,eolica,66.871
2026-03-21 02:00,11,4,2,G01,hidro,64.253
2026-03-21 02:00,11,4,2,G02,hidro,53.346
2026-03-21 02:00,11,4,2,G03,hidro,135.673
2026-03-21 02:00,11,4,2,G04,hidro,172.562
2026-03-21 02:00,11,4,2,G05,hidro,165.732
2026-03-21 02:00,11,4,2,G06,termo,88.621
2026-03-21 02:00,11,4,2,G07,termo,108.363
2026-03-21 02:00,11,4,2,G08,solar,0.0
2026-03-21 02:00,11,4,2,G09,solar,0.0
2026-03-21 02:00,11,4,2,G10,eolica,80.162
2026-03-21 03:00,11,4,3,G01,hidro,54.451
2026-03-21 03:00,11,4,3,G02,hidro,52.29
2026-03-21 03:00,11,4,3,G03,hidro,117.34
2026-03-21 03:00,11,4,3,G04,hidro,179.17
2026-03-21 03:00,11,4,3,G05,hidro,158.404
2026-03-21 03:00,11,4,3,G06,termo,103.485
2026-03-21 03:00,11,4,3,G07,termo,107.862
2026-03-21 03:00,11,4,3,G08,solar,0.0
2026-03-21 03:00,11,4,3,G09,solar,0.0
2026-03-21 03:00,11,4,3,G10,eolica,77.791
2026-03-21 04:00,11,4,4,G01,hidro,56.493
2026-03-21 04:00,11,4,4,G02,hidro,60.994
2026-03-21 04:00,11,4,4,G03,hidro,113.469
2026-03-21 04:00,11,4,4,G04,hidro,176.999
2026-03-21 04:00,11,4,4,G05,hidro,159.208
2026-03-21 04:00,11,4,4,G06,termo,88.534
2026-03-21 04:00,11,4,4,G07,termo,95.848
2026-03-21 04:00,11,4,4,G08,solar,0.0
2026-03-21 04:00,11,4,4,G09,solar,0.0
2026-03-21 04:00,11,4,4,G10,eolica,89.605
2026-03-21 05:00,11,4,5,G01,hidro,60.8
2026-03-21 05:00,11,4,5,G02,hidro,53.35
2026-03-21 05:00,11,4,5,G03,hidro,127.332
2026-03-21 05:00,11,4,5,G04,hidro,176.271
2026-03-21 05:00,11,4,5,G05,hidro,154.833
2026-03-21 05:00,11,4,5,G06,termo,104.653
2026-03-21 05:00,11,4,5,G07,termo,86.545
2026-03-21 05:00,11,4,5,G08,solar,0.0
2026-03-21 05:00,11,4,5,G09,solar,0.0
2026-03-21 05:00,11,4,5,G10,eolica,85.658
2026-03-21 06:00,11,4,6,G01,hidro,54.459
2026-03-21 06:00,11,4,6,G02,hidro,58.723
2026-03-21 06:00,11,4,6,G03,hidro,123.929
2026-03-21 06:00,11,4,6,G04,hidro,150.247
2026-03-21 06:00,11,4,6,G05,hidro,166.685
2026-03-21 06:00,11,4,6,G06,termo,101.07
2026-03-21 06:00,11,4,6,G07,termo,90.453
2026-03-21 06:00,11,4,6,G08,solar,0.0
2026-03-21 06:00,11,4,6,G09,solar,0.0
2026-03-21 06:00,11,4,6,G10,eolica,95.899
2026-03-21 07:00,11,4,7,G01,hidro,84.465
2026-03-21 07:00,11,4,7,G02,hidro,87.846
2026-03-21 07:00,11,4,7,G03,hidro,223.834
2026-03-21 07:00,11,4,7,G04,hidro,240.304
2026-03-21 07:00,11,4,7,G05,hidro,285.775
2026-03-21 07:00,11,4,7,G06,termo,170.907
2026-03-21 07:00,11,4,7,G07,termo,163.974
2026-03-21 07:00,11,4,7,G08,solar,44.087
2026-03-21 07:00,11,4,7,G09,solar,42.82
2026-03-21 07:00,11,4,7,G10,eolica,78.456
2026-03-21 08:00,11,4,8,G01,hidro,93.863
2026-03-21 08:00,11,4,8,G02,hidro,97.573
2026-03-21 08:00,11,4,8,G03,hidro,227.192
2026-03-21 08:00,11,4,8,G04,hidro,262.287
2026-03-21 08:00,11,4,8,G05,hidro,247.745
2026-03-21 08:00,11,4,8,G06,termo,166.988
2026-03-21 08:00,11,4,8,G07,termo,163.844
2026-03-21 08:00,11,4,8,G08,solar,42.864
2026-03-21 08:00,11,4,8,G09,solar,43.151
2026-03-21 08:00,11,4,8,G10,eolica,73.985
2026-03-21 09:00,11,4,9,G01,hidro,101.339
2026-03-21 09:00,11,4,9,G02,hidro,100.063
2026-03-21 09:00,11,4,9,G03,hidro,185.224
2026-03-21 09:00,11,4,9,G04,hidro,245.437
2026-03-21 09:00,11,4,9,G05,hidro,248.315
2026-03-21 09:00,11,4,9,G06,termo,173.004
2026-03-21 09:00,11,4,9,G07,termo,177.105
2026-03-21 09:00,11,4,9,G08,solar,122.198
2026-03-21 09:00,11,4,9,G09,solar,125.526
2026-03-21 09:00,11,4,9,G10,eolica,82.164
2026-03-21 10:00,11,4,10,G01,hidro,100.478
2026-03-21 10:00,11,4,10,G02,hidro,85.708
2026-03-21 10:00,11,4,10,G03,hidro,198.892
2026-03-21 10:00,11,4,10,G04,hidro,230.131
2026-03-21 10:00,11,4,10,G05,hidro,274.488
2026-03-21 10:00,11,4,10,G06,termo,175.179
2026-03-21 10:00,11,4,10,G07,termo,173.336
2026-03-21 10:00,11,4,10,G08,solar,120.357
2026-03-21 10:00,11,4,10,G09,solar,108.431
2026-03-21 10:00,11,4,10,G10,eolica,74.507
2026-03-21 11:00,11,4,11,G01,hidro,88.516
2026-03-21 11:00,11,4,11,G02,hidro,87.058
2026-03-21 11:00,11,4,11,G03,hidro,207.154
2026-03-21 11:00,11,4,11,G04,hidro,271.693
2026-03-21 11:00,11,4,11,G05,hidro,258.176
2026-03-21 11:00,11,4,11,G06,termo,167.924
2026-03-21 11:00,11,4,11,G07,termo,168.429
2026-03-21 11:00,11,4,11,G08,solar,110.738
2026-03-21 11:00,11,4,11,G09,solar,116.357
2026-03-21 11:00,11,4,11,G10,eolica,60.505
2026-03-21 12:00,11,4,12,G01,hidro,100.771
2026-03-21 12:00,11,4,12,G02,hidro,99.677
2026-03-21 12:00,11,4,12,G03,hidro,207.126
2026-03-21 12:00,11,4,12,G04,hidro,265.656
2026-03-21 12:00,11,4,12,G05,hidro,233.288
2026-03-21 12:00,11,4,12,G06,termo,152.371
2026-03-21 12:00,11,4,12,G07,termo,142.212
2026-03-21 12:00,11,4,12,G08,solar,145.846
2026-03-21 12:00,11,4,12,G09,solar,146.224
2026-03-21 12:00,11,4,12,G10,eolica,58.342
2026-03-21 13:00,11,4,13,G01,hidro,102.393
2026-03-21 13:00,11,4,13,G02,hidro,101.806
2026-03-21 13:00,11,4,13,G03,hidro,219.042
2026-03-21 13:00,11,4,13,G04,hidro,280.513
2026-03-21 13:00,11,4,13,G05,hidro,243.219
2026-03-21 13:00,11,4,13,G06,termo,172.745
2026-03-21 13:00,11,4,13,G07,termo,166.042
2026-03-21 13:00,11,4,13,G08,solar,134.678
2026-03-21 13:00,11,4,13,G09,solar,144.611
2026-03-21 13:00,11,4,13,G10,eolica,51.405
2026-03-21 14:00,11,4,14,G01,hidro,82.525
2026-03-21 14:00,11,4,14,G02,hidro,88.906
2026-03-21 14:00,11,4,14,G03,hidro,187.915
2026-03-21 14:00,11,4,14,G04,hidro,256.635
2026-03-21 14:00,11,4,14,G05,hidro,279.58
2026-03-21 14:00,11,4,14,G06,termo,143.902
2026-03-21 14:00,11,4,14,G07,termo,152.412
2026-03-21 14:00,11,4,14,G08,solar,146.745
2026-03-21 14:00,11,4,14,G09,solar,149.975
2026-03-21 14:00,11,4,14,G10,eolica,49.663
2026-03-21 15:00,11,4,15,G01,hidro,101.137
2026-03-21 15:00,11,4,15,G02,hidro,83.199
2026-03-21 15:00,11,4,15,G03,hidro,189.214
2026-03-21 15:00,11,4,15,G04,hidro,239.004
2026-03-21 15:00,11,4,15,G05,hidro,241.614
2026-03-21 15:00,11,4,15,G06,termo,168.292
2026-03-21 15:00,11,4,15,G07,termo,163.029
2026-03-21 15:00,11,4,15,G08,solar,143.873
2026-03-21 15:00,11,4,15,G09,solar,130.719
2026-03-21 15:00,11,4,15,G10,eolica,37.465
2026-03-21 16:00,11,4,16,G01,hidro,93.677
2026-03-21 16:00,11,4,16,G02,hidro,93.087
2026-03-21 16:00,11,4,16,G03,hidro,211.674
2026-03-21 16:00,11,4,16,G04,hidro,246.111
2026-03-21 16:00,11,4,16,G05,hidro,288.74
2026-03-21 16:00,11,4,16,G06,termo,171.347
2026-03-21 16:00,11,4,16,G07,termo,144.716
2026-03-21 16:00,11,4,16,G08,solar,74.975
2026-03-21 16:00,11,4,16,G09,solar,79.27
2026-03-21 16:00,11,4,16,G10,eolica,33.892
2026-03-21 17:00,11,4,17,G01,hidro,94.209
2026-03-21 17:00,11,4,17,G02,hidro,88.237
2026-03-21 17:00,11,4,17,G03,hidro,215.06
2026-03-21 17:00,11,4,17,G04,hidro,248.343
2026-03-21 17:00,11,4,17,G05,hidro,246.281
2026-03-21 17:00,11,4,17,G06,termo,163.858
2026-03-21 17:00,11,4,17,G07,termo,144.003
2026-03-21 17:00,11,4,17,G08,solar,79.364
2026-03-21 17:00,11,4,17,G09,solar,74.941
2026-03-21 17:00,11,4,17,G10,eolica,34.516
2026-03-21 18:00,11,4,18,G01,hidro,98.321
2026-03-21 18:00,11,4,18,G02,hidro,82.898
2026-03-21 18:00,11,4,18,G03,hidro,187.231
2026-03-21 18:00,11,4,18,G04,hidro,278.172
2026-03-21 18:00,11,4,18,G05,hidro,236.819
2026-03-21 18:00,11,4,18,G06,termo,151.408
2026-03-21 18:00,11,4,18,G07,termo,144.488
2026-03-21 18:00,11,4,18,G08,solar,13.21
2026-03-21 18:00,11,4,18,G09,solar,14.365
2026-03-21 18:00,11,4,18,G10,eolica,33.007
2026-03-21 19:00,11,4,19,G01,hidro,75.207
2026-03-21 19:00,11,4,19,G02,hidro,76.731
2026-03-21 19:00,11,4,19,G03,hidro,169.022
2026-03-21 19:00,11,4,19,G04,hidro,216.723
2026-03-21 19:00,11,4,19,G05,hidro,220.263
2026-03-21 19:00,11,4,19,G06,termo,134.575
2026-03-21 19:00,11,4,19,G07,termo,141.015
2026-03-21 19:00,11,4,19,G08,solar,14.688
2026-03-21 19:00,11,4,19,G09,solar,13.599
2026-03-21 19:00,11,4,19,G10,eolica,29.758
2026-03-21 20:00,11,4,20,G01,hidro,90.626
2026-03-21 20:00,11,4,20,G02,hidro,91.228
2026-03-21 20:00,11,4,20,G03,hidro,187.773
2026-03-21 20:00,11,4,20,G04,hidro,257.151
2026-03-21 20:00,11,4,20,G05,hidro,264.906
2026-03-21 20:00,11,4,20,G06,termo,153.86
2026-03-21 20:00,11,4,20,G07,termo,136.209
2026-03-21 20:00,11,4,20,G08,solar,0.0
2026-03-21 20:00,11,4,20,G09,solar,0.0
2026-03-21 20:00,11,4,20,G10,eolica,38.786
2026-03-21 21:00,11,4,21,G01,hidro,89.81
2026-03-21 21:00,11,4,21,G02,hidro,82.616
2026-03-21 21:00,11,4,21,G03,hidro,207.609
2026-03-21 21:00,11,4,21,G04,hidro,252.028
2026-03-21 21:00,11,4,21,G05,hidro,221.62
2026-03-21 21:00,11,4,21,G06,termo,146.822
2026-03-21 21:00,11,4,21,G07,termo,140.685
2026-03-21 21:00,11,4,21,G08,solar,0.0
2026-03-21 21:00,11,4,21,G09,solar,0.0
2026-03-21 21:00,11,4,21,G10,eolica,43.037
2026-03-21 22:00,11,4,22,G01,hidro,74.309
2026-03-21 22:00,11,4,22,G02,hidro,85.06
2026-03-21 22:00,11,4,22,G03,hidro,185.862
2026-03-21 22:00,11,4,22,G04,hidro,254.899
2026-03-21 22:00,11,4,22,G05,hidro,226.838
2026-03-21 22:00,11,4,22,G06,termo,144.625
2026-03-21 22:00,11,4,22,G07,termo,146.369
2026-03-21 22:00,11,4,22,G08,solar,0.0
2026-03-21 22:00,11,4,22,G09,solar,0.0
2026-03-21 22:00,11,4,22,G10,eolica,43.362
2026-03-21 23:00,11,4,23,G01,hidro,64.818
2026-03-21 23:00,11,4,23,G02,hidro,60.733
2026-03-21 23:00,11,4,23,G03,hidro,134.111
2026-03-21 23:00,11,4,23,G04,hidro,191.376
2026-03-21 23:00,11,4,23,G05,hidro,186.7
2026-03-21 23:00,11,4,23,G06,termo,110.901
2026-03-21 23:00,11,4,23,G07,termo,106.304
2026-03-21 23:00,11,4,23,G08,solar,0.0
2026-03-21 23:00,11,4,23,G09,solar,0.0
2026-03-21 23:00,11,4,23,G10,eolica,55.885
2026-03-22 00:00,11,5,0,G01,hidro,51.986
2026-03-22 00:00,11,5,0,G02,hidro,52.478
2026-03-22 00:00,11,5,0,G03,hidro,112.018
2026-03-22 00:00,11,5,0,G04,hidro,161.554
2026-03-22 00:00,11,5,0,G05,hidro,144.619
2026-03-22 00:00,11,5,0,G06,termo,109.013
2026-03-22 00:00,11,5,0,G07,termo,88.322
2026-03-22 00:00,11,5,0,G08,solar,0.0
2026-03-22 00:00,11,5,0,G09,solar,0.0
2026-03-22 00:00,11,5,0,G10,eolica,54.132
2026-03-22 01:00,11,5,1,G01,hidro,51.36
2026-03-22 01:00,11,5,1,G02,hidro,59.273
2026-03-22 01:00,11,5,1,G03,hidro,128.813
2026-03-22 01:00,11,5,1,G04,hidro,157.368
2026-03-22 01:00,11,5,1,G05,hidro,161.369
2026-03-22 01:00,11,5,1,G06,termo,86.642
2026-03-22 01:00,11,5,1,G07,termo,102.47
2026-03-22 01:00,11,5,1,G08,solar,0.0
2026-03-22 01:00,11,5,1,G09,solar,0.0
2026-03-22 01:00,11,5,1,G10,eolica,71.238
2026-03-22 02:00,11,5,2,G01,hidro,61.456
2026-03-22 02:00,11,5,2,G02,hidro,55.852
2026-03-22 02:00,11,5,2,G03,hidro,114.378
2026-03-22 02:00,11,5,2,G04,hidro,153.098
2026-03-22 02:00,11,5,2,G05,hidro,170.547
2026-03-22 02:00,11,5,2,G06,termo,96.299
2026-03-22 02:00,11,5,2,G07,termo,96.278
2026-03-22 02:00,11,5,2,G08,solar,0.0
2026-03-22 02:00,11,5,2,G09,solar,0.0
2026-03-22 02:00,11,5,2,G10,eolica,66.667
2026-03-22 03:00,11,5,3,G01,hidro,57.764
2026-03-22 03:00,11,5,3,G02,hidro,51.673
2026-03-22 03:00,11,5,3,G03,hidro,121.243
2026-03-22 03:00,11,5,3,G04,hidro,152.427
2026-03-22 03:00,11,5,3,G05,hidro,168.807
2026-03-22 03:00,11,5,3,G06,termo,95.598
2026-03-22 03:00,11,5,3,G07,termo,98.663
2026-03-22 03:00,11,5,3,G08,solar,0.0
2026-03-22 03:00,11,5,3,G09,solar,0.0
2026-03-22 03:00,11,5,3,G10,eolica,75.375
2026-03-22 04:00,11,5,4,G01,hidro,57.429
2026-03-22 04:00,11,5,4,G02,hidro,63.793
2026-03-22 04:00,11,5,4,G03,hidro,127.722
2026-03-22 04:00,11,5,4,G04,hidro,177.132
2026-03-22 04:00,11,5,4,G05,hidro,165.258
2026-03-22 04:00,11,5,4,G06,termo,86.914
2026-03-22 04:00,11,5,4,G07,termo,108.629
2026-03-22 04:00,11,5,4,G08,solar,0.0
2026-03-22 04:00,11,5,4,G09,solar,0.0
2026-03-22 04:00,11,5,4,G10,eolica,79.341
2026-03-22 05:00,11,5,5,G01,hidro,53.089
2026-03-22 05:00,11,5,5,G02,hidro,59.137
2026-03-22 05:00,11,5,5,G03,hidro,133.126
2026-03-22 05:00,11,5,5,G04,hidro,142.679
2026-03-22 05:00,11,5,5,G05,hidro,169.126
2026-03-22 05:00,11,5,5,G06,termo,88.028
2026-03-22 05:00,11,5,5,G07,termo,91.344
2026-03-22 05:00,11,5,5,G08,solar,0.0
2026-03-22 05:00,11,5,5,G09,solar,0.0
2026-03-22 05:00,11,5,5,G10,eolica,94.48
2026-03-22 06:00,11,5,6,G01,hidro,61.989
2026-03-22 06:00,11,5,6,G02,hidro,63.908
2026-03-22 06:00,11,5,6,G03,hidro,113.453
2026-03-22 06:00,11,5,6,G04,hidro,149.84
2026-03-22 06:00,11,5,6,G05,hidro,172.643
2026-03-22 06:00,11,5,6,G06,termo,102.704
2026-03-22 06:00,11,5,6,G07,termo,105.928
2026-03-22 06:00,11,5,6,G08,solar,0.0
2026-03-22 06:00,11,5,6,G09,solar,0.0
2026-03-22 06:00,11,5,6,G10,eolica,80.207
2026-03-22 07:00,11,5,7,G01,hidro,104.26
2026-03-22 07:00,11,5,7,G02,hidro,94.108
2026-03-22 07:00,11,5,7,G03,hidro,200.605
2026-03-22 07:00,11,5,7,G04,hidro,231.479
2026-03-22 07:00,11,5,7,G05,hidro,232.126
2026-03-22 07:00,11,5,7,G06,termo,165.711
2026-03-22 07:00,11,5,7,G07,termo,153.28
2026-03-22 07:00,11,5,7,G08,solar,44.957
2026-03-22 07:00,11,5,7,G09,solar,41.802
2026-03-22 07:00,11,5,7,G10,eolica,79.448
2026-03-22 08:00,11,5,8,G01,hidro,96.729
2026-03-22 08:00,11,5,8,G02,hidro,88.645
2026-03-22 08:00,11,5,8,G03,hidro,215.38
2026-03-22 08:00,11,5,8,G04,hidro,275.168
2026-03-22 08:00,11,5,8,G05,hidro,249.483
2026-03-22 08:00,11,5,8,G06,termo,169.271
2026-03-22 08:00,11,5,8,G07,termo,144.09
2026-03-22 08:00,11,5,8,G08,solar,39.379
2026-03-22 08:00,11,5,8,G09,solar,38.522
2026-03-22 08:00,11,5,8,G10,eolica,82.516
2026-03-22 09:00,11,5,9,G01,hidro,103.156
2026-03-22 09:00,11,5,9,G02,hidro,90.864
2026-03-22 09:00,11,5,9,G03,hidro,224.204
2026-03-22 09:00,11,5,9,G04,hidro,234.006
2026-03-22 09:00,11,5,9,G05,hidro,232.447
2026-03-22 09:00,11,5,9,G06,termo,152.506
2026-03-22 09:00,11,5,9,G07,termo,173.391
2026-03-22 09:00,11,5,9,G08,solar,118.994
2026-03-22 09:00,11,5,9,G09,solar,117.743
2026-03-22 09:00,11,5,9,G10,eolica,79.036
2026-03-22 10:00,11,5,10,G01,hidro,100.05
2026-03-22 10:00,11,5,10,G02,hidro,101.926
2026-03-22 10:00,11,5,10,G03,hidro,209.661
2026-03-22 10:00,11,5,10,G04,hidro,286.415
2026-03-22 10:00,11,5,10,G05,hidro,258.921
2026-03-22 10:00,11,5,10,G06,termo,173.342
2026-03-22 10:00,11,5,10,G07,termo,157.284
2026-03-22 10:00,11,5,10,G08,solar,109.629
2026-03-22 10:00,11,5,10,G09,solar,109.82
2026-03-22 10:00,11,5,10,G10,eolica,73.833
2026-03-22 11:00,11,5,11,G01,hidro,93.888
2026-03-22 11:00,11,5,11,G02,hidro,104.693
2026-03-22 11:00,11,5,11,G03,hidro,204.18
2026-03-22 11:00,11,5,11,G04,hidro,272.408
2026-03-22 11:00,11,5,11,G05,hidro,279.202
2026-03-22 11:00,11,5,11,G06,termo,175.306
2026-03-22 11:00,11,5,11,G07,termo,165.489
2026-03-22 11:00,11,5,11,G08,solar,126.056
2026-03-22 11:00,11,5,11,G09,solar,109.157
2026-03-22 11:00,11,5,11,G10,eolica,71.545
2026-03-22 12:00,11,5,12,G01,hidro,92.861
2026-03-22 12:00,11,5,12,G02,hidro,90.944
2026-03-22 12:00,11,5,12,G03,hidro,183.791
2026-03-22 12:00,11,5,12,G04,hidro,249.29
2026-03-22 12:00,11,5,12,G05,hidro,243.88
2026-03-22 12:00,11,5,12,G06,termo,169.537
2026-03-22 12:00,11,5,12,G07,termo,178.124
2026-03-22 12:00,11,5,12,G08,solar,141.34
2026-03-22 12:00,11,5,12,G09,solar,128.943
2026-03-22 12:00,11,5,12,G10,eolica,58.452
2026-03-22 13:00,11,5,13,G01,hidro,98.645
2026-03-22 13:00,11,5,13,G02,hidro,100.444
2026-03-22 13:00,11,5,13,G03,hidro,190.847
2026-03-22 13:00,11,5,13,G04,hidro,268.758
2026-03-22 13:00,11,5,13,G05,hidro,284.777
2026-03-22 13:00,11,5,13,G06,termo,175.24
2026-03-22 13:00,11,5,13,G07,termo,161.818
2026-03-22 13:00,11,5,13,G08,solar,141.371
2026-03-22 13:00,11,5,13,G09,solar,144.569
2026-03-22 13:00,11,5,13,G10,eolica,48.604
2026-03-22 14:00,11,5,14,G01,hidro,104.286
2026-03-22 14:00,11,5,14,G02,hidro,101.769
2026-03-22 14:00,11,5,14,G03,hidro,192.462
2026-03-22 14:00,11,5,14,G04,hidro,262.946
2026-03-22 14:00,11,5,14,G05,hidro,240.728
2026-03-22 14:00,11,5,14,G06,termo,140.67
2026-03-22 14:00,11,5,14,G07,termo,147.186
2026-03-22 14:00,11,5,14,G08,solar,135.863
2026-03-22 14:00,11,5,14,G09,solar,132.498
2026-03-22 14:00,11,5,14,G10,eolica,45.656
2026-03-22 15:00,11,5,15,G01,hidro,100.46
2026-03-22 15:00,11,5,15,G02,hidro,98.026
2026-03-22 15:00,11,5,15,G03,hidro,221.573
2026-03-22 15:00,11,5,15,G04,hidro,279.646
2026-03-22 15:00,11,5,15,G05,hidro,245.296
2026-03-22 15:00,11,5,15,G06,termo,145.108
2026-03-22 15:00,11,5,15,G07,termo,177.16
2026-03-22 15:00,11,5,15,G08,solar,129.857
2026-03-22 15:00,11,5,15,G09,solar,142.276
2026-03-22 15:00,11,5,15,G10,eolica,42.155
2026-03-22 16:00,11,5,16,G01,hidro,91.916
2026-03-22 16:00,11,5,16,G02,hidro,97.849
2026-03-22 16:00,11,5,16,G03,hidro,226.399
2026-03-22 16:00,11,5,16,G04,hidro,245.041
2026-03-22 16:00,11,5,16,G05,hidro,246.218
2026-03-22 16:00,11,5,16,G06,termo,140.887
2026-03-22 16:00,11,5,16,G07,termo,154.779
2026-03-22 16:00,11,5,16,G08,solar,80.701
2026-03-22 16:00,11,5,16,G09,solar,76.043
2026-03-22 16:00,11,5,16,G10,eolica,34.044
2026-03-22 17:00,11,5,17,G01,hidro,92.327
2026-03-22 17:00,11,5,17,G02,hidro,92.228
2026-03-22 17:00,11,5,17,G03,hidro,198.073
2026-03-22 17:00,11,5,17,G04,hidro,231.917
2026-03-22 17:00,11,5,17,G05,hidro,290.424
2026-03-22 17:00,11,5,17,G06,termo,158.192
2026-03-22 17:00,11,5,17,G07,termo,177.265
2026-03-22 17:00,11,5,17,G08,solar,73.06
2026-03-22 17:00,11,5,17,G09,solar,75.798
2026-03-22 17:00,11,5,17,G10,eolica,34.036
2026-03-22 18:00,11,5,18,G01,hidro,101.4
2026-03-22 18:00,11,5,18,G02,hidro,87.253
2026-03-22 18:00,11,5,18,G03,hidro,226.921
2026-03-22 18:00,11,5,18,G04,hidro,264.486
2026-03-22 18:00,11,5,18,G05,hidro,248.003
2026-03-22 18:00,11,5,18,G06,termo,148.254
2026-03-22 18:00,11,5,18,G07,termo,146.33
2026-03-22 18:00,11,5,18,G08,solar,12.925
2026-03-22 18:00,11,5,18,G09,solar,14.543
2026-03-22 18:00,11,5,18,G10,eolica,34.796
2026-03-22 19:00,11,5,19,G01,hidro,77.656
2026-03-22 19:00,11,5,19,G02,hidro,94.134
2026-03-22 19:00,11,5,19,G03,hidro,198.091
2026-03-22 19:00,11,5,19,G04,hidro,245.9
2026-03-22 19:00,11,5,19,G05,hidro,215.65
2026-03-22 19:00,11,5,19,G06,termo,142.996
2026-03-22 19:00,11,5,19,G07,termo,152.778
2026-03-22 19:00,11,5,19,G08,solar,13.637
2026-03-22 19:00,11,5,19,G09,solar,14.713
2026-03-22 19:00,11,5,19,G10,eolica,34.419
2026-03-22 20:00,11,5,20,G01,hidro,93.241
2026-03-22 20:00,11,5,20,G02,hidro,88.521
2026-03-22 20:00,11,5,20,G03,hidro,195.145
2026-03-22 20:00,11,5,20,G04,hidro,230.107
2026-03-22 20:00,11,5,20,G05,hidro,249.449
2026-03-22 20:00,11,5,20,G06,termo,150.635
2026-03-22 20:00,11,5,20,G07,termo,146.846
2026-03-22 20:00,11,5,20,G08,solar,0.0
2026-03-22 20:00,11,5,20,G09,solar,0.0
2026-03-22 20:00,11,5,20,G10,eolica,36.281
2026-03-22 21:00,11,5,21,G01,hidro,83.949
2026-03-22 21:00,11,5,21,G02,hidro,93.009
2026-03-22 21:00,11,5,21,G03,hidro,189.217
2026-03-22 21:00,11,5,21,G04,hidro,256.708
2026-03-22 21:00,11,5,21,G05,hidro,260.148
2026-03-22 21:00,11,5,21,G06,termo,152.72
2026-03-22 21:00,11,5,21,G07,termo,155.346
2026-03-22 21:00,11,5,21,G08,solar,0.0
2026-03-22 21:00,11,5,21,G09,solar,0.0
2026-03-22 21:00,11,5,21,G10,eolica,44.696
2026-03-22 22:00,11,5,22,G01,hidro,93.731
2026-03-22 22:00,11,5,22,G02,hidro,88.931
2026-03-22 22:00,11,5,22,G03,hidro,179.987
2026-03-22 22:00,11,5,22,G04,hidro,227.892
2026-03-22 22:00,11,5,22,G05,hidro,240.93
2026-03-22 22:00,11,5,22,G06,termo,161.008
2026-03-22 22:00,11,5,22,G07,termo,154.449
2026-03-22 22:00,11,5,22,G08,solar,0.0
2026-03-22 22:00,11,5,22,G09,solar,0.0
2026-03-22 22:00,11,5,22,G10,eolica,42.149
2026-03-22 23:00,11,5,23,G01,hidro,58.141
2026-03-22 23:00,11,5,23,G02,hidro,68.99
2026-03-22 23:00,11,5,23,G03,hidro,126.367
2026-03-22 23:00,11,5,23,G04,hidro,181.154
2026-03-22 23:00,11,5,23,G05,hidro,162.936
2026-03-22 23:00,11,5,23,G06,termo,113.098
2026-03-22 23:00,11,5,23,G07,termo,117.125
2026-03-22 23:00,11,5,23,G08,solar,0.0
2026-03-22 23:00,11,5,23,G09,solar,0.0
2026-03-22 23:00,11,5,23,G10,eolica,56.726
2026-03-23 00:00,11,6,0,G01,hidro,50.934
2026-03-23 00:00,11,6,0,G02,hidro,56.473
2026-03-23 00:00,11,6,0,G03,hidro,136.184
2026-03-23 00:00,11,6,0,G04,hidro,150.263
2026-03-23 00:00,11,6,0,G05,hidro,166.799
2026-03-23 00:00,11,6,0,G06,termo,91.033
2026-03-23 00:00,11,6,0,G07,termo,91.284
2026-03-23 00:00,11,6,0,G08,solar,0.0
2026-03-23 00:00,11,6,0,G09,solar,0.0
2026-03-23 00:00,11,6,0,G10,eolica,60.407
2026-03-23 01:00,11,6,1,G01,hidro,53.1
2026-03-23 01:00,11,6,1,G02,hidro,56.161
2026-03-23 01:00,11,6,1,G03,hidro,127.352
2026-03-23 01:00,11,6,1,G04,hidro,178.367
2026-03-23 01:00,11,6,1,G05,hidro,169.094
2026-03-23 01:00,11,6,1,G06,termo,97.022
2026-03-23 01:00,11,6,1,G07,termo,103.823
2026-03-23 01:00,11,6,1,G08,solar,0.0
2026-03-23 01:00,11,6,1,G09,solar,0.0
2026-03-23 01:00,11,6,1,G10,eolica,59.203
2026-03-23 02:00,11,6,2,G01,hidro,60.53
2026-03-23 02:00,11,6,2,G02,hidro,55.372
2026-03-23 02:00,11,6,2,G03,hidro,141.252
2026-03-23 02:00,11,6,2,G04,hidro,180.547
2026-03-23 02:00,11,6,2,G05,hidro,178.008
2026-03-23 02:00,11,6,2,G06,termo,100.995
2026-03-23 02:00,11,6,2,G07,termo,89.066
2026-03-23 02:00,11,6,2,G08,solar,0.0
2026-03-23 02:00,11,6,2,G09,solar,0.0
2026-03-23 02:00,11,6,2,G10,eolica,68.853
2026-03-23 03:00,11,6,3,G01,hidro,62.608
2026-03-23 03:00,11,6,3,G02,hidro,59.596
2026-03-23 03:00,11,6,3,G03,hidro,123.031
2026-03-23 03:00,11,6,3,G04,hidro,145.018
2026-03-23 03:00,11,6,3,G05,hidro,153.332
2026-03-23 03:00,11,6,3,G06,termo,89.853
2026-03-23 03:00,11,6,3,G07,termo,97.701
2026-03-23 03:00,11,6,3,G08,solar,0.0
2026-03-23 03:00,11,6,3,G09,solar,0.0
2026-03-23 03:00,11,6,3,G10,eolica,71.509
2026-03-23 04:00,11,6,4,G01,hidro,52.911
2026-03-23 04:00,11,6,4,G02,hidro,60.678
2026-03-23 04:00,11,6,4,G03,hidro,138.092
2026-03-23 04:00,11,6,4,G04,hidro,168.031
2026-03-23 04:00,11,6,4,G05,hidro,163.043
2026-03-23 04:00,11,6,4,G06,termo,93.714
2026-03-23 04:00,11,6,4,G07,termo,91.989
2026-03-23 04:00,11,6,4,G08,solar,0.0
2026-03-23 04:00,11,6,4,G09,solar,0.0
2026-03-23 04:00,11,6,4,G10,eolica,76.361
2026-03-23 05:00,11,6,5,G01,hidro,55.024
2026-03-23 05:00,11,6,5,G02,hidro,60.316
2026-03-23 05:00,11,6,5,G03,hidro,126.833
2026-03-23 05:00,11,6,5,G04,hidro,153.881
2026-03-23 05:00,11,6,5,G05,hidro,152.104
2026-03-23 05:00,11,6,5,G06,termo,91.728
2026-03-23 05:00,11,6,5,G07,termo,92.475
2026-03-23 05:00,11,6,5,G08,solar,0.0
2026-03-23 05:00,11,6,5,G09,solar,0.0
2026-03-23 05:00,11,6,5,G10,eolica,86.479
2026-03-23 06:00,11,6,6,G01,hidro,53.819
2026-03-23 06:00,11,6,6,G02,hidro,63.115
2026-03-23 06:00,11,6,6,G03,hidro,129.673
2026-03-23 06:00,11,6,6,G04,hidro,180.617
2026-03-23 06:00,11,6,6,G05,hidro,171.586
2026-03-23 06:00,11,6,6,G06,termo,98.111
2026-03-23 06:00,11,6,6,G07,termo,106.247
2026-03-23 06:00,11,6,6,G08,solar,0.0
2026-03-23 06:00,11,6,6,G09,solar,0.0
2026-03-23 06:00,11,6,6,G10,eolica,82.345
2026-03-23 07:00,11,6,7,G01,hidro,87.271
2026-03-23 07:00,11,6,7,G02,hidro,89.592
2026-03-23 07:00,11,6,7,G03,hidro,184.033
2026-03-23 07:00,11,6,7,G04,hidro,268.709
2026-03-23 07:00,11,6,7,G05,hidro,246.223
2026-03-23 07:00,11,6,7,G06,termo,146.197
2026-03-23 07:00,11,6,7,G07,termo,176.07
2026-03-23 07:00,11,6,7,G08,solar,40.253
2026-03-23 07:00,11,6,7,G09,solar,39.742
2026-03-23 07:00,11,6,7,G10,eolica,88.859
2026-03-23 08:00,11,6,8,G01,hidro,95.081
2026-03-23 08:00,11,6,8,G02,hidro,90.39
2026-03-23 08:00,11,6,8,G03,hidro,223.251
2026-03-23 08:00,11,6,8,G04,hidro,235.128
2026-03-23 08:00,11,6,8,G05,hidro,229.733
2026-03-23 08:00,11,6,8,G06,termo,166.182
2026-03-23 08:00,11,6,8,G07,termo,157.293
2026-03-23 08:00,11,6,8,G08,solar,40.991
2026-03-23 08:00,11,6,8,G09,solar,40.677
2026-03-23 08:00,11,6,8,G10,eolica,74.44
2026-03-23 09:00,11,6,9,G01,hidro,104.614
2026-03-23 09:00,11,6,9,G02,hidro,93.924
2026-03-23 09:00,11,6,9,G03,hidro,195.393
2026-03-23 09:00,11,6,9,G04,hidro,265.044
2026-03-23 09:00,11,6,9,G05,hidro,236.359
2026-03-23 09:00,11,6,9,G06,termo,144.708
2026-03-23 09:00,11,6,9,G07,termo,165.938
2026-03-23 09:00,11,6,9,G08,solar,121.322
2026-03-23 09:00,11,6,9,G09,solar,114.925
2026-03-23 09:00,11,6,9,G10,eolica,71.428
2026-03-23 10:00,11,6,10,G01,hidro,97.076
2026-03-23 10:00,11,6,10,G02,hidro,103.523
2026-03-23 10:00,11,6,10,G03,hidro,226.903
2026-03-23 10:00,11,6,10,G04,hidro,277.333
2026-03-23 10:00,11,6,10,G05,hidro,244.166
2026-03-23 10:00,11,6,10,G06,termo,145.098
2026-03-23 10:00,11,6,10,G07,termo,173.03
2026-03-23 10:00,11,6,10,G08,solar,115.253
2026-03-23 10:00,11,6,10,G09,solar,125.68
2026-03-23 10:00,11,6,10,G10,eolica,68.888
2026-03-23 11:00,11,6,11,G01,hidro,102.525
2026-03-23 11:00,11,6,11,G02,hidro,100.726
2026-03-23 11:00,11,6,11,G03,hidro,194.074
2026-03-23 11:00,11,6,11,G04,hidro,240.645
2026-03-23 11:00,11,6,11,G05,hidro,254.633
2026-03-23 11:00,11,6,11,G06,termo,142.455
2026-03-23 11:00,11,6,11,G07,termo,161.787
2026-03-23 11:00,11,6,11,G08,solar,111.553
2026-03-23 11:00,11,6,11,G09,solar,115.935
2026-03-23 11:00,11,6,11,G10,eolica,72.406
2026-03-23 12:00,11,6,12,G01,hidro,103.285
2026-03-23 12:00,11,6,12,G02,hidro,98.921
2026-03-23 12:00,11,6,12,G03,hidro,197.933
2026-03-23 12:00,11,6,12,G04,hidro,265.596
2026-03-23 12:00,11,6,12,G05,hidro,245.398
2026-03-23 12:00,11,6,12,G06,termo,155.225
2026-03-23 12:00,11,6,12,G07,termo,172.631
2026-03-23 12:00,11,6,12,G08,solar,131.669
2026-03-23 12:00,11,6,12,G09,solar,141.116
2026-03-23 12:00,11,6,12,G10,eolica,63.416
2026-03-23 13:00,11,6,13,G01,hidro,99.215
2026-03-23 13:00,11,6,13,G02,hidro,92.625
2026-03-23 13:00,11,6,13,G03,hidro,201.219
2026-03-23 13:00,11,6,13,G04,hidro,277.971
2026-03-23 13:00,11,6,13,G05,hidro,288.218
2026-03-23 13:00,11,6,13,G06,termo,165.119
2026-03-23 13:00,11,6,13,G07,termo,177.871
2026-03-23 13:00,11,6,13,G08,solar,145.729
2026-03-23 13:00,11,6,13,G09,solar,146.441
2026-03-23 13:00,11,6,13,G10,eolica,54.66
2026-03-23 14:00,11,6,14,G01,hidro,90.461
2026-03-23 14:00,11,6,14,G02,hidro,100.951
2026-03-23 14:00,11,6,14,G03,hidro,184.441
2026-03-23 14:00,11,6,14,G04,hidro,276.953
2026-03-23 14:00,11,6,14,G05,hidro,291.772
2026-03-23 14:00,11,6,14,G06,termo,141.869
2026-03-23 14:00,11,6,14,G07,termo,155.706
2026-03-23 14:00,11,6,14,G08,solar,131.386
2026-03-23 14:00,11,6,14,G09,solar,129.536
2026-03-23 14:00,11,6,14,G10,eolica,42.59
2026-03-23 15:00,11,6,15,G01,hidro,101.243
2026-03-23 15:00,11,6,15,G02,hidro,84.987
2026-03-23 15:00,11,6,15,G03,hidro,180.384
2026-03-23 15:00,11,6,15,G04,hidro,254.348
2026-03-23 15:00,11,6,15,G05,hidro,281.557
2026-03-23 15:00,11,6,15,G06,termo,157.094
2026-03-23 15:00,11,6,15,G07,termo,160.81
2026-03-23 15:00,11,6,15,G08,solar,131.903
2026-03-23 15:00,11,6,15,G09,solar,133.66
2026-03-23 15:00,11,6,15,G10,eolica,39.074
2026-03-23 16:00,11,6,16,G01,hidro,86.607
2026-03-23 16:00,11,6,16,G02,hidro,95.381
2026-03-23 16:00,11,6,16,G03,hidro,190.896
2026-03-23 16:00,11,6,16,G04,hidro,278.726
2026-03-23 16:00,11,6,16,G05,hidro,256.509
2026-03-23 16:00,11,6,16,G06,termo,139.695
2026-03-23 16:00,11,6,16,G07,termo,157.535
2026-03-23 16:00,11,6,16,G08,solar,79.768
2026-03-23 16:00,11,6,16,G09,solar,82.192
2026-03-23 16:00,11,6,16,G10,eolica,39.774
2026-03-23 17:00,11,6,17,G01,hidro,88.116
2026-03-23 17:00,11,6,17,G02,hidro,101.266
2026-03-23 17:00,11,6,17,G03,hidro,214.444
2026-03-23 17:00,11,6,17,G04,hidro,288.873
2026-03-23 17:00,11,6,17,G05,hidro,269.712
2026-03-23 17:00,11,6,17,G06,termo,172.056
2026-03-23 17:00,11,6,17,G07,termo,160.71
2026-03-23 17:00,11,6,17,G08,solar,77.334
2026-03-23 17:00,11,6,17,G09,solar,72.741
2026-03-23 17:00,11,6,17,G10,eolica,34.235
2026-03-23 18:00,11,6,18,G01,hidro,93.917
2026-03-23 18:00,11,6,18,G02,hidro,90.278
2026-03-23 18:00,11,6,18,G03,hidro,218.312
2026-03-23 18:00,11,6,18,G04,hidro,242.291
2026-03-23 18:00,11,6,18,G05,hidro,234.358
2026-03-23 18:00,11,6,18,G06,termo,171.534
2026-03-23 18:00,11,6,18,G07,termo,159.808
2026-03-23 18:00,11,6,18,G08,solar,12.826
2026-03-23 18:00,11,6,18,G09,solar,13.764
2026-03-23 18:00,11,6,18,G10,eolica,33.135
2026-03-23 19:00,11,6,19,G01,hidro,90.772
2026-03-23 19:00,11,6,19,G02,hidro,81.396
2026-03-23 19:00,11,6,19,G03,hidro,194.732
2026-03-23 19:00,11,6,19,G04,hidro,249.37
2026-03-23 19:00,11,6,19,G05,hidro,249.312
2026-03-23 19:00,11,6,19,G06,termo,135.263
2026-03-23 19:00,11,6,19,G07,termo,139.587
2026-03-23 19:00,11,6,19,G08,solar,14.212
2026-03-23 19:00,11,6,19,G09,solar,13.527
2026-03-23 19:00,11,6,19,G10,eolica,31.112
2026-03-23 20:00,11,6,20,G01,hidro,80.676
2026-03-23 20:00,11,6,20,G02,hidro,84.526
2026-03-23 20:00,11,6,20,G03,hidro,188.654
2026-03-23 20:00,11,6,20,G04,hidro,218.773
2026-03-23 20:00,11,6,20,G05,hidro,207.491
2026-03-23 20:00,11,6,20,G06,termo,157.916
2026-03-23 20:00,11,6,20,G07,termo,153.877
2026-03-23 20:00,11,6,20,G08,solar,0.0
2026-03-23 20:00,11,6,20,G09,solar,0.0
2026-03-23 20:00,11,6,20,G10,eolica,38.192
2026-03-23 21:00,11,6,21,G01,hidro,86.754
2026-03-23 21:00,11,6,21,G02,hidro,83.771
2026-03-23 21:00,11,6,21,G03,hidro,203.213
2026-03-23 21:00,11,6,21,G04,hidro,231.778
2026-03-23 21:00,11,6,21,G05,hidro,213.385
2026-03-23 21:00,11,6,21,G06,termo,154.17
2026-03-23 21:00,11,6,21,G07,termo,131.643
2026-03-23 21:00,11,6,21,G08,solar,0.0
2026-03-23 21:00,11,6,21,G09,solar,0.0
2026-03-23 21:00,11,6,21,G10,eolica,38.38
2026-03-23 22:00,11,6,22,G01,hidro,75.7
2026-03-23 22:00,11,6,22,G02,hidro,90.713
2026-03-23 22:00,11,6,22,G03,hidro,184.333
2026-03-23 22:00,11,6,22,G04,hidro,258.691
2026-03-23 22:00,11,6,22,G05,hidro,210.977
2026-03-23 22:00,11,6,22,G06,termo,133.154
2026-03-23 22:00,11,6,22,G07,termo,145.34
2026-03-23 22:00,11,6,22,G08,solar,0.0
2026-03-23 22:00,11,6,22,G09,solar,0.0
2026-03-23 22:00,11,6,22,G10,eolica,46.3
2026-03-23 23:00,11,6,23,G01,hidro,55.059
2026-03-23 23:00,11,6,23,G02,hidro,68.726
2026-03-23 23:00,11,6,23,G03,hidro,151.373
2026-03-23 23:00,11,6,23,G04,hidro,180.658
2026-03-23 23:00,11,6,23,G05,hidro,164.855
2026-03-23 23:00,11,6,23,G06,termo,103.921
2026-03-23 23:00,11,6,23,G07,termo,96.028
2026-03-23 23:00,11,6,23,G08,solar,0.0
2026-03-23 23:00,11,6,23,G09,solar,0.0
2026-03-23 23:00,11,6,23,G10,eolica,47.155
2026-03-24 00:00,12,0,0,G01,hidro,52.178
2026-03-24 00:00,12,0,0,G02,hidro,51.744
2026-03-24 00:00,12,0,0,G03,hidro,129.085
2026-03-24 00:00,12,0,0,G04,hidro,149.777
2026-03-24 00:00,12,0,0,G05,hidro,165.326
2026-03-24 00:00,12,0,0,G06,termo,87.143
2026-03-24 00:00,12,0,0,G07,termo,86.511
2026-03-24 00:00,12,0,0,G08,solar,0.0
2026-03-24 00:00,12,0,0,G09,solar,0.0
2026-03-24 00:00,12,0,0,G10,eolica,58.413
2026-03-24 01:00,12,0,1,G01,hidro,64.821
2026-03-24 01:00,12,0,1,G02,hidro,58.214
2026-03-24 01:00,12,0,1,G03,hidro,123.343
2026-03-24 01:00,12,0,1,G04,hidro,150.958
2026-03-24 01:00,12,0,1,G05,hidro,171.569
2026-03-24 01:00,12,0,1,G06,termo,109.428
2026-03-24 01:00,12,0,1,G07,termo,90.254
2026-03-24 01:00,12,0,1,G08,solar,0.0
2026-03-24 01:00,12,0,1,G09,solar,0.0
2026-03-24 01:00,12,0,1,G10,eolica,66.425
2026-03-24 02:00,12,0,2,G01,hidro,57.206
2026-03-24 02:00,12,0,2,G02,hidro,55.524
2026-03-24 02:00,12,0,2,G03,hidro,111.594
2026-03-24 02:00,12,0,2,G04,hidro,156.401
2026-03-24 02:00,12,0,2,G05,hidro,181.441
2026-03-24 02:00,12,0,2,G06,termo,98.46
2026-03-24 02:00,12,0,2,G07,termo,88.38
2026-03-24 02:00,12,0,2,G08,solar,0.0
2026-03-24 02:00,12,0,2,G09,solar,0.0
2026-03-24 02:00,12,0,2,G10,eolica,72.88
2026-03-24 03:00,12,0,3,G01,hidro,56.313
2026-03-24 03:00,12,0,3,G02,hidro,51.742
2026-03-24 03:00,12,0,3,G03,hidro,139.058
2026-03-24 03:00,12,0,3,G04,hidro,143.155
2026-03-24 03:00,12,0,3,G05,hidro,159.595
2026-03-24 03:00,12,0,3,G06,termo,89.357
2026-03-24 03:00,12,0,3,G07,termo,87.48
2026-03-24 03:00,12,0,3,G08,solar,0.0
2026-03-24 03:00,12,0,3,G09,solar,0.0
2026-03-24 03:00,12,0,3,G10,eolica,80.173
2026-03-24 04:00,12,0,4,G01,hidro,61.279
2026-03-24 04:00,12,0,4,G02,hidro,51.432
2026-03-24 04:00,12,0,4,G03,hidro,127.387
2026-03-24 04:00,12,0,4,G04,hidro,167.109
2026-03-24 04:00,12,0,4,G05,hidro,167.291
2026-03-24 04:00,12,0,4,G06,termo,86.651
2026-03-24 04:00,12,0,4,G07,termo,88.872
2026-03-24 04:00,12,0,4,G08,solar,0.0
2026-03-24 04:00,12,0,4,G09,solar,0.0
2026-03-24 04:00,12,0,4,G10,eolica,79.929
2026-03-24 05:00,12,0,5,G01,hidro,53.517
2026-03-24 05:00,12,0,5,G02,hidro,62.195
2026-03-24 05:00,12,0,5,G03,hidro,121.577
2026-03-24 05:00,12,0,5,G04,hidro,143.253
2026-03-24 05:00,12,0,5,G05,hidro,165.667
2026-03-24 05:00,12,0,5,G06,termo,89.102
2026-03-24 05:00,12,0,5,G07,termo,101.724
2026-03-24 05:00,12,0,5,G08,solar,0.0
2026-03-24 05:00,12,0,5,G09,solar,0.0
2026-03-24 05:00,12,0,5,G10,eolica,85.736
2026-03-24 06:00,12,0,6,G01,hidro,63.034
2026-03-24 06:00,12,0,6,G02,hidro,60.911
2026-03-24 06:00,12,0,6,G03,hidro,122.729
2026-03-24 06:00,12,0,6,G04,hidro,147.358
2026-03-24 06:00,12,0,6,G05,hidro,178.723
2026-03-24 06:00,12,0,6,G06,termo,99.481
2026-03-24 06:00,12,0,6,G07,termo,92.779
2026-03-24 06:00,12,0,6,G08,solar,0.0
2026-03-24 06:00,12,0,6,G09,solar,0.0
2026-03-24 06:00,12,0,6,G10,eolica,84.839
2026-03-24 07:00,12,0,7,G01,hidro,87.942
2026-03-24 07:00,12,0,7,G02,hidro,82.674
2026-03-24 07:00,12,0,7,G03,hidro,190.615
2026-03-24 07:00,12,0,7,G04,hidro,285.15
2026-03-24 07:00,12,0,7,G05,hidro,244.309
2026-03-24 07:00,12,0,7,G06,termo,172.925
2026-03-24 07:00,12,0,7,G07,termo,165.399
2026-03-24 07:00,12,0,7,G08,solar,44.718
2026-03-24 07:00,12,0,7,G09,solar,38.513
2026-03-24 07:00,12,0,7,G10,eolica,89.75
2026-03-24 08:00,12,0,8,G01,hidro,96.546
2026-03-24 08:00,12,0,8,G02,hidro,95.502
2026-03-24 08:00,12,0,8,G03,hidro,180.972
2026-03-24 08:00,12,0,8,G04,hidro,264.829
2026-03-24 08:00,12,0,8,G05,hidro,233.493
2026-03-24 08:00,12,0,8,G06,termo,151.917
2026-03-24 08:00,12,0,8,G07,termo,150.302
2026-03-24 08:00,12,0,8,G08,solar,39.158
2026-03-24 08:00,12,0,8,G09,solar,42.15
2026-03-24 08:00,12,0,8,G10,eolica,81.655
2026-03-24 09:00,12,0,9,G01,hidro,104.599
2026-03-24 09:00,12,0,9,G02,hidro,92.992
2026-03-24 09:00,12,0,9,G03,hidro,189.524
2026-03-24 09:00,12,0,9,G04,hidro,260.405
2026-03-24 09:00,12,0,9,G05,hidro,261.098
2026-03-24 09:00,12,0,9,G06,termo,159.353
2026-03-24 09:00,12,0,9,G07,termo,140.772
2026-03-24 09:00,12,0,9,G08,solar,110.838
2026-03-24 09:00,12,0,9,G09,solar,112.253
2026-03-24 09:00,12,0,9,G10,eolica,76.342
2026-03-24 10:00,12,0,10,G01,hidro,101.417
2026-03-24 10:00,12,0,10,G02,hidro,92.541
2026-03-24 10:00,12,0,10,G03,hidro,230.958
2026-03-24 10:00,12,0,10,G04,hidro,273.522
2026-03-24 10:00,12,0,10,G05,hidro,280.899
2026-03-24 10:00,12,0,10,G06,termo,173.728
2026-03-24 10:00,12,0,10,G07,termo,160.03
2026-03-24 10:00,12,0,10,G08,solar,118.492
2026-03-24 10:00,12,0,10,G09,solar,117.913
2026-03-24 10:00,12,0,10,G10,eolica,65.744
2026-03-24 11:00,12,0,11,G01,hidro,103.34
2026-03-24 11:00,12,0,11,G02,hidro,87.352
2026-03-24 11:00,12,0,11,G03,hidro,214.7
2026-03-24 11:00,12,0,11,G04,hidro,242.409
2026-03-24 11:00,12,0,11,G05,hidro,254.34
2026-03-24 11:00,12,0,11,G06,termo,157.047
2026-03-24 11:00,12,0,11,G07,termo,173.355
2026-03-24 11:00,12,0,11,G08,solar,121.167
2026-03-24 11:00,12,0,11,G09,solar,117.969
2026-03-24 11:00,12,0,11,G10,eolica,59.049
2026-03-24 12:00,12,0,12,G01,hidro,88.964
2026-03-24 12:00,12,0,12,G02,hidro,87.563
2026-03-24 12:00,12,0,12,G03,hidro,180.809
2026-03-24 12:00,12,0,12,G04,hidro,285.172
2026-03-24 12:00,12,0,12,G05,hidro,284.483
2026-03-24 12:00,12,0,12,G06,termo,150.579
2026-03-24 12:00,12,0,12,G07,termo,169.52
2026-03-24 12:00,12,0,12,G08,solar,138.837
2026-03-24 12:00,12,0,12,G09,solar,134.206
2026-03-24 12:00,12,0,12,G10,eolica,55.813
2026-03-24 13:00,12,0,13,G01,hidro,102.994
2026-03-24 13:00,12,0,13,G02,hidro,91.483
2026-03-24 13:00,12,0,13,G03,hidro,206.947
2026-03-24 13:00,12,0,13,G04,hidro,252.691
2026-03-24 13:00,12,0,13,G05,hidro,230.547
2026-03-24 13:00,12,0,13,G06,termo,178.455
2026-03-24 13:00,12,0,13,G07,termo,154.826
2026-03-24 13:00,12,0,13,G08,solar,148.879
2026-03-24 13:00,12,0,13,G09,solar,146.396
2026-03-24 13:00,12,0,13,G10,eolica,55.646
2026-03-24 14:00,12,0,14,G01,hidro,87.824
2026-03-24 14:00,12,0,14,G02,hidro,93.655
2026-03-24 14:00,12,0,14,G03,hidro,224.811
2026-03-24 14:00,12,0,14,G04,hidro,290.936
2026-03-24 14:00,12,0,14,G05,hidro,242.863
2026-03-24 14:00,12,0,14,G06,termo,147.074
2026-03-24 14:00,12,0,14,G07,termo,155.75
2026-03-24 14:00,12,0,14,G08,solar,139.618
2026-03-24 14:00,12,0,14,G09,solar,135.487
2026-03-24 14:00,12,0,14,G10,eolica,47.452
2026-03-24 15:00,12,0,15,G01,hidro,82.014
2026-03-24 15:00,12,0,15,G02,hidro,91.537
2026-03-24 15:00,12,0,15,G03,hidro,225.77
2026-03-24 15:00,12,0,15,G04,hidro,235.306
2026-03-24 15:00,12,0,15,G05,hidro,262.878
2026-03-24 15:00,12,0,15,G06,termo,142.807
2026-03-24 15:00,12,0,15,G07,termo,166.959
2026-03-24 15:00,12,0,15,G08,solar,138.25
2026-03-24 15:00,12,0,15,G09,solar,137.72
2026-03-24 15:00,12,0,15,G10,eolica,41.499
2026-03-24 16:00,12,0,16,G01,hidro,90.454
2026-03-24 16:00,12,0,16,G02,hidro,100.277
2026-03-24 16:00,12,0,16,G03,hidro,212.411
2026-03-24 16:00,12,0,16,G04,hidro,242.477
2026-03-24 16:00,12,0,16,G05,hidro,229.821
2026-03-24 16:00,12,0,16,G06,termo,142.469
2026-03-24 16:00,12,0,16,G07,termo,166.907
2026-03-24 16:00,12,0,16,G08,solar,72.652
2026-03-24 16:00,12,0,16,G09,solar,74.665
2026-03-24 16:00,12,0,16,G10,eolica,39.012
2026-03-24 17:00,12,0,17,G01,hidro,94.045
2026-03-24 17:00,12,0,17,G02,hidro,86.255
2026-03-24 17:00,12,0,17,G03,hidro,198.494
2026-03-24 17:00,12,0,17,G04,hidro,284.532
2026-03-24 17:00,12,0,17,G05,hidro,283.331
2026-03-24 17:00,12,0,17,G06,termo,164.442
2026-03-24 17:00,12,0,17,G07,termo,169.433
2026-03-24 17:00,12,0,17,G08,solar,79.232
2026-03-24 17:00,12,0,17,G09,solar,81.653
2026-03-24 17:00,12,0,17,G10,eolica,35.323
2026-03-24 18:00,12,0,18,G01,hidro,81.936
2026-03-24 18:00,12,0,18,G02,hidro,103.856
2026-03-24 18:00,12,0,18,G03,hidro,224.608
2026-03-24 18:00,12,0,18,G04,hidro,268.947
2026-03-24 18:00,12,0,18,G05,hidro,274.409
2026-03-24 18:00,12,0,18,G06,termo,142.73
2026-03-24 18:00,12,0,18,G07,termo,159.593
2026-03-24 18:00,12,0,18,G08,solar,14.315
2026-03-24 18:00,12,0,18,G09,solar,12.978
2026-03-24 18:00,12,0,18,G10,eolica,34.819
2026-03-24 19:00,12,0,19,G01,hidro,76.521
2026-03-24 19:00,12,0,19,G02,hidro,93.958
2026-03-24 19:00,12,0,19,G03,hidro,194.324
2026-03-24 19:00,12,0,19,G04,hidro,234.446
2026-03-24 19:00,12,0,19,G05,hidro,227.718
2026-03-24 19:00,12,0,19,G06,termo,159.566
2026-03-24 19:00,12,0,19,G07,termo,130.604
2026-03-24 19:00,12,0,19,G08,solar,14.284
2026-03-24 19:00,12,0,19,G09,solar,14.239
2026-03-24 19:00,12,0,19,G10,eolica,32.727
2026-03-24 20:00,12,0,20,G01,hidro,93.766
2026-03-24 20:00,12,0,20,G02,hidro,85.413
2026-03-24 20:00,12,0,20,G03,hidro,169.36
2026-03-24 20:00,12,0,20,G04,hidro,250.922
2026-03-24 20:00,12,0,20,G05,hidro,258.108
2026-03-24 20:00,12,0,20,G06,termo,127.941
2026-03-24 20:00,12,0,20,G07,termo,146.684
2026-03-24 20:00,12,0,20,G08,solar,0.0
2026-03-24 20:00,12,0,20,G09,solar,0.0
2026-03-24 20:00,12,0,20,G10,eolica,34.227
2026-03-24 21:00,12,0,21,G01,hidro,81.192
2026-03-24 21:00,12,0,21,G02,hidro,89.522
2026-03-24 21:00,12,0,21,G03,hidro,172.075
2026-03-24 21:00,12,0,21,G04,hidro,207.945
2026-03-24 21:00,12,0,21,G05,hidro,213.312
2026-03-24 21:00,12,0,21,G06,termo,149.068
2026-03-24 21:00,12,0,21,G07,termo,129.481
2026-03-24 21:00,12,0,21,G08,solar,0.0
2026-03-24 21:00,12,0,21,G09,solar,0.0
2026-03-24 21:00,12,0,21,G10,eolica,40.891
2026-03-24 22:00,12,0,22,G01,hidro,84.698
2026-03-24 22:00,12,0,22,G02,hidro,87.645
2026-03-24 22:00,12,0,22,G03,hidro,170.052
2026-03-24 22:00,12,0,22,G04,hidro,258.32
2026-03-24 22:00,12,0,22,G05,hidro,212.239
2026-03-24 22:00,12,0,22,G06,termo,159.501
2026-03-24 22:00,12,0,22,G07,termo,153.311
2026-03-24 22:00,12,0,22,G08,solar,0.0
2026-03-24 22:00,12,0,22,G09,solar,0.0
2026-03-24 22:00,12,0,22,G10,eolica,41.858
2026-03-24 23:00,12,0,23,G01,hidro,65.915
2026-03-24 23:00,12,0,23,G02,hidro,61.171
2026-03-24 23:00,12,0,23,G03,hidro,153.591
2026-03-24 23:00,12,0,23,G04,hidro,165.951
2026-03-24 23:00,12,0,23,G05,hidro,179.451
2026-03-24 23:00,12,0,23,G06,termo,102.481
2026-03-24 23:00,12,0,23,G07,termo,97.197
2026-03-24 23:00,12,0,23,G08,solar,0.0
2026-03-24 23:00,12,0,23,G09,solar,0.0
2026-03-24 23:00,12,0,23,G10,eolica,53.404
2026-03-25 00:00,12,1,0,G01,hidro,61.304
2026-03-25 00:00,12,1,0,G02,hidro,59.674
2026-03-25 00:00,12,1,0,G03,hidro,130.961
2026-03-25 00:00,12,1,0,G04,hidro,155.24
2026-03-25 00:00,12,1,0,G05,hidro,173.357
2026-03-25 00:00,12,1,0,G06,termo,105.978
2026-03-25 00:00,12,1,0,G07,termo,104.622
2026-03-25 00:00,12,1,0,G08,solar,0.0
2026-03-25 00:00,12,1,0,G09,solar,0.0
2026-03-25 00:00,12,1,0,G10,eolica,64.872
2026-03-25 01:00,12,1,1,G01,hidro,55.226
2026-03-25 01:00,12,1,1,G02,hidro,63.59
2026-03-25 01:00,12,1,1,G03,hidro,117.02
2026-03-25 01:00,12,1,1,G04,hidro,174.96
2026-03-25 01:00,12,1,1,G05,hidro,176.9
2026-03-25 01:00,12,1,1,G06,termo,91.839
2026-03-25 01:00,12,1,1,G07,termo,107.567
2026-03-25 01:00,12,1,1,G08,solar,0.0
2026-03-25 01:00,12,1,1,G09,solar,0.0
2026-03-25 01:00,12,1,1,G10,eolica,71.987
2026-03-25 02:00,12,1,2,G01,hidro,55.312
2026-03-25 02:00,12,1,2,G02,hidro,64.337
2026-03-25 02:00,12,1,2,G03,hidro,134.335
2026-03-25 02:00,12,1,2,G04,hidro,156.469
2026-03-25 02:00,12,1,2,G05,hidro,163.316
2026-03-25 02:00,12,1,2,G06,termo,98.573
2026-03-25 02:00,12,1,2,G07,termo,91.983
2026-03-25 02:00,12,1,2,G08,solar,0.0
2026-03-25 02:00,12,1,2,G09,solar,0.0
2026-03-25 02:00,12,1,2,G10,eolica,76.94
2026-03-25 03:00,12,1,3,G01,hidro,51.372
2026-03-25 03:00,12,1,3,G02,hidro,55.023
2026-03-25 03:00,12,1,3,G03,hidro,139.159
2026-03-25 03:00,12,1,3,G04,hidro,152.224
2026-03-25 03:00,12,1,3,G05,hidro,146.435
2026-03-25 03:00,12,1,3,G06,termo,98.075
2026-03-25 03:00,12,1,3,G07,termo,87.894
2026-03-25 03:00,12,1,3,G08,solar,0.0
2026-03-25 03:00,12,1,3,G09,solar,0.0
2026-03-25 03:00,12,1,3,G10,eolica,83.486
2026-03-25 04:00,12,1,4,G01,hidro,54.928
2026-03-25 04:00,12,1,4,G02,hidro,53.589
2026-03-25 04:00,12,1,4,G03,hidro,121.898
2026-03-25 04:00,12,1,4,G04,hidro,151.946
2026-03-25 04:00,12,1,4,G05,hidro,144.91
2026-03-25 04:00,12,1,4,G06,termo,93.658
2026-03-25 04:00,12,1,4,G07,termo,103.463
2026-03-25 04:00,12,1,4,G08,solar,0.0
2026-03-25 04:00,12,1,4,G09,solar,0.0
2026-03-25 04:00,12,1,4,G10,eolica,84.211
2026-03-25 05:00,12,1,5,G01,hidro,63.743
2026-03-25 05:00,12,1,5,G02,hidro,61.746
2026-03-25 05:00,12,1,5,G03,hidro,126.798
2026-03-25 05:00,12,1,5,G04,hidro,155.216
2026-03-25 05:00,12,1,5,G05,hidro,149.38
2026-03-25 05:00,12,1,5,G06,termo,93.793
2026-03-25 05:00,12,1,5,G07,termo,107.37
2026-03-25 05:00,12,1,5,G08,solar,0.0
2026-03-25 05:00,12,1,5,G09,solar,0.0
2026-03-25 05:00,12,1,5,G10,eolica,86.428
2026-03-25 06:00,12,1,6,G01,hidro,61.747
2026-03-25 06:00,12,1,6,G02,hidro,61.748
2026-03-25 06:00,12,1,6,G03,hidro,115.217
2026-03-25 06:00,12,1,6,G04,hidro,176.762
2026-03-25 06:00,12,1,6,G05,hidro,161.558
2026-03-25 06:00,12,1,6,G06,termo,90.428
2026-03-25 06:00,12,1,6,G07,termo,104.831
2026-03-25 06:00,12,1,6,G08,solar,0.0
2026-03-25 06:00,12,1,6,G09,solar,0.0
2026-03-25 06:00,12,1,6,G10,eolica,83.398
2026-03-25 07:00,12,1,7,G01,hidro,90.727
2026-03-25 07:00,12,1,7,G02,hidro,94.632
2026-03-25 07:00,12,1,7,G03,hidro,183.15
2026-03-25 07:00,12,1,7,G04,hidro,282.555
2026-03-25 07:00,12,1,7,G05,hidro,293.485
2026-03-25 07:00,12,1,7,G06,termo,170.29
2026-03-25 07:00,12,1,7,G07,termo,164.712
2026-03-25 07:00,12,1,7,G08,solar,40.409
2026-03-25 07:00,12,1,7,G09,solar,40.244
2026-03-25 07:00,12,1,7,G10,eolica,87.829
2026-03-25 08:00,12,1,8,G01,hidro,100.957
2026-03-25 08:00,12,1,8,G02,hidro,83.868
2026-03-25 08:00,12,1,8,G03,hidro,201.337
2026-03-25 08:00,12,1,8,G04,hidro,232.548
2026-03-25 08:00,12,1,8,G05,hidro,234.008
2026-03-25 08:00,12,1,8,G06,termo,144.996
2026-03-25 08:00,12,1,8,G07,termo,158.71
2026-03-25 08:00,12,1,8,G08,solar,44.263
2026-03-25 08:00,12,1,8,G09,solar,38.777
2026-03-25 08:00,12,1,8,G10,eolica,90.707
2026-03-25 09:00,12,1,9,G01,hidro,92.271
2026-03-25 09:00,12,1,9,G02,hidro,102.979
2026-03-25 09:00,12,1,9,G03,hidro,230.49
2026-03-25 09:00,12,1,9,G04,hidro,232.131
2026-03-25 09:00,12,1,9,G05,hidro,289.101
2026-03-25 09:00,12,1,9,G06,termo,169.654
2026-03-25 09:00,12,1,9,G07,termo,140.549
2026-03-25 09:00,12,1,9,G08,solar,111.567
2026-03-25 09:00,12,1,9,G09,solar,112.452
2026-03-25 09:00,12,1,9,G10,eolica,82.819
2026-03-25 10:00,12,1,10,G01,hidro,104.758
2026-03-25 10:00,12,1,10,G02,hidro,86.643
2026-03-25 10:00,12,1,10,G03,hidro,222.017
2026-03-25 10:00,12,1,10,G04,hidro,247.09
2026-03-25 10:00,12,1,10,G05,hidro,290.919
2026-03-25 10:00,12,1,10,G06,termo,156.273
2026-03-25 10:00,12,1,10,G07,termo,160.51
2026-03-25 10:00,12,1,10,G08,solar,112.217
2026-03-25 10:00,12,1,10,G09,solar,114.934
2026-03-25 10:00,12,1,10,G10,eolica,73.207
2026-03-25 11:00,12,1,11,G01,hidro,95.474
2026-03-25 11:00,12,1,11,G02,hidro,103.336
2026-03-25 11:00,12,1,11,G03,hidro,182.187
2026-03-25 11:00,12,1,11,G04,hidro,275.915
2026-03-25 11:00,12,1,11,G05,hidro,245.897
2026-03-25 11:00,12,1,11,G06,termo,172.426
2026-03-25 11:00,12,1,11,G07,termo,175.444
2026-03-25 11:00,12,1,11,G08,solar,123.768
2026-03-25 11:00,12,1,11,G09,solar,121.719
2026-03-25 11:00,12,1,11,G10,eolica,63.259
2026-03-25 12:00,12,1,12,G01,hidro,83.764
2026-03-25 12:00,12,1,12,G02,hidro,99.624
2026-03-25 12:00,12,1,12,G03,hidro,229.034
2026-03-25 12:00,12,1,12,G04,hidro,244.284
2026-03-25 12:00,12,1,12,G05,hidro,292.823
2026-03-25 12:00,12,1,12,G06,termo,153.029
2026-03-25 12:00,12,1,12,G07,termo,164.622
2026-03-25 12:00,12,1,12,G08,solar,133.433
2026-03-25 12:00,12,1,12,G09,solar,136.259
2026-03-25 12:00,12,1,12,G10,eolica,62.717
2026-03-25 13:00,12,1,13,G01,hidro,87.903
2026-03-25 13:00,12,1,13,G02,hidro,82.307
2026-03-25 13:00,12,1,13,G03,hidro,191.542
2026-03-25 13:00,12,1,13,G04,hidro,265.626
2026-03-25 13:00,12,1,13,G05,hidro,283.076
2026-03-25 13:00,12,1,13,G06,termo,140.351
2026-03-25 13:00,12,1,13,G07,termo,157.628
2026-03-25 13:00,12,1,13,G08,solar,147.406
2026-03-25 13:00,12,1,13,G09,solar,127.963
2026-03-25 13:00,12,1,13,G10,eolica,47.865
2026-03-25 14:00,12,1,14,G01,hidro,104.401
2026-03-25 14:00,12,1,14,G02,hidro,90.613
2026-03-25 14:00,12,1,14,G03,hidro,188.645
2026-03-25 14:00,12,1,14,G04,hidro,284.079
2026-03-25 14:00,12,1,14,G05,hidro,237.072
2026-03-25 14:00,12,1,14,G06,termo,159.246
2026-03-25 14:00,12,1,14,G07,termo,160.905
2026-03-25 14:00,12,1,14,G08,solar,149.772
2026-03-25 14:00,12,1,14,G09,solar,135.491
2026-03-25 14:00,12,1,14,G10,eolica,41.596
2026-03-25 15:00,12,1,15,G01,hidro,82.798
2026-03-25 15:00,12,1,15,G02,hidro,82.27
2026-03-25 15:00,12,1,15,G03,hidro,199.974
2026-03-25 15:00,12,1,15,G04,hidro,238.141
2026-03-25 15:00,12,1,15,G05,hidro,266.218
2026-03-25 15:00,12,1,15,G06,termo,161.772
2026-03-25 15:00,12,1,15,G07,termo,154.094
2026-03-25 15:00,12,1,15,G08,solar,133.153
2026-03-25 15:00,12,1,15,G09,solar,141.878
2026-03-25 15:00,12,1,15,G10,eolica,44.6
2026-03-25 16:00,12,1,16,G01,hidro,81.935
2026-03-25 16:00,12,1,16,G02,hidro,93.303
2026-03-25 16:00,12,1,16,G03,hidro,212.537
2026-03-25 16:00,12,1,16,G04,hidro,284.987
2026-03-25 16:00,12,1,16,G05,hidro,277.234
2026-03-25 16:00,12,1,16,G06,termo,144.687
2026-03-25 16:00,12,1,16,G07,termo,151.87
2026-03-25 16:00,12,1,16,G08,solar,74.746
2026-03-25 16:00,12,1,16,G09,solar,72.298
2026-03-25 16:00,12,1,16,G10,eolica,36.462
2026-03-25 17:00,12,1,17,G01,hidro,102.855
2026-03-25 17:00,12,1,17,G02,hidro,85.06
2026-03-25 17:00,12,1,17,G03,hidro,199.781
2026-03-25 17:00,12,1,17,G04,hidro,288.827
2026-03-25 17:00,12,1,17,G05,hidro,256.715
2026-03-25 17:00,12,1,17,G06,termo,165.775
2026-03-25 17:00,12,1,17,G07,termo,142.565
2026-03-25 17:00,12,1,17,G08,solar,79.299
2026-03-25 17:00,12,1,17,G09,solar,79.542
2026-03-25 17:00,12,1,17,G10,eolica,34.964
2026-03-25 18:00,12,1,18,G01,hidro,90.333
2026-03-25 18:00,12,1,18,G02,hidro,83.961
2026-03-25 18:00,12,1,18,G03,hidro,198.833
2026-03-25 18:00,12,1,18,G04,hidro,269.998
2026-03-25 18:00,12,1,18,G05,hidro,248.953
2026-03-25 18:00,12,1,18,G06,termo,139.706
2026-03-25 18:00,12,1,18,G07,termo,169.884
2026-03-25 18:00,12,1,18,G08,solar,14.665
2026-03-25 18:00,12,1,18,G09,solar,14.791
2026-03-25 18:00,12,1,18,G10,eolica,32.136
2026-03-25 19:00,12,1,19,G01,hidro,78.101
2026-03-25 19:00,12,1,19,G02,hidro,74.984
2026-03-25 19:00,12,1,19,G03,hidro,198.785
2026-03-25 19:00,12,1,19,G04,hidro,236.333
2026-03-25 19:00,12,1,19,G05,hidro,248.674
2026-03-25 19:00,12,1,19,G06,termo,151.133
2026-03-25 19:00,12,1,19,G07,termo,128.01
2026-03-25 19:00,12,1,19,G08,solar,12.766
2026-03-25 19:00,12,1,19,G09,solar,13.757
2026-03-25 19:00,12,1,19,G10,eolica,30.277
2026-03-25 20:00,12,1,20,G01,hidro,78.577
2026-03-25 20:00,12,1,20,G02,hidro,78.932
2026-03-25 20:00,12,1,20,G03,hidro,176.649
2026-03-25 20:00,12,1,20,G04,hidro,220.802
2026-03-25 20:00,12,1,20,G05,hidro,235.54
2026-03-25 20:00,12,1,20,G06,termo,135.602
2026-03-25 20:00,12,1,20,G07,termo,130.542
2026-03-25 20:00,12,1,20,G08,solar,0.0
2026-03-25 20:00,12,1,20,G09,solar,0.0
2026-03-25 20:00,12,1,20,G10,eolica,39.634
2026-03-25 21:00,12,1,21,G01,hidro,82.13
2026-03-25 21:00,12,1,21,G02,hidro,88.716
2026-03-25 21:00,12,1,21,G03,hidro,181.522
2026-03-25 21:00,12,1,21,G04,hidro,251.112
2026-03-25 21:00,12,1,21,G05,hidro,244.393
2026-03-25 21:00,12,1,21,G06,termo,139.866
2026-03-25 21:00,12,1,21,G07,termo,135.573
2026-03-25 21:00,12,1,21,G08,solar,0.0
2026-03-25 21:00,12,1,21,G09,solar,0.0
2026-03-25 21:00,12,1,21,G10,eolica,36.87
2026-03-25 22:00,12,1,22,G01,hidro,88.146
2026-03-25 22:00,12,1,22,G02,hidro,88.591
2026-03-25 22:00,12,1,22,G03,hidro,204.396
2026-03-25 22:00,12,1,22,G04,hidro,210.11
2026-03-25 22:00,12,1,22,G05,hidro,230.789
2026-03-25 22:00,12,1,22,G06,termo,129.981
2026-03-25 22:00,12,1,22,G07,termo,147.39
2026-03-25 22:00,12,1,22,G08,solar,0.0
2026-03-25 22:00,12,1,22,G09,solar,0.0
2026-03-25 22:00,12,1,22,G10,eolica,48.32
2026-03-25 23:00,12,1,23,G01,hidro,66.734
2026-03-25 23:00,12,1,23,G02,hidro,68.175
2026-03-25 23:00,12,1,23,G03,hidro,146.195
2026-03-25 23:00,12,1,23,G04,hidro,153.99
2026-03-25 23:00,12,1,23,G05,hidro,156.289
2026-03-25 23:00,12,1,23,G06,termo,97.928
2026-03-25 23:00,12,1,23,G07,termo,110.361
2026-03-25 23:00,12,1,23,G08,solar,0.0
2026-03-25 23:00,12,1,23,G09,solar,0.0
2026-03-25 23:00,12,1,23,G10,eolica,51.414
2026-03-26 00:00,12,2,0,G01,hidro,51.595
2026-03-26 00:00,12,2,0,G02,hidro,61.315
2026-03-26 00:00,12,2,0,G03,hidro,114.451
2026-03-26 00:00,12,2,0,G04,hidro,150.064
2026-03-26 00:00,12,2,0,G05,hidro,169.795
2026-03-26 00:00,12,2,0,G06,termo,91.0
2026-03-26 00:00,12,2,0,G07,termo,88.834
2026-03-26 00:00,12,2,0,G08,solar,0.0
2026-03-26 00:00,12,2,0,G09,solar,0.0
2026-03-26 00:00,12,2,0,G10,eolica,56.243
2026-03-26 01:00,12,2,1,G01,hidro,59.609
2026-03-26 01:00,12,2,1,G02,hidro,50.794
2026-03-26 01:00,12,2,1,G03,hidro,137.131
2026-03-26 01:00,12,2,1,G04,hidro,143.044
2026-03-26 01:00,12,2,1,G05,hidro,144.76
2026-03-26 01:00,12,2,1,G06,termo,89.584
2026-03-26 01:00,12,2,1,G07,termo,89.881
2026-03-26 01:00,12,2,1,G08,solar,0.0
2026-03-26 01:00,12,2,1,G09,solar,0.0
2026-03-26 01:00,12,2,1,G10,eolica,64.921
2026-03-26 02:00,12,2,2,G01,hidro,54.557
2026-03-26 02:00,12,2,2,G02,hidro,61.995
2026-03-26 02:00,12,2,2,G03,hidro,117.129
2026-03-26 02:00,12,2,2,G04,hidro,159.066
2026-03-26 02:00,12,2,2,G05,hidro,165.153
2026-03-26 02:00,12,2,2,G06,termo,99.677
2026-03-26 02:00,12,2,2,G07,termo,87.737
2026-03-26 02:00,12,2,2,G08,solar,0.0
2026-03-26 02:00,12,2,2,G09,solar,0.0
2026-03-26 02:00,12,2,2,G10,eolica,72.298
2026-03-26 03:00,12,2,3,G01,hidro,56.697
2026-03-26 03:00,12,2,3,G02,hidro,55.024
2026-03-26 03:00,12,2,3,G03,hidro,140.633
2026-03-26 03:00,12,2,3,G04,hidro,180.302
2026-03-26 03:00,12,2,3,G05,hidro,170.588
2026-03-26 03:00,12,2,3,G06,termo,99.468
2026-03-26 03:00,12,2,3,G07,termo,95.671
2026-03-26 03:00,12,2,3,G08,solar,0.0
2026-03-26 03:00,12,2,3,G09,solar,0.0
2026-03-26 03:00,12,2,3,G10,eolica,72.213
2026-03-26 04:00,12,2,4,G01,hidro,58.342
2026-03-26 04:00,12,2,4,G02,hidro,56.524
2026-03-26 04:00,12,2,4,G03,hidro,142.651
2026-03-26 04:00,12,2,4,G04,hidro,154.045
2026-03-26 04:00,12,2,4,G05,hidro,174.582
2026-03-26 04:00,12,2,4,G06,termo,101.427
2026-03-26 04:00,12,2,4,G07,termo,94.417
2026-03-26 04:00,12,2,4,G08,solar,0.0
2026-03-26 04:00,12,2,4,G09,solar,0.0
2026-03-26 04:00,12,2,4,G10,eolica,80.853
2026-03-26 05:00,12,2,5,G01,hidro,59.358
2026-03-26 05:00,12,2,5,G02,hidro,60.487
2026-03-26 05:00,12,2,5,G03,hidro,112.926
2026-03-26 05:00,12,2,5,G04,hidro,151.86
2026-03-26 05:00,12,2,5,G05,hidro,168.176
2026-03-26 05:00,12,2,5,G06,termo,92.367
2026-03-26 05:00,12,2,5,G07,termo,94.4
2026-03-26 05:00,12,2,5,G08,solar,0.0
2026-03-26 05:00,12,2,5,G09,solar,0.0
2026-03-26 05:00,12,2,5,G10,eolica,85.843
2026-03-26 06:00,12,2,6,G01,hidro,58.902
2026-03-26 06:00,12,2,6,G02,hidro,53.931
2026-03-26 06:00,12,2,6,G03,hidro,124.64
2026-03-26 06:00,12,2,6,G04,hidro,172.672
2026-03-26 06:00,12,2,6,G05,hidro,174.097
2026-03-26 06:00,12,2,6,G06,termo,98.304
2026-03-26 06:00,12,2,6,G07,termo,93.024
2026-03-26 06:00,12,2,6,G08,solar,0.0
2026-03-26 06:00,12,2,6,G09,solar,0.0
2026-03-26 06:00,12,2,6,G10,eolica,88.046
2026-03-26 07:00,12,2,7,G01,hidro,103.599
2026-03-26 07:00,12,2,7,G02,hidro,83.012
2026-03-26 07:00,12,2,7,G03,hidro,205.956
2026-03-26 07:00,12,2,7,G04,hidro,282.067
2026-03-26 07:00,12,2,7,G05,hidro,246.96
2026-03-26 07:00,12,2,7,G06,termo,141.544
2026-03-26 07:00,12,2,7,G07,termo,177.629
2026-03-26 07:00,12,2,7,G08,solar,43.698
2026-03-26 07:00,12,2,7,G09,solar,42.726
2026-03-26 07:00,12,2,7,G10,eolica,76.05
2026-03-26 08:00,12,2,8,G01,hidro,101.378
2026-03-26 08:00,12,2,8,G02,hidro,99.641
2026-03-26 08:00,12,2,8,G03,hidro,209.936
2026-03-26 08:00,12,2,8,G04,hidro,282.814
2026-03-26 08:00,12,2,8,G05,hidro,265.863
2026-03-26 08:00,12,2,8,G06,termo,153.273
2026-03-26 08:00,12,2,8,G07,termo,159.979
2026-03-26 08:00,12,2,8,G08,solar,41.718
2026-03-26 08:00,12,2,8,G09,solar,43.522
2026-03-26 08:00,12,2,8,G10,eolica,83.547
2026-03-26 09:00,12,2,9,G01,hidro,98.815
2026-03-26 09:00,12,2,9,G02,hidro,87.353
2026-03-26 09:00,12,2,9,G03,hidro,211.777
2026-03-26 09:00,12,2,9,G04,hidro,239.551
2026-03-26 09:00,12,2,9,G05,hidro,273.928
2026-03-26 09:00,12,2,9,G06,termo,142.419
2026-03-26 09:00,12,2,9,G07,termo,154.089
2026-03-26 09:00,12,2,9,G08,solar,109.287
2026-03-26 09:00,12,2,9,G09,solar,108.808
2026-03-26 09:00,12,2,9,G10,eolica,83.867
2026-03-26 10:00,12,2,10,G01,hidro,96.708
2026-03-26 10:00,12,2,10,G02,hidro,89.308
2026-03-26 10:00,12,2,10,G03,hidro,195.62
2026-03-26 10:00,12,2,10,G04,hidro,287.568
2026-03-26 10:00,12,2,10,G05,hidro,266.213
2026-03-26 10:00,12,2,10,G06,termo,178.183
2026-03-26 10:00,12,2,10,G07,termo,159.353
2026-03-26 10:00,12,2,10,G08,solar,116.924
2026-03-26 10:00,12,2,10,G09,solar,126.54
2026-03-26 10:00,12,2,10,G10,eolica,79.71
2026-03-26 11:00,12,2,11,G01,hidro,88.811
2026-03-26 11:00,12,2,11,G02,hidro,84.525
2026-03-26 11:00,12,2,11,G03,hidro,210.891
2026-03-26 11:00,12,2,11,G04,hidro,229.361
2026-03-26 11:00,12,2,11,G05,hidro,234.477
2026-03-26 11:00,12,2,11,G06,termo,169.079
2026-03-26 11:00,12,2,11,G07,termo,140.0
2026-03-26 11:00,12,2,11,G08,solar,120.904
2026-03-26 11:00,12,2,11,G09,solar,118.526
2026-03-26 11:00,12,2,11,G10,eolica,66.249
2026-03-26 12:00,12,2,12,G01,hidro,102.216
2026-03-26 12:00,12,2,12,G02,hidro,91.284
2026-03-26 12:00,12,2,12,G03,hidro,230.508
2026-03-26 12:00,12,2,12,G04,hidro,230.889
2026-03-26 12:00,12,2,12,G05,hidro,276.224
2026-03-26 12:00,12,2,12,G06,termo,150.472
2026-03-26 12:00,12,2,12,G07,termo,163.667
2026-03-26 12:00,12,2,12,G08,solar,138.701
2026-03-26 12:00,12,2,12,G09,solar,133.919
2026-03-26 12:00,12,2,12,G10,eolica,54.051
2026-03-26 13:00,12,2,13,G01,hidro,91.058
2026-03-26 13:00,12,2,13,G02,hidro,84.085
2026-03-26 13:00,12,2,13,G03,hidro,209.064
2026-03-26 13:00,12,2,13,G04,hidro,272.802
2026-03-26 13:00,12,2,13,G05,hidro,238.534
2026-03-26 13:00,12,2,13,G06,termo,173.904
2026-03-26 13:00,12,2,13,G07,termo,140.456
2026-03-26 13:00,12,2,13,G08,solar,147.849
2026-03-26 13:00,12,2,13,G09,solar,146.888
2026-03-26 13:00,12,2,13,G10,eolica,53.671
2026-03-26 14:00,12,2,14,G01,hidro,100.985
2026-03-26 14:00,12,2,14,G02,hidro,83.217
2026-03-26 14:00,12,2,14,G03,hidro,206.204
2026-03-26 14:00,12,2,14,G04,hidro,259.209
2026-03-26 14:00,12,2,14,G05,hidro,255.855
2026-03-26 14:00,12,2,14,G06,termo,150.047
2026-03-26 14:00,12,2,14,G07,termo,153.632
2026-03-26 14:00,12,2,14,G08,solar,143.118
2026-03-26 14:00,12,2,14,G09,solar,134.673
2026-03-26 14:00,12,2,14,G10,eolica,42.099
2026-03-26 15:00,12,2,15,G01,hidro,86.305
2026-03-26 15:00,12,2,15,G02,hidro,103.184
2026-03-26 15:00,12,2,15,G03,hidro,201.116
2026-03-26 15:00,12,2,15,G04,hidro,257.124
2026-03-26 15:00,12,2,15,G05,hidro,253.555
2026-03-26 15:00,12,2,15,G06,termo,167.848
2026-03-26 15:00,12,2,15,G07,termo,156.403
2026-03-26 15:00,12,2,15,G08,solar,129.369
2026-03-26 15:00,12,2,15,G09,solar,138.942
2026-03-26 15:00,12,2,15,G10,eolica,39.575
2026-03-26 16:00,12,2,16,G01,hidro,97.318
2026-03-26 16:00,12,2,16,G02,hidro,87.737
2026-03-26 16:00,12,2,16,G03,hidro,194.942
2026-03-26 16:00,12,2,16,G04,hidro,259.597
2026-03-26 16:00,12,2,16,G05,hidro,237.985
2026-03-26 16:00,12,2,16,G06,termo,178.295
2026-03-26 16:00,12,2,16,G07,termo,161.686
2026-03-26 16:00,12,2,16,G08,solar,73.754
2026-03-26 16:00,12,2,16,G09,solar,82.419
2026-03-26 16:00,12,2,16,G10,eolica,35.658
2026-03-26 17:00,12,2,17,G01,hidro,88.413
2026-03-26 17:00,12,2,17,G02,hidro,95.062
2026-03-26 17:00,12,2,17,G03,hidro,185.25
2026-03-26 17:00,12,2,17,G04,hidro,268.495
2026-03-26 17:00,12,2,17,G05,hidro,273.299
2026-03-26 17:00,12,2,17,G06,termo,166.305
2026-03-26 17:00,12,2,17,G07,termo,154.679
2026-03-26 17:00,12,2,17,G08,solar,74.618
2026-03-26 17:00,12,2,17,G09,solar,78.825
2026-03-26 17:00,12,2,17,G10,eolica,33.082
2026-03-26 18:00,12,2,18,G01,hidro,87.912
2026-03-26 18:00,12,2,18,G02,hidro,96.586
2026-03-26 18:00,12,2,18,G03,hidro,189.104
2026-03-26 18:00,12,2,18,G04,hidro,278.901
2026-03-26 18:00,12,2,18,G05,hidro,252.364
2026-03-26 18:00,12,2,18,G06,termo,171.848
2026-03-26 18:00,12,2,18,G07,termo,160.896
2026-03-26 18:00,12,2,18,G08,solar,13.899
2026-03-26 18:00,12,2,18,G09,solar,14.927
2026-03-26 18:00,12,2,18,G10,eolica,29.966
2026-03-26 19:00,12,2,19,G01,hidro,75.055
2026-03-26 19:00,12,2,19,G02,hidro,83.237
2026-03-26 19:00,12,2,19,G03,hidro,182.622
2026-03-26 19:00,12,2,19,G04,hidro,225.13
2026-03-26 19:00,12,2,19,G05,hidro,254.375
2026-03-26 19:00,12,2,19,G06,termo,160.04
2026-03-26 19:00,12,2,19,G07,termo,138.303
2026-03-26 19:00,12,2,19,G08,solar,13.944
2026-03-26 19:00,12,2,19,G09,solar,13.378
2026-03-26 19:00,12,2,19,G10,eolica,30.501
2026-03-26 20:00,12,2,20,G01,hidro,77.622
2026-03-26 20:00,12,2,20,G02,hidro,84.177
2026-03-26 20:00,12,2,20,G03,hidro,175.604
2026-03-26 20:00,12,2,20,G04,hidro,242.776
2026-03-26 20:00,12,2,20,G05,hidro,231.454
2026-03-26 20:00,12,2,20,G06,termo,130.336
2026-03-26 20:00,12,2,20,G07,termo,158.659
2026-03-26 20:00,12,2,20,G08,solar,0.0
2026-03-26 20:00,12,2,20,G09,solar,0.0
2026-03-26 20:00,12,2,20,G10,eolica,39.728
2026-03-26 21:00,12,2,21,G01,hidro,79.294
2026-03-26 21:00,12,2,21,G02,hidro,77.219
2026-03-26 21:00,12,2,21,G03,hidro,179.648
2026-03-26 21:00,12,2,21,G04,hidro,231.676
2026-03-26 21:00,12,2,21,G05,hidro,262.935
2026-03-26 21:00,12,2,21,G06,termo,155.071
2026-03-26 21:00,12,2,21,G07,termo,134.797
2026-03-26 21:00,12,2,21,G08,solar,0.0
2026-03-26 21:00,12,2,21,G09,solar,0.0
2026-03-26 21:00,12,2,21,G10,eolica,41.446
2026-03-26 22:00,12,2,22,G01,hidro,94.883
2026-03-26 22:00,12,2,22,G02,hidro,90.105
2026-03-26 22:00,12,2,22,G03,hidro,192.551
2026-03-26 22:00,12,2,22,G04,hidro,225.761
2026-03-26 22:00,12,2,22,G05,hidro,261.245
2026-03-26 22:00,12,2,22,G06,termo,152.47
2026-03-26 22:00,12,2,22,G07,termo,140.778
2026-03-26 22:00,12,2,22,G08,solar,0.0
2026-03-26 22:00,12,2,22,G09,solar,0.0
2026-03-26 22:00,12,2,22,G10,eolica,43.385
2026-03-26 23:00,12,2,23,G01,hidro,62.22
2026-03-26 23:00,12,2,23,G02,hidro,63.883
2026-03-26 23:00,12,2,23,G03,hidro,129.011
2026-03-26 23:00,12,2,23,G04,hidro,156.924
2026-03-26 23:00,12,2,23,G05,hidro,185.311
2026-03-26 23:00,12,2,23,G06,termo,114.01
2026-03-26 23:00,12,2,23,G07,termo,103.186
2026-03-26 23:00,12,2,23,G08,solar,0.0
2026-03-26 23:00,12,2,23,G09,solar,0.0
2026-03-26 23:00,12,2,23,G10,eolica,56.313
2026-03-27 00:00,12,3,0,G01,hidro,54.787
2026-03-27 00:00,12,3,0,G02,hidro,60.472
2026-03-27 00:00,12,3,0,G03,hidro,142.494
2026-03-27 00:00,12,3,0,G04,hidro,164.333
2026-03-27 00:00,12,3,0,G05,hidro,159.087
2026-03-27 00:00,12,3,0,G06,termo,91.688
2026-03-27 00:00,12,3,0,G07,termo,91.276
2026-03-27 00:00,12,3,0,G08,solar,0.0
2026-03-27 00:00,12,3,0,G09,solar,0.0
2026-03-27 00:00,12,3,0,G10,eolica,52.931
2026-03-27 01:00,12,3,1,G01,hidro,52.369
2026-03-27 01:00,12,3,1,G02,hidro,60.498
2026-03-27 01:00,12,3,1,G03,hidro,119.813
2026-03-27 01:00,12,3,1,G04,hidro,145.061
2026-03-27 01:00,12,3,1,G05,hidro,167.904
2026-03-27 01:00,12,3,1,G06,termo,87.448
2026-03-27 01:00,12,3,1,G07,termo,105.788
2026-03-27 01:00,12,3,1,G08,solar,0.0
2026-03-27 01:00,12,3,1,G09,solar,0.0
2026-03-27 01:00,12,3,1,G10,eolica,59.213
2026-03-27 02:00,12,3,2,G01,hidro,64.404
2026-03-27 02:00,12,3,2,G02,hidro,52.651
2026-03-27 02:00,12,3,2,G03,hidro,139.745
2026-03-27 02:00,12,3,2,G04,hidro,179.675
2026-03-27 02:00,12,3,2,G05,hidro,145.913
2026-03-27 02:00,12,3,2,G06,termo,103.502
2026-03-27 02:00,12,3,2,G07,termo,104.682
2026-03-27 02:00,12,3,2,G08,solar,0.0
2026-03-27 02:00,12,3,2,G09,solar,0.0
2026-03-27 02:00,12,3,2,G10,eolica,68.595
2026-03-27 03:00,12,3,3,G01,hidro,55.235
2026-03-27 03:00,12,3,3,G02,hidro,58.205
2026-03-27 03:00,12,3,3,G03,hidro,133.951
2026-03-27 03:00,12,3,3,G04,hidro,148.814
2026-03-27 03:00,12,3,3,G05,hidro,171.535
2026-03-27 03:00,12,3,3,G06,termo,101.686
2026-03-27 03:00,12,3,3,G07,termo,93.534
2026-03-27 03:00,12,3,3,G08,solar,0.0
2026-03-27 03:00,12,3,3,G09,solar,0.0
2026-03-27 03:00,12,3,3,G10,eolica,77.872
2026-03-27 04:00,12,3,4,G01,hidro,63.019
2026-03-27 04:00,12,3,4,G02,hidro,57.536
2026-03-27 04:00,12,3,4,G03,hidro,120.766
2026-03-27 04:00,12,3,4,G04,hidro,171.086
2026-03-27 04:00,12,3,4,G05,hidro,141.98
2026-03-27 04:00,12,3,4,G06,termo,90.293
2026-03-27 04:00,12,3,4,G07,termo,92.952
2026-03-27 04:00,12,3,4,G08,solar,0.0
2026-03-27 04:00,12,3,4,G09,solar,0.0
2026-03-27 04:00,12,3,4,G10,eolica,87.379
2026-03-27 05:00,12,3,5,G01,hidro,54.887
2026-03-27 05:00,12,3,5,G02,hidro,52.961
2026-03-27 05:00,12,3,5,G03,hidro,115.269
2026-03-27 05:00,12,3,5,G04,hidro,162.41
2026-03-27 05:00,12,3,5,G05,hidro,143.861
2026-03-27 05:00,12,3,5,G06,termo,93.879
2026-03-27 05:00,12,3,5,G07,termo,97.84
2026-03-27 05:00,12,3,5,G08,solar,0.0
2026-03-27 05:00,12,3,5,G09,solar,0.0
2026-03-27 05:00,12,3,5,G10,eolica,89.802
2026-03-27 06:00,12,3,6,G01,hidro,63.289
2026-03-27 06:00,12,3,6,G02,hidro,61.166
2026-03-27 06:00,12,3,6,G03,hidro,124.437
2026-03-27 06:00,12,3,6,G04,hidro,162.376
2026-03-27 06:00,12,3,6,G05,hidro,148.049
2026-03-27 06:00,12,3,6,G06,termo,109.378
2026-03-27 06:00,12,3,6,G07,termo,96.981
2026-03-27 06:00,12,3,6,G08,solar,0.0
2026-03-27 06:00,12,3,6,G09,solar,0.0
2026-03-27 06:00,12,3,6,G10,eolica,76.902
2026-03-27 07:00,12,3,7,G01,hidro,86.137
2026-03-27 07:00,12,3,7,G02,hidro,91.762
2026-03-27 07:00,12,3,7,G03,hidro,185.737
2026-03-27 07:00,12,3,7,G04,hidro,262.351
2026-03-27 07:00,12,3,7,G05,hidro,279.673
2026-03-27 07:00,12,3,7,G06,termo,174.914
2026-03-27 07:00,12,3,7,G07,termo,159.673
2026-03-27 07:00,12,3,7,G08,solar,39.652
2026-03-27 07:00,12,3,7,G09,solar,39.539
2026-03-27 07:00,12,3,7,G10,eolica,91.984
2026-03-27 08:00,12,3,8,G01,hidro,101.639
2026-03-27 08:00,12,3,8,G02,hidro,83.006
2026-03-27 08:00,12,3,8,G03,hidro,183.346
2026-03-27 08:00,12,3,8,G04,hidro,286.925
2026-03-27 08:00,12,3,8,G05,hidro,282.532
2026-03-27 08:00,12,3,8,G06,termo,167.679
2026-03-27 08:00,12,3,8,G07,termo,164.854
2026-03-27 08:00,12,3,8,G08,solar,40.334
2026-03-27 08:00,12,3,8,G09,solar,41.555
2026-03-27 08:00,12,3,8,G10,eolica,83.86
2026-03-27 09:00,12,3,9,G01,hidro,86.812
2026-03-27 09:00,12,3,9,G02,hidro,90.572
2026-03-27 09:00,12,3,9,G03,hidro,198.6
2026-03-27 09:00,12,3,9,G04,hidro,261.653
2026-03-27 09:00,12,3,9,G05,hidro,281.284
2026-03-27 09:00,12,3,9,G06,termo,161.134
2026-03-27 09:00,12,3,9,G07,termo,156.2
2026-03-27 09:00,12,3,9,G08,solar,110.999
2026-03-27 09:00,12,3,9,G09,solar,110.149
2026-03-27 09:00,12,3,9,G10,eolica,83.636
2026-03-27 10:00,12,3,10,G01,hidro,94.31
2026-03-27 10:00,12,3,10,G02,hidro,83.233
2026-03-27 10:00,12,3,10,G03,hidro,224.17
2026-03-27 10:00,12,3,10,G04,hidro,230.221
2026-03-27 10:00,12,3,10,G05,hidro,282.262
2026-03-27 10:00,12,3,10,G06,termo,169.278
2026-03-27 10:00,12,3,10,G07,termo,168.691
2026-03-27 10:00,12,3,10,G08,solar,123.026
2026-03-27 10:00,12,3,10,G09,solar,117.725
2026-03-27 10:00,12,3,10,G10,eolica,71.906
2026-03-27 11:00,12,3,11,G01,hidro,82.492
2026-03-27 11:00,12,3,11,G02,hidro,89.589
2026-03-27 11:00,12,3,11,G03,hidro,226.217
2026-03-27 11:00,12,3,11,G04,hidro,268.02
2026-03-27 11:00,12,3,11,G05,hidro,256.09
2026-03-27 11:00,12,3,11,G06,termo,178.293
2026-03-27 11:00,12,3,11,G07,termo,168.862
2026-03-27 11:00,12,3,11,G08,solar,123.7
2026-03-27 11:00,12,3,11,G09,solar,108.978
2026-03-27 11:00,12,3,11,G10,eolica,71.092
2026-03-27 12:00,12,3,12,G01,hidro,90.626
2026-03-27 12:00,12,3,12,G02,hidro,103.906
2026-03-27 12:00,12,3,12,G03,hidro,197.502
2026-03-27 12:00,12,3,12,G04,hidro,253.27
2026-03-27 12:00,12,3,12,G05,hidro,267.085
2026-03-27 12:00,12,3,12,G06,termo,148.488
2026-03-27 12:00,12,3,12,G07,termo,156.816
2026-03-27 12:00,12,3,12,G08,solar,148.903
2026-03-27 12:00,12,3,12,G09,solar,138.06
2026-03-27 12:00,12,3,12,G10,eolica,59.371
2026-03-27 13:00,12,3,13,G01,hidro,89.03
2026-03-27 13:00,12,3,13,G02,hidro,103.889
2026-03-27 13:00,12,3,13,G03,hidro,210.349
2026-03-27 13:00,12,3,13,G04,hidro,273.702
2026-03-27 13:00,12,3,13,G05,hidro,280.92
2026-03-27 13:00,12,3,13,G06,termo,176.755
2026-03-27 13:00,12,3,13,G07,termo,177.183
2026-03-27 13:00,12,3,13,G08,solar,139.521
2026-03-27 13:00,12,3,13,G09,solar,143.822
2026-03-27 13:00,12,3,13,G10,eolica,55.301
2026-03-27 14:00,12,3,14,G01,hidro,85.603
2026-03-27 14:00,12,3,14,G02,hidro,89.278
2026-03-27 14:00,12,3,14,G03,hidro,219.568
2026-03-27 14:00,12,3,14,G04,hidro,279.703
2026-03-27 14:00,12,3,14,G05,hidro,283.125
2026-03-27 14:00,12,3,14,G06,termo,144.747
2026-03-27 14:00,12,3,14,G07,termo,176.328
2026-03-27 14:00,12,3,14,G08,solar,132.035
2026-03-27 14:00,12,3,14,G09,solar,145.352
2026-03-27 14:00,12,3,14,G10,eolica,43.718
2026-03-27 15:00,12,3,15,G01,hidro,99.402
2026-03-27 15:00,12,3,15,G02,hidro,84.051
2026-03-27 15:00,12,3,15,G03,hidro,181.227
2026-03-27 15:00,12,3,15,G04,hidro,263.145
2026-03-27 15:00,12,3,15,G05,hidro,245.262
2026-03-27 15:00,12,3,15,G06,termo,144.972
2026-03-27 15:00,12,3,15,G07,termo,140.853
2026-03-27 15:00,12,3,15,G08,solar,145.677
2026-03-27 15:00,12,3,15,G09,solar,135.668
2026-03-27 15:00,12,3,15,G10,eolica,38.907
2026-03-27 16:00,12,3,16,G01,hidro,98.718
2026-03-27 16:00,12,3,16,G02,hidro,95.164
2026-03-27 16:00,12,3,16,G03,hidro,184.175
2026-03-27 16:00,12,3,16,G04,hidro,281.285
2026-03-27 16:00,12,3,16,G05,hidro,242.717
2026-03-27 16:00,12,3,16,G06,termo,177.567
2026-03-27 16:00,12,3,16,G07,termo,172.11
2026-03-27 16:00,12,3,16,G08,solar,79.202
2026-03-27 16:00,12,3,16,G09,solar,78.414
2026-03-27 16:00,12,3,16,G10,eolica,32.256
2026-03-27 17:00,12,3,17,G01,hidro,82.393
2026-03-27 17:00,12,3,17,G02,hidro,102.826
2026-03-27 17:00,12,3,17,G03,hidro,197.703
2026-03-27 17:00,12,3,17,G04,hidro,277.33
2026-03-27 17:00,12,3,17,G05,hidro,237.024
2026-03-27 17:00,12,3,17,G06,termo,169.084
2026-03-27 17:00,12,3,17,G07,termo,162.801
2026-03-27 17:00,12,3,17,G08,solar,76.284
2026-03-27 17:00,12,3,17,G09,solar,79.158
2026-03-27 17:00,12,3,17,G10,eolica,35.985
2026-03-27 18:00,12,3,18,G01,hidro,91.711
2026-03-27 18:00,12,3,18,G02,hidro,85.735
2026-03-27 18:00,12,3,18,G03,hidro,221.647
2026-03-27 18:00,12,3,18,G04,hidro,267.273
2026-03-27 18:00,12,3,18,G05,hidro,262.167
2026-03-27 18:00,12,3,18,G06,termo,152.007
2026-03-27 18:00,12,3,18,G07,termo,163.81
2026-03-27 18:00,12,3,18,G08,solar,13.94
2026-03-27 18:00,12,3,18,G09,solar,14.408
2026-03-27 18:00,12,3,18,G10,eolica,34.793
2026-03-27 19:00,12,3,19,G01,hidro,78.784
2026-03-27 19:00,12,3,19,G02,hidro,75.304
2026-03-27 19:00,12,3,19,G03,hidro,205.247
2026-03-27 19:00,12,3,19,G04,hidro,223.378
2026-03-27 19:00,12,3,19,G05,hidro,241.847
2026-03-27 19:00,12,3,19,G06,termo,154.985
2026-03-27 19:00,12,3,19,G07,termo,156.755
2026-03-27 19:00,12,3,19,G08,solar,14.548
2026-03-27 19:00,12,3,19,G09,solar,12.942
2026-03-27 19:00,12,3,19,G10,eolica,36.563
2026-03-27 20:00,12,3,20,G01,hidro,94.806
2026-03-27 20:00,12,3,20,G02,hidro,93.905
2026-03-27 20:00,12,3,20,G03,hidro,184.279
2026-03-27 20:00,12,3,20,G04,hidro,264.594
2026-03-27 20:00,12,3,20,G05,hidro,240.552
2026-03-27 20:00,12,3,20,G06,termo,128.138
2026-03-27 20:00,12,3,20,G07,termo,158.202
2026-03-27 20:00,12,3,20,G08,solar,0.0
2026-03-27 20:00,12,3,20,G09,solar,0.0
2026-03-27 20:00,12,3,20,G10,eolica,37.104
2026-03-27 21:00,12,3,21,G01,hidro,94.836
2026-03-27 21:00,12,3,21,G02,hidro,74.214
2026-03-27 21:00,12,3,21,G03,hidro,175.726
2026-03-27 21:00,12,3,21,G04,hidro,265.512
2026-03-27 21:00,12,3,21,G05,hidro,257.216
2026-03-27 21:00,12,3,21,G06,termo,134.512
2026-03-27 21:00,12,3,21,G07,termo,128.157
2026-03-27 21:00,12,3,21,G08,solar,0.0
2026-03-27 21:00,12,3,21,G09,solar,0.0
2026-03-27 21:00,12,3,21,G10,eolica,42.444
2026-03-27 22:00,12,3,22,G01,hidro,77.488
2026-03-27 22:00,12,3,22,G02,hidro,85.073
2026-03-27 22:00,12,3,22,G03,hidro,187.247
2026-03-27 22:00,12,3,22,G04,hidro,213.052
2026-03-27 22:00,12,3,22,G05,hidro,264.162
2026-03-27 22:00,12,3,22,G06,termo,149.086
2026-03-27 22:00,12,3,22,G07,termo,126.498
2026-03-27 22:00,12,3,22,G08,solar,0.0
2026-03-27 22:00,12,3,22,G09,solar,0.0
2026-03-27 22:00,12,3,22,G10,eolica,49.729
2026-03-27 23:00,12,3,23,G01,hidro,65.821
2026-03-27 23:00,12,3,23,G02,hidro,67.889
2026-03-27 23:00,12,3,23,G03,hidro,137.518
2026-03-27 23:00,12,3,23,G04,hidro,195.584
2026-03-27 23:00,12,3,23,G05,hidro,158.203
2026-03-27 23:00,12,3,23,G06,termo,115.647
2026-03-27 23:00,12,3,23,G07,termo,94.853
2026-03-27 23:00,12,3,23,G08,solar,0.0
2026-03-27 23:00,12,3,23,G09,solar,0.0
2026-03-27 23:00,12,3,23,G10,eolica,54.155
2026-03-28 00:00,12,4,0,G01,hidro,64.1
2026-03-28 00:00,12,4,0,G02,hidro,60.612
2026-03-28 00:00,12,4,0,G03,hidro,113.815
2026-03-28 00:00,12,4,0,G04,hidro,171.792
2026-03-28 00:00,12,4,0,G05,hidro,143.2
2026-03-28 00:00,12,4,0,G06,termo,102.818
2026-03-28 00:00,12,4,0,G07,termo,94.459
2026-03-28 00:00,12,4,0,G08,solar,0.0
2026-03-28 00:00,12,4,0,G09,solar,0.0
2026-03-28 00:00,12,4,0,G10,eolica,54.641
2026-03-28 01:00,12,4,1,G01,hidro,63.635
2026-03-28 01:00,12,4,1,G02,hidro,57.136
2026-03-28 01:00,12,4,1,G03,hidro,134.843
2026-03-28 01:00,12,4,1,G04,hidro,147.075
2026-03-28 01:00,12,4,1,G05,hidro,148.164
2026-03-28 01:00,12,4,1,G06,termo,94.538
2026-03-28 01:00,12,4,1,G07,termo,88.408
2026-03-28 01:00,12,4,1,G08,solar,0.0
2026-03-28 01:00,12,4,1,G09,solar,0.0
2026-03-28 01:00,12,4,1,G10,eolica,59.6
2026-03-28 02:00,12,4,2,G01,hidro,61.392
2026-03-28 02:00,12,4,2,G02,hidro,62.085
2026-03-28 02:00,12,4,2,G03,hidro,115.986
2026-03-28 02:00,12,4,2,G04,hidro,166.74
2026-03-28 02:00,12,4,2,G05,hidro,165.552
2026-03-28 02:00,12,4,2,G06,termo,95.324
2026-03-28 02:00,12,4,2,G07,termo,107.571
2026-03-28 02:00,12,4,2,G08,solar,0.0
2026-03-28 02:00,12,4,2,G09,solar,0.0
2026-03-28 02:00,12,4,2,G10,eolica,79.088
2026-03-28 03:00,12,4,3,G01,hidro,61.654
2026-03-28 03:00,12,4,3,G02,hidro,64.066
2026-03-28 03:00,12,4,3,G03,hidro,125.377
2026-03-28 03:00,12,4,3,G04,hidro,171.152
2026-03-28 03:00,12,4,3,G05,hidro,146.721
2026-03-28 03:00,12,4,3,G06,termo,93.752
2026-03-28 03:00,12,4,3,G07,termo,93.099
2026-03-28 03:00,12,4,3,G08,solar,0.0
2026-03-28 03:00,12,4,3,G09,solar,0.0
2026-03-28 03:00,12,4,3,G10,eolica,72.857
2026-03-28 04:00,12,4,4,G01,hidro,55.889
2026-03-28 04:00,12,4,4,G02,hidro,61.936
2026-03-28 04:00,12,4,4,G03,hidro,117.781
2026-03-28 04:00,12,4,4,G04,hidro,153.49
2026-03-28 04:00,12,4,4,G05,hidro,173.583
2026-03-28 04:00,12,4,4,G06,termo,97.437
2026-03-28 04:00,12,4,4,G07,termo,109.118
2026-03-28 04:00,12,4,4,G08,solar,0.0
2026-03-28 04:00,12,4,4,G09,solar,0.0
2026-03-28 04:00,12,4,4,G10,eolica,77.244
2026-03-28 05:00,12,4,5,G01,hidro,57.395
2026-03-28 05:00,12,4,5,G02,hidro,58.312
2026-03-28 05:00,12,4,5,G03,hidro,121.018
2026-03-28 05:00,12,4,5,G04,hidro,141.97
2026-03-28 05:00,12,4,5,G05,hidro,158.418
2026-03-28 05:00,12,4,5,G06,termo,104.031
2026-03-28 05:00,12,4,5,G07,termo,87.456
2026-03-28 05:00,12,4,5,G08,solar,0.0
2026-03-28 05:00,12,4,5,G09,solar,0.0
2026-03-28 05:00,12,4,5,G10,eolica,77.926
2026-03-28 06:00,12,4,6,G01,hidro,51.69
2026-03-28 06:00,12,4,6,G02,hidro,51.506
2026-03-28 06:00,12,4,6,G03,hidro,139.392
2026-03-28 06:00,12,4,6,G04,hidro,163.968
2026-03-28 06:00,12,4,6,G05,hidro,161.139
2026-03-28 06:00,12,4,6,G06,termo,98.757
2026-03-28 06:00,12,4,6,G07,termo,110.282
2026-03-28 06:00,12,4,6,G08,solar,0.0
2026-03-28 06:00,12,4,6,G09,solar,0.0
2026-03-28 06:00,12,4,6,G10,eolica,95.223
2026-03-28 07:00,12,4,7,G01,hidro,87.738
2026-03-28 07:00,12,4,7,G02,hidro,99.355
2026-03-28 07:00,12,4,7,G03,hidro,204.495
2026-03-28 07:00,12,4,7,G04,hidro,245.675
2026-03-28 07:00,12,4,7,G05,hidro,288.913
2026-03-28 07:00,12,4,7,G06,termo,144.109
2026-03-28 07:00,12,4,7,G07,termo,167.634
2026-03-28 07:00,12,4,7,G08,solar,42.633
2026-03-28 07:00,12,4,7,G09,solar,42.689
2026-03-28 07:00,12,4,7,G10,eolica,94.749
2026-03-28 08:00,12,4,8,G01,hidro,83.009
2026-03-28 08:00,12,4,8,G02,hidro,91.797
2026-03-28 08:00,12,4,8,G03,hidro,194.061
2026-03-28 08:00,12,4,8,G04,hidro,236.13
2026-03-28 08:00,12,4,8,G05,hidro,249.48
2026-03-28 08:00,12,4,8,G06,termo,159.925
2026-03-28 08:00,12,4,8,G07,termo,152.096
2026-03-28 08:00,12,4,8,G08,solar,40.821
2026-03-28 08:00,12,4,8,G09,solar,40.214
2026-03-28 08:00,12,4,8,G10,eolica,83.432
2026-03-28 09:00,12,4,9,G01,hidro,99.456
2026-03-28 09:00,12,4,9,G02,hidro,84.331
2026-03-28 09:00,12,4,9,G03,hidro,214.621
2026-03-28 09:00,12,4,9,G04,hidro,281.794
2026-03-28 09:00,12,4,9,G05,hidro,290.617
2026-03-28 09:00,12,4,9,G06,termo,166.132
2026-03-28 09:00,12,4,9,G07,termo,168.22
2026-03-28 09:00,12,4,9,G08,solar,116.95
2026-03-28 09:00,12,4,9,G09,solar,110.013
2026-03-28 09:00,12,4,9,G10,eolica,70.401
2026-03-28 10:00,12,4,10,G01,hidro,92.616
2026-03-28 10:00,12,4,10,G02,hidro,82.729
2026-03-28 10:00,12,4,10,G03,hidro,229.162
2026-03-28 10:00,12,4,10,G04,hidro,278.379
2026-03-28 10:00,12,4,10,G05,hidro,255.44
2026-03-28 10:00,12,4,10,G06,termo,178.239
2026-03-28 10:00,12,4,10,G07,termo,152.564
2026-03-28 10:00,12,4,10,G08,solar,108.878
2026-03-28 10:00,12,4,10,G09,solar,125.498
2026-03-28 10:00,12,4,10,G10,eolica,78.358
2026-03-28 11:00,12,4,11,G01,hidro,98.248
2026-03-28 11:00,12,4,11,G02,hidro,94.141
2026-03-28 11:00,12,4,11,G03,hidro,224.616
2026-03-28 11:00,12,4,11,G04,hidro,230.602
2026-03-28 11:00,12,4,11,G05,hidro,271.259
2026-03-28 11:00,12,4,11,G06,termo,166.757
2026-03-28 11:00,12,4,11,G07,termo,143.194
2026-03-28 11:00,12,4,11,G08,solar,121.091
2026-03-28 11:00,12,4,11,G09,solar,109.349
2026-03-28 11:00,12,4,11,G10,eolica,64.149
2026-03-28 12:00,12,4,12,G01,hidro,103.702
2026-03-28 12:00,12,4,12,G02,hidro,104.725
2026-03-28 12:00,12,4,12,G03,hidro,187.336
2026-03-28 12:00,12,4,12,G04,hidro,240.056
2026-03-28 12:00,12,4,12,G05,hidro,283.7
2026-03-28 12:00,12,4,12,G06,termo,149.731
2026-03-28 12:00,12,4,12,G07,termo,176.887
2026-03-28 12:00,12,4,12,G08,solar,129.26
2026-03-28 12:00,12,4,12,G09,solar,137.673
2026-03-28 12:00,12,4,12,G10,eolica,63.493
2026-03-28 13:00,12,4,13,G01,hidro,86.93
2026-03-28 13:00,12,4,13,G02,hidro,87.413
2026-03-28 13:00,12,4,13,G03,hidro,187.954
2026-03-28 13:00,12,4,13,G04,hidro,229.585
2026-03-28 13:00,12,4,13,G05,hidro,254.808
2026-03-28 13:00,12,4,13,G06,termo,178.132
2026-03-28 13:00,12,4,13,G07,termo,150.889
2026-03-28 13:00,12,4,13,G08,solar,142.567
2026-03-28 13:00,12,4,13,G09,solar,128.212
2026-03-28 13:00,12,4,13,G10,eolica,53.165
2026-03-28 14:00,12,4,14,G01,hidro,96.374
2026-03-28 14:00,12,4,14,G02,hidro,100.711
2026-03-28 14:00,12,4,14,G03,hidro,187.467
2026-03-28 14:00,12,4,14,G04,hidro,266.956
2026-03-28 14:00,12,4,14,G05,hidro,232.179
2026-03-28 14:00,12,4,14,G06,termo,147.006
2026-03-28 14:00,12,4,14,G07,termo,163.669
2026-03-28 14:00,12,4,14,G08,solar,131.64
2026-03-28 14:00,12,4,14,G09,solar,142.639
2026-03-28 14:00,12,4,14,G10,eolica,45.899
2026-03-28 15:00,12,4,15,G01,hidro,90.347
2026-03-28 15:00,12,4,15,G02,hidro,95.42
2026-03-28 15:00,12,4,15,G03,hidro,193.316
2026-03-28 15:00,12,4,15,G04,hidro,251.047
2026-03-28 15:00,12,4,15,G05,hidro,248.334
2026-03-28 15:00,12,4,15,G06,termo,143.283
2026-03-28 15:00,12,4,15,G07,termo,161.106
2026-03-28 15:00,12,4,15,G08,solar,148.181
2026-03-28 15:00,12,4,15,G09,solar,142.416
2026-03-28 15:00,12,4,15,G10,eolica,41.255
2026-03-28 16:00,12,4,16,G01,hidro,95.47
2026-03-28 16:00,12,4,16,G02,hidro,90.871
2026-03-28 16:00,12,4,16,G03,hidro,205.143
2026-03-28 16:00,12,4,16,G04,hidro,256.183
2026-03-28 16:00,12,4,16,G05,hidro,232.04
2026-03-28 16:00,12,4,16,G06,termo,159.228
2026-03-28 16:00,12,4,16,G07,termo,158.798
2026-03-28 16:00,12,4,16,G08,solar,81.537
2026-03-28 16:00,12,4,16,G09,solar,82.29
2026-03-28 16:00,12,4,16,G10,eolica,35.859
2026-03-28 17:00,12,4,17,G01,hidro,88.437
2026-03-28 17:00,12,4,17,G02,hidro,83.167
2026-03-28 17:00,12,4,17,G03,hidro,185.845
2026-03-28 17:00,12,4,17,G04,hidro,285.102
2026-03-28 17:00,12,4,17,G05,hidro,281.349
2026-03-28 17:00,12,4,17,G06,termo,141.816
2026-03-28 17:00,12,4,17,G07,termo,142.266
2026-03-28 17:00,12,4,17,G08,solar,71.636
2026-03-28 17:00,12,4,17,G09,solar,74.191
2026-03-28 17:00,12,4,17,G10,eolica,32.44
2026-03-28 18:00,12,4,18,G01,hidro,83.956
2026-03-28 18:00,12,4,18,G02,hidro,100.705
2026-03-28 18:00,12,4,18,G03,hidro,199.969
2026-03-28 18:00,12,4,18,G04,hidro,241.807
2026-03-28 18:00,12,4,18,G05,hidro,268.244
2026-03-28 18:00,12,4,18,G06,termo,174.201
2026-03-28 18:00,12,4,18,G07,termo,166.469
2026-03-28 18:00,12,4,18,G08,solar,14.903
2026-03-28 18:00,12,4,18,G09,solar,13.455
2026-03-28 18:00,12,4,18,G10,eolica,31.271
2026-03-28 19:00,12,4,19,G01,hidro,91.863
2026-03-28 19:00,12,4,19,G02,hidro,88.873
2026-03-28 19:00,12,4,19,G03,hidro,167.624
2026-03-28 19:00,12,4,19,G04,hidro,242.309
2026-03-28 19:00,12,4,19,G05,hidro,249.972
2026-03-28 19:00,12,4,19,G06,termo,131.387
2026-03-28 19:00,12,4,19,G07,termo,126.781
2026-03-28 19:00,12,4,19,G08,solar,13.174
2026-03-28 19:00,12,4,19,G09,solar,14.979
2026-03-28 19:00,12,4,19,G10,eolica,31.016
2026-03-28 20:00,12,4,20,G01,hidro,76.608
2026-03-28 20:00,12,4,20,G02,hidro,83.697
2026-03-28 20:00,12,4,20,G03,hidro,189.509
2026-03-28 20:00,12,4,20,G04,hidro,222.606
2026-03-28 20:00,12,4,20,G05,hidro,244.536
2026-03-28 20:00,12,4,20,G06,termo,155.225
2026-03-28 20:00,12,4,20,G07,termo,159.791
2026-03-28 20:00,12,4,20,G08,solar,0.0
2026-03-28 20:00,12,4,20,G09,solar,0.0
2026-03-28 20:00,12,4,20,G10,eolica,37.78
2026-03-28 21:00,12,4,21,G01,hidro,77.314
2026-03-28 21:00,12,4,21,G02,hidro,91.264
2026-03-28 21:00,12,4,21,G03,hidro,195.748
2026-03-28 21:00,12,4,21,G04,hidro,226.61
2026-03-28 21:00,12,4,21,G05,hidro,235.892
2026-03-28 21:00,12,4,21,G06,termo,153.685
2026-03-28 21:00,12,4,21,G07,termo,128.733
2026-03-28 21:00,12,4,21,G08,solar,0.0
2026-03-28 21:00,12,4,21,G09,solar,0.0
2026-03-28 21:00,12,4,21,G10,eolica,42.276
2026-03-28 22:00,12,4,22,G01,hidro,88.182
2026-03-28 22:00,12,4,22,G02,hidro,74.536
2026-03-28 22:00,12,4,22,G03,hidro,198.865
2026-03-28 22:00,12,4,22,G04,hidro,241.638
2026-03-28 22:00,12,4,22,G05,hidro,239.742
2026-03-28 22:00,12,4,22,G06,termo,134.377
2026-03-28 22:00,12,4,22,G07,termo,128.96
2026-03-28 22:00,12,4,22,G08,solar,0.0
2026-03-28 22:00,12,4,22,G09,solar,0.0
2026-03-28 22:00,12,4,22,G10,eolica,42.16
2026-03-28 23:00,12,4,23,G01,hidro,63.01
2026-03-28 23:00,12,4,23,G02,hidro,58.785
2026-03-28 23:00,12,4,23,G03,hidro,141.39
2026-03-28 23:00,12,4,23,G04,hidro,191.574
2026-03-28 23:00,12,4,23,G05,hidro,192.565
2026-03-28 23:00,12,4,23,G06,termo,106.483
2026-03-28 23:00,12,4,23,G07,termo,117.662
2026-03-28 23:00,12,4,23,G08,solar,0.0
2026-03-28 23:00,12,4,23,G09,solar,0.0
2026-03-28 23:00,12,4,23,G10,eolica,48.987
2026-03-29 00:00,12,5,0,G01,hidro,57.026
2026-03-29 00:00,12,5,0,G02,hidro,61.073
2026-03-29 00:00,12,5,0,G03,hidro,138.22
2026-03-29 00:00,12,5,0,G04,hidro,156.158
2026-03-29 00:00,12,5,0,G05,hidro,164.398
2026-03-29 00:00,12,5,0,G06,termo,101.887
2026-03-29 00:00,12,5,0,G07,termo,92.355
2026-03-29 00:00,12,5,0,G08,solar,0.0
2026-03-29 00:00,12,5,0,G09,solar,0.0
2026-03-29 00:00,12,5,0,G10,eolica,61.585
2026-03-29 01:00,12,5,1,G01,hidro,57.258
2026-03-29 01:00,12,5,1,G02,hidro,59.656
2026-03-29 01:00,12,5,1,G03,hidro,138.909
2026-03-29 01:00,12,5,1,G04,hidro,146.3
2026-03-29 01:00,12,5,1,G05,hidro,166.403
2026-03-29 01:00,12,5,1,G06,termo,104.693
2026-03-29 01:00,12,5,1,G07,termo,90.473
2026-03-29 01:00,12,5,1,G08,solar,0.0
2026-03-29 01:00,12,5,1,G09,solar,0.0
2026-03-29 01:00,12,5,1,G10,eolica,70.268
2026-03-29 02:00,12,5,2,G01,hidro,52.177
2026-03-29 02:00,12,5,2,G02,hidro,61.488
2026-03-29 02:00,12,5,2,G03,hidro,117.338
2026-03-29 02:00,12,5,2,G04,hidro,157.369
2026-03-29 02:00,12,5,2,G05,hidro,181.208
2026-03-29 02:00,12,5,2,G06,termo,86.593
2026-03-29 02:00,12,5,2,G07,termo,87.11
2026-03-29 02:00,12,5,2,G08,solar,0.0
2026-03-29 02:00,12,5,2,G09,solar,0.0
2026-03-29 02:00,12,5,2,G10,eolica,73.731
2026-03-29 03:00,12,5,3,G01,hidro,53.606
2026-03-29 03:00,12,5,3,G02,hidro,55.871
2026-03-29 03:00,12,5,3,G03,hidro,129.416
2026-03-29 03:00,12,5,3,G04,hidro,143.117
2026-03-29 03:00,12,5,3,G05,hidro,173.116
2026-03-29 03:00,12,5,3,G06,termo,94.849
2026-03-29 03:00,12,5,3,G07,termo,91.64
2026-03-29 03:00,12,5,3,G08,solar,0.0
2026-03-29 03:00,12,5,3,G09,solar,0.0
2026-03-29 03:00,12,5,3,G10,eolica,79.506
2026-03-29 04:00,12,5,4,G01,hidro,58.701
2026-03-29 04:00,12,5,4,G02,hidro,54.513
2026-03-29 04:00,12,5,4,G03,hidro,123.65
2026-03-29 04:00,12,5,4,G04,hidro,180.594
2026-03-29 04:00,12,5,4,G05,hidro,151.694
2026-03-29 04:00,12,5,4,G06,termo,104.789
2026-03-29 04:00,12,5,4,G07,termo,90.948
2026-03-29 04:00,12,5,4,G08,solar,0.0
2026-03-29 04:00,12,5,4,G09,solar,0.0
2026-03-29 04:00,12,5,4,G10,eolica,84.276
2026-03-29 05:00,12,5,5,G01,hidro,59.236
2026-03-29 05:00,12,5,5,G02,hidro,56.351
2026-03-29 05:00,12,5,5,G03,hidro,115.474
2026-03-29 05:00,12,5,5,G04,hidro,180.123
2026-03-29 05:00,12,5,5,G05,hidro,152.085
2026-03-29 05:00,12,5,5,G06,termo,107.295
2026-03-29 05:00,12,5,5,G07,termo,94.217
2026-03-29 05:00,12,5,5,G08,solar,0.0
2026-03-29 05:00,12,5,5,G09,solar,0.0
2026-03-29 05:00,12,5,5,G10,eolica,78.827
2026-03-29 06:00,12,5,6,G01,hidro,59.333
2026-03-29 06:00,12,5,6,G02,hidro,54.481
2026-03-29 06:00,12,5,6,G03,hidro,117.649
2026-03-29 06:00,12,5,6,G04,hidro,157.34
2026-03-29 06:00,12,5,6,G05,hidro,171.509
2026-03-29 06:00,12,5,6,G06,termo,105.228
2026-03-29 06:00,12,5,6,G07,termo,89.572
2026-03-29 06:00,12,5,6,G08,solar,0.0
2026-03-29 06:00,12,5,6,G09,solar,0.0
2026-03-29 06:00,12,5,6,G10,eolica,88.924
2026-03-29 07:00,12,5,7,G01,hidro,101.715
2026-03-29 07:00,12,5,7,G02,hidro,86.181
2026-03-29 07:00,12,5,7,G03,hidro,195.654
2026-03-29 07:00,12,5,7,G04,hidro,230.977
2026-03-29 07:00,12,5,7,G05,hidro,269.717
2026-03-29 07:00,12,5,7,G06,termo,167.327
2026-03-29 07:00,12,5,7,G07,termo,153.73
2026-03-29 07:00,12,5,7,G08,solar,43.651
2026-03-29 07:00,12,5,7,G09,solar,39.387
2026-03-29 07:00,12,5,7,G10,eolica,76.177
2026-03-29 08:00,12,5,8,G01,hidro,97.432
2026-03-29 08:00,12,5,8,G02,hidro,87.767
2026-03-29 08:00,12,5,8,G03,hidro,186.552
2026-03-29 08:00,12,5,8,G04,hidro,287.84
2026-03-29 08:00,12,5,8,G05,hidro,291.565
2026-03-29 08:00,12,5,8,G06,termo,176.466
2026-03-29 08:00,12,5,8,G07,termo,176.958
2026-03-29 08:00,12,5,8,G08,solar,43.104
2026-03-29 08:00,12,5,8,G09,solar,44.471
2026-03-29 08:00,12,5,8,G10,eolica,78.837
2026-03-29 09:00,12,5,9,G01,hidro,104.378
2026-03-29 09:00,12,5,9,G02,hidro,90.802
2026-03-29 09:00,12,5,9,G03,hidro,218.982
2026-03-29 09:00,12,5,9,G04,hidro,236.595
2026-03-29 09:00,12,5,9,G05,hidro,285.481
2026-03-29 09:00,12,5,9,G06,termo,153.884
2026-03-29 09:00,12,5,9,G07,termo,150.818
2026-03-29 09:00,12,5,9,G08,solar,119.957
2026-03-29 09:00,12,5,9,G09,solar,118.518
2026-03-29 09:00,12,5,9,G10,eolica,74.924
2026-03-29 10:00,12,5,10,G01,hidro,87.809
2026-03-29 10:00,12,5,10,G02,hidro,102.533
2026-03-29 10:00,12,5,10,G03,hidro,229.659
2026-03-29 10:00,12,5,10,G04,hidro,281.045
2026-03-29 10:00,12,5,10,G05,hidro,290.805
2026-03-29 10:00,12,5,10,G06,termo,148.661
2026-03-29 10:00,12,5,10,G07,termo,139.671
2026-03-29 10:00,12,5,10,G08,solar,122.562
2026-03-29 10:00,12,5,10,G09,solar,116.66
2026-03-29 10:00,12,5,10,G10,eolica,72.755
2026-03-29 11:00,12,5,11,G01,hidro,98.522
2026-03-29 11:00,12,5,11,G02,hidro,91.923
2026-03-29 11:00,12,5,11,G03,hidro,193.612
2026-03-29 11:00,12,5,11,G04,hidro,281.274
2026-03-29 11:00,12,5,11,G05,hidro,244.744
2026-03-29 11:00,12,5,11,G06,termo,162.45
2026-03-29 11:00,12,5,11,G07,termo,169.605
2026-03-29 11:00,12,5,11,G08,solar,122.587
2026-03-29 11:00,12,5,11,G09,solar,125.334
2026-03-29 11:00,12,5,11,G10,eolica,59.89
2026-03-29 12:00,12,5,12,G01,hidro,96.144
2026-03-29 12:00,12,5,12,G02,hidro,84.654
2026-03-29 12:00,12,5,12,G03,hidro,221.052
2026-03-29 12:00,12,5,12,G04,hidro,239.695
2026-03-29 12:00,12,5,12,G05,hidro,253.338
2026-03-29 12:00,12,5,12,G06,termo,170.586
2026-03-29 12:00,12,5,12,G07,termo,141.943
2026-03-29 12:00,12,5,12,G08,solar,142.394
2026-03-29 12:00,12,5,12,G09,solar,133.234
2026-03-29 12:00,12,5,12,G10,eolica,62.48
2026-03-29 13:00,12,5,13,G01,hidro,98.961
2026-03-29 13:00,12,5,13,G02,hidro,92.366
2026-03-29 13:00,12,5,13,G03,hidro,180.425
2026-03-29 13:00,12,5,13,G04,hidro,267.004
2026-03-29 13:00,12,5,13,G05,hidro,238.027
2026-03-29 13:00,12,5,13,G06,termo,144.168
2026-03-29 13:00,12,5,13,G07,termo,145.489
2026-03-29 13:00,12,5,13,G08,solar,136.869
2026-03-29 13:00,12,5,13,G09,solar,138.933
2026-03-29 13:00,12,5,13,G10,eolica,55.493
2026-03-29 14:00,12,5,14,G01,hidro,103.625
2026-03-29 14:00,12,5,14,G02,hidro,91.21
2026-03-29 14:00,12,5,14,G03,hidro,208.02
2026-03-29 14:00,12,5,14,G04,hidro,247.987
2026-03-29 14:00,12,5,14,G05,hidro,258.003
2026-03-29 14:00,12,5,14,G06,termo,175.052
2026-03-29 14:00,12,5,14,G07,termo,140.794
2026-03-29 14:00,12,5,14,G08,solar,133.056
2026-03-29 14:00,12,5,14,G09,solar,130.833
2026-03-29 14:00,12,5,14,G10,eolica,50.393
2026-03-29 15:00,12,5,15,G01,hidro,97.039
2026-03-29 15:00,12,5,15,G02,hidro,99.752
2026-03-29 15:00,12,5,15,G03,hidro,208.489
2026-03-29 15:00,12,5,15,G04,hidro,232.103
2026-03-29 15:00,12,5,15,G05,hidro,290.266
2026-03-29 15:00,12,5,15,G06,termo,145.749
2026-03-29 15:00,12,5,15,G07,termo,141.982
2026-03-29 15:00,12,5,15,G08,solar,142.14
2026-03-29 15:00,12,5,15,G09,solar,132.344
2026-03-29 15:00,12,5,15,G10,eolica,37.855
2026-03-29 16:00,12,5,16,G01,hidro,101.923
2026-03-29 16:00,12,5,16,G02,hidro,102.027
2026-03-29 16:00,12,5,16,G03,hidro,191.785
2026-03-29 16:00,12,5,16,G04,hidro,236.203
2026-03-29 16:00,12,5,16,G05,hidro,271.732
2026-03-29 16:00,12,5,16,G06,termo,158.294
2026-03-29 16:00,12,5,16,G07,termo,143.261
2026-03-29 16:00,12,5,16,G08,solar,81.213
2026-03-29 16:00,12,5,16,G09,solar,73.779
2026-03-29 16:00,12,5,16,G10,eolica,37.641
2026-03-29 17:00,12,5,17,G01,hidro,90.001
2026-03-29 17:00,12,5,17,G02,hidro,83.907
2026-03-29 17:00,12,5,17,G03,hidro,209.385
2026-03-29 17:00,12,5,17,G04,hidro,237.537
2026-03-29 17:00,12,5,17,G05,hidro,274.074
2026-03-29 17:00,12,5,17,G06,termo,140.089
2026-03-29 17:00,12,5,17,G07,termo,162.471
2026-03-29 17:00,12,5,17,G08,solar,75.967
2026-03-29 17:00,12,5,17,G09,solar,82.024
2026-03-29 17:00,12,5,17,G10,eolica,29.856
2026-03-29 18:00,12,5,18,G01,hidro,96.461
2026-03-29 18:00,12,5,18,G02,hidro,93.949
2026-03-29 18:00,12,5,18,G03,hidro,227.35
2026-03-29 18:00,12,5,18,G04,hidro,236.944
2026-03-29 18:00,12,5,18,G05,hidro,255.081
2026-03-29 18:00,12,5,18,G06,termo,165.73
2026-03-29 18:00,12,5,18,G07,termo,152.284
2026-03-29 18:00,12,5,18,G08,solar,13.872
2026-03-29 18:00,12,5,18,G09,solar,12.978
2026-03-29 18:00,12,5,18,G10,eolica,32.894
2026-03-29 19:00,12,5,19,G01,hidro,87.804
2026-03-29 19:00,12,5,19,G02,hidro,77.898
2026-03-29 19:00,12,5,19,G03,hidro,206.191
2026-03-29 19:00,12,5,19,G04,hidro,210.033
2026-03-29 19:00,12,5,19,G05,hidro,265.791
2026-03-29 19:00,12,5,19,G06,termo,152.861
2026-03-29 19:00,12,5,19,G07,termo,156.204
2026-03-29 19:00,12,5,19,G08,solar,13.169
2026-03-29 19:00,12,5,19,G09,solar,13.25
2026-03-29 19:00,12,5,19,G10,eolica,31.161
2026-03-29 20:00,12,5,20,G01,hidro,84.405
2026-03-29 20:00,12,5,20,G02,hidro,87.261
2026-03-29 20:00,12,5,20,G03,hidro,192.364
2026-03-29 20:00,12,5,20,G04,hidro,225.182
2026-03-29 20:00,12,5,20,G05,hidro,239.491
2026-03-29 20:00,12,5,20,G06,termo,131.299
2026-03-29 20:00,12,5,20,G07,termo,144.348
2026-03-29 20:00,12,5,20,G08,solar,0.0
2026-03-29 20:00,12,5,20,G09,solar,0.0
2026-03-29 20:00,12,5,20,G10,eolica,39.271
2026-03-29 21:00,12,5,21,G01,hidro,89.42
2026-03-29 21:00,12,5,21,G02,hidro,94.122
2026-03-29 21:00,12,5,21,G03,hidro,168.507
2026-03-29 21:00,12,5,21,G04,hidro,244.093
2026-03-29 21:00,12,5,21,G05,hidro,212.765
2026-03-29 21:00,12,5,21,G06,termo,161.477
2026-03-29 21:00,12,5,21,G07,termo,132.226
2026-03-29 21:00,12,5,21,G08,solar,0.0
2026-03-29 21:00,12,5,21,G09,solar,0.0
2026-03-29 21:00,12,5,21,G10,eolica,38.58
2026-03-29 22:00,12,5,22,G01,hidro,93.595
2026-03-29 22:00,12,5,22,G02,hidro,94.292
2026-03-29 22:00,12,5,22,G03,hidro,183.566
2026-03-29 22:00,12,5,22,G04,hidro,229.321
2026-03-29 22:00,12,5,22,G05,hidro,220.842
2026-03-29 22:00,12,5,22,G06,termo,143.048
2026-03-29 22:00,12,5,22,G07,termo,131.832
2026-03-29 22:00,12,5,22,G08,solar,0.0
2026-03-29 22:00,12,5,22,G09,solar,0.0
2026-03-29 22:00,12,5,22,G10,eolica,41.544
2026-03-29 23:00,12,5,23,G01,hidro,69.478
2026-03-29 23:00,12,5,23,G02,hidro,67.148
2026-03-29 23:00,12,5,23,G03,hidro,144.919
2026-03-29 23:00,12,5,23,G04,hidro,157.681
2026-03-29 23:00,12,5,23,G05,hidro,165.45
2026-03-29 23:00,12,5,23,G06,termo,94.064
2026-03-29 23:00,12,5,23,G07,termo,109.985
2026-03-29 23:00,12,5,23,G08,solar,0.0
2026-03-29 23:00,12,5,23,G09,solar,0.0
2026-03-29 23:00,12,5,23,G10,eolica,48.807
2026-03-30 00:00,12,6,0,G01,hidro,64.682
2026-03-30 00:00,12,6,0,G02,hidro,54.757
2026-03-30 00:00,12,6,0,G03,hidro,126.838
2026-03-30 00:00,12,6,0,G04,hidro,176.143
2026-03-30 00:00,12,6,0,G05,hidro,144.923
2026-03-30 00:00,12,6,0,G06,termo,106.973
2026-03-30 00:00,12,6,0,G07,termo,88.624
2026-03-30 00:00,12,6,0,G08,solar,0.0
2026-03-30 00:00,12,6,0,G09,solar,0.0
2026-03-30 00:00,12,6,0,G10,eolica,54.147
2026-03-30 01:00,12,6,1,G01,hidro,60.425
2026-03-30 01:00,12,6,1,G02,hidro,60.758
2026-03-30 01:00,12,6,1,G03,hidro,131.428
2026-03-30 01:00,12,6,1,G04,hidro,157.118
2026-03-30 01:00,12,6,1,G05,hidro,163.543
2026-03-30 01:00,12,6,1,G06,termo,89.683
2026-03-30 01:00,12,6,1,G07,termo,88.324
2026-03-30 01:00,12,6,1,G08,solar,0.0
2026-03-30 01:00,12,6,1,G09,solar,0.0
2026-03-30 01:00,12,6,1,G10,eolica,71.419
2026-03-30 02:00,12,6,2,G01,hidro,64.53
2026-03-30 02:00,12,6,2,G02,hidro,61.241
2026-03-30 02:00,12,6,2,G03,hidro,119.601
2026-03-30 02:00,12,6,2,G04,hidro,150.369
2026-03-30 02:00,12,6,2,G05,hidro,168.166
2026-03-30 02:00,12,6,2,G06,termo,88.159
2026-03-30 02:00,12,6,2,G07,termo,90.635
2026-03-30 02:00,12,6,2,G08,solar,0.0
2026-03-30 02:00,12,6,2,G09,solar,0.0
2026-03-30 02:00,12,6,2,G10,eolica,69.716
2026-03-30 03:00,12,6,3,G01,hidro,58.208
2026-03-30 03:00,12,6,3,G02,hidro,55.137
2026-03-30 03:00,12,6,3,G03,hidro,123.288
2026-03-30 03:00,12,6,3,G04,hidro,175.846
2026-03-30 03:00,12,6,3,G05,hidro,180.306
2026-03-30 03:00,12,6,3,G06,termo,105.029
2026-03-30 03:00,12,6,3,G07,termo,91.106
2026-03-30 03:00,12,6,3,G08,solar,0.0
2026-03-30 03:00,12,6,3,G09,solar,0.0
2026-03-30 03:00,12,6,3,G10,eolica,80.89
2026-03-30 04:00,12,6,4,G01,hidro,60.999
2026-03-30 04:00,12,6,4,G02,hidro,62.661
2026-03-30 04:00,12,6,4,G03,hidro,134.181
2026-03-30 04:00,12,6,4,G04,hidro,142.196
2026-03-30 04:00,12,6,4,G05,hidro,164.15
2026-03-30 04:00,12,6,4,G06,termo,93.038
2026-03-30 04:00,12,6,4,G07,termo,102.731
2026-03-30 04:00,12,6,4,G08,solar,0.0
2026-03-30 04:00,12,6,4,G09,solar,0.0
2026-03-30 04:00,12,6,4,G10,eolica,91.3
2026-03-30 05:00,12,6,5,G01,hidro,62.022
2026-03-30 05:00,12,6,5,G02,hidro,59.882
2026-03-30 05:00,12,6,5,G03,hidro,115.214
2026-03-30 05:00,12,6,5,G04,hidro,169.933
2026-03-30 05:00,12,6,5,G05,hidro,171.906
2026-03-30 05:00,12,6,5,G06,termo,104.243
2026-03-30 05:00,12,6,5,G07,termo,106.016
2026-03-30 05:00,12,6,5,G08,solar,0.0
2026-03-30 05:00,12,6,5,G09,solar,0.0
2026-03-30 05:00,12,6,5,G10,eolica,91.803
2026-03-30 06:00,12,6,6,G01,hidro,55.882
2026-03-30 06:00,12,6,6,G02,hidro,56.127
2026-03-30 06:00,12,6,6,G03,hidro,117.53
2026-03-30 06:00,12,6,6,G04,hidro,149.697
2026-03-30 06:00,12,6,6,G05,hidro,145.042
2026-03-30 06:00,12,6,6,G06,termo,93.441
2026-03-30 06:00,12,6,6,G07,termo,94.982
2026-03-30 06:00,12,6,6,G08,solar,0.0
2026-03-30 06:00,12,6,6,G09,solar,0.0
2026-03-30 06:00,12,6,6,G10,eolica,87.252
2026-03-30 07:00,12,6,7,G01,hidro,84.794
2026-03-30 07:00,12,6,7,G02,hidro,102.59
2026-03-30 07:00,12,6,7,G03,hidro,192.914
2026-03-30 07:00,12,6,7,G04,hidro,242.474
2026-03-30 07:00,12,6,7,G05,hidro,282.037
2026-03-30 07:00,12,6,7,G06,termo,174.115
2026-03-30 07:00,12,6,7,G07,termo,162.887
2026-03-30 07:00,12,6,7,G08,solar,39.729
2026-03-30 07:00,12,6,7,G09,solar,44.546
2026-03-30 07:00,12,6,7,G10,eolica,93.922
2026-03-30 08:00,12,6,8,G01,hidro,82.912
2026-03-30 08:00,12,6,8,G02,hidro,101.174
2026-03-30 08:00,12,6,8,G03,hidro,208.126
2026-03-30 08:00,12,6,8,G04,hidro,267.211
2026-03-30 08:00,12,6,8,G05,hidro,255.838
2026-03-30 08:00,12,6,8,G06,termo,158.608
2026-03-30 08:00,12,6,8,G07,termo,171.287
2026-03-30 08:00,12,6,8,G08,solar,44.704
2026-03-30 08:00,12,6,8,G09,solar,42.784
2026-03-30 08:00,12,6,8,G10,eolica,73.748
2026-03-30 09:00,12,6,9,G01,hidro,82.852
2026-03-30 09:00,12,6,9,G02,hidro,89.928
2026-03-30 09:00,12,6,9,G03,hidro,228.326
2026-03-30 09:00,12,6,9,G04,hidro,250.902
2026-03-30 09:00,12,6,9,G05,hidro,249.332
2026-03-30 09:00,12,6,9,G06,termo,150.31
2026-03-30 09:00,12,6,9,G07,termo,144.478
2026-03-30 09:00,12,6,9,G08,solar,125.551
2026-03-30 09:00,12,6,9,G09,solar,121.363
2026-03-30 09:00,12,6,9,G10,eolica,72.705
2026-03-30 10:00,12,6,10,G01,hidro,95.406
2026-03-30 10:00,12,6,10,G02,hidro,82.558
2026-03-30 10:00,12,6,10,G03,hidro,198.482
2026-03-30 10:00,12,6,10,G04,hidro,245.23
2026-03-30 10:00,12,6,10,G05,hidro,288.439
2026-03-30 10:00,12,6,10,G06,termo,144.18
2026-03-30 10:00,12,6,10,G07,termo,168.034
2026-03-30 10:00,12,6,10,G08,solar,109.806
2026-03-30 10:00,12,6,10,G09,solar,109.112
2026-03-30 10:00,12,6,10,G10,eolica,67.856
2026-03-30 11:00,12,6,11,G01,hidro,96.475
2026-03-30 11:00,12,6,11,G02,hidro,97.578
2026-03-30 11:00,12,6,11,G03,hidro,180.56
2026-03-30 11:00,12,6,11,G04,hidro,265.608
2026-03-30 11:00,12,6,11,G05,hidro,245.71
2026-03-30 11:00,12,6,11,G06,termo,173.538
2026-03-30 11:00,12,6,11,G07,termo,171.679
2026-03-30 11:00,12,6,11,G08,solar,123.236
2026-03-30 11:00,12,6,11,G09,solar,120.195
2026-03-30 11:00,12,6,11,G10,eolica,66.28
2026-03-30 12:00,12,6,12,G01,hidro,89.62
2026-03-30 12:00,12,6,12,G02,hidro,92.705
2026-03-30 12:00,12,6,12,G03,hidro,200.878
2026-03-30 12:00,12,6,12,G04,hidro,236.932
2026-03-30 12:00,12,6,12,G05,hidro,260.655
2026-03-30 12:00,12,6,12,G06,termo,178.134
2026-03-30 12:00,12,6,12,G07,termo,173.13
2026-03-30 12:00,12,6,12,G08,solar,133.088
2026-03-30 12:00,12,6,12,G09,solar,147.199
2026-03-30 12:00,12,6,12,G10,eolica,57.051
2026-03-30 13:00,12,6,13,G01,hidro,97.669
2026-03-30 13:00,12,6,13,G02,hidro,84.936
2026-03-30 13:00,12,6,13,G03,hidro,224.821
2026-03-30 13:00,12,6,13,G04,hidro,262.575
2026-03-30 13:00,12,6,13,G05,hidro,280.322
2026-03-30 13:00,12,6,13,G06,termo,153.568
2026-03-30 13:00,12,6,13,G07,termo,154.988
2026-03-30 13:00,12,6,13,G08,solar,139.809
2026-03-30 13:00,12,6,13,G09,solar,136.458
2026-03-30 13:00,12,6,13,G10,eolica,52.68
2026-03-30 14:00,12,6,14,G01,hidro,82.601
2026-03-30 14:00,12,6,14,G02,hidro,104.755
2026-03-30 14:00,12,6,14,G03,hidro,222.694
2026-03-30 14:00,12,6,14,G04,hidro,234.424
2026-03-30 14:00,12,6,14,G05,hidro,230.454
2026-03-30 14:00,12,6,14,G06,termo,145.441
2026-03-30 14:00,12,6,14,G07,termo,146.517
2026-03-30 14:00,12,6,14,G08,solar,147.809
2026-03-30 14:00,12,6,14,G09,solar,144.752
2026-03-30 14:00,12,6,14,G10,eolica,41.375
2026-03-30 15:00,12,6,15,G01,hidro,104.216
2026-03-30 15:00,12,6,15,G02,hidro,96.844
2026-03-30 15:00,12,6,15,G03,hidro,207.842
2026-03-30 15:00,12,6,15,G04,hidro,244.395
2026-03-30 15:00,12,6,15,G05,hidro,239.955
2026-03-30 15:00,12,6,15,G06,termo,163.307
2026-03-30 15:00,12,6,15,G07,termo,157.068
2026-03-30 15:00,12,6,15,G08,solar,132.396
2026-03-30 15:00,12,6,15,G09,solar,140.441
2026-03-30 15:00,12,6,15,G10,eolica,39.03
2026-03-30 16:00,12,6,16,G01,hidro,82.69
2026-03-30 16:00,12,6,16,G02,hidro,92.938
2026-03-30 16:00,12,6,16,G03,hidro,197.866
2026-03-30 16:00,12,6,16,G04,hidro,232.937
2026-03-30 16:00,12,6,16,G05,hidro,256.789
2026-03-30 16:00,12,6,16,G06,termo,152.011
2026-03-30 16:00,12,6,16,G07,termo,168.067
2026-03-30 16:00,12,6,16,G08,solar,75.005
2026-03-30 16:00,12,6,16,G09,solar,72.024
2026-03-30 16:00,12,6,16,G10,eolica,38.93
2026-03-30 17:00,12,6,17,G01,hidro,97.29
2026-03-30 17:00,12,6,17,G02,hidro,93.649
2026-03-30 17:00,12,6,17,G03,hidro,227.193
2026-03-30 17:00,12,6,17,G04,hidro,282.596
2026-03-30 17:00,12,6,17,G05,hidro,247.717
2026-03-30 17:00,12,6,17,G06,termo,150.228
2026-03-30 17:00,12,6,17,G07,termo,148.033
2026-03-30 17:00,12,6,17,G08,solar,77.403
2026-03-30 17:00,12,6,17,G09,solar,78.564
2026-03-30 17:00,12,6,17,G10,eolica,31.707
2026-03-30 18:00,12,6,18,G01,hidro,83.043
2026-03-30 18:00,12,6,18,G02,hidro,88.882
2026-03-30 18:00,12,6,18,G03,hidro,212.457
2026-03-30 18:00,12,6,18,G04,hidro,257.27
2026-03-30 18:00,12,6,18,G05,hidro,242.27
2026-03-30 18:00,12,6,18,G06,termo,157.791
2026-03-30 18:00,12,6,18,G07,termo,156.228
2026-03-30 18:00,12,6,18,G08,solar,13.322
2026-03-30 18:00,12,6,18,G09,solar,14.862
2026-03-30 18:00,12,6,18,G10,eolica,29.018
2026-03-30 19:00,12,6,19,G01,hidro,86.205
2026-03-30 19:00,12,6,19,G02,hidro,78.16
2026-03-30 19:00,12,6,19,G03,hidro,205.592
2026-03-30 19:00,12,6,19,G04,hidro,262.417
2026-03-30 19:00,12,6,19,G05,hidro,210.925
2026-03-30 19:00,12,6,19,G06,termo,157.012
2026-03-30 19:00,12,6,19,G07,termo,148.709
2026-03-30 19:00,12,6,19,G08,solar,14.233
2026-03-30 19:00,12,6,19,G09,solar,14.99
2026-03-30 19:00,12,6,19,G10,eolica,31.567
2026-03-30 20:00,12,6,20,G01,hidro,91.001
2026-03-30 20:00,12,6,20,G02,hidro,89.815
2026-03-30 20:00,12,6,20,G03,hidro,207.066
2026-03-30 20:00,12,6,20,G04,hidro,262.49
2026-03-30 20:00,12,6,20,G05,hidro,265.804
2026-03-30 20:00,12,6,20,G06,termo,143.008
2026-03-30 20:00,12,6,20,G07,termo,135.087
2026-03-30 20:00,12,6,20,G08,solar,0.0
2026-03-30 20:00,12,6,20,G09,solar,0.0
2026-03-30 20:00,12,6,20,G10,eolica,37.935
2026-03-30 21:00,12,6,21,G01,hidro,78.822
2026-03-30 21:00,12,6,21,G02,hidro,76.642
2026-03-30 21:00,12,6,21,G03,hidro,181.098
2026-03-30 21:00,12,6,21,G04,hidro,257.253
2026-03-30 21:00,12,6,21,G05,hidro,209.307
2026-03-30 21:00,12,6,21,G06,termo,151.781
2026-03-30 21:00,12,6,21,G07,termo,156.495
2026-03-30 21:00,12,6,21,G08,solar,0.0
2026-03-30 21:00,12,6,21,G09,solar,0.0
2026-03-30 21:00,12,6,21,G10,eolica,43.074
2026-03-30 22:00,12,6,22,G01,hidro,77.308
2026-03-30 22:00,12,6,22,G02,hidro,77.877
2026-03-30 22:00,12,6,22,G03,hidro,177.791
2026-03-30 22:00,12,6,22,G04,hidro,245.675
2026-03-30 22:00,12,6,22,G05,hidro,234.767
2026-03-30 22:00,12,6,22,G06,termo,132.617
2026-03-30 22:00,12,6,22,G07,termo,161.476
2026-03-30 22:00,12,6,22,G08,solar,0.0
2026-03-30 22:00,12,6,22,G09,solar,0.0
2026-03-30 22:00,12,6,22,G10,eolica,42.518
2026-03-30 23:00,12,6,23,G01,hidro,56.776
2026-03-30 23:00,12,6,23,G02,hidro,69.807
2026-03-30 23:00,12,6,23,G03,hidro,129.842
2026-03-30 23:00,12,6,23,G04,hidro,155.022
2026-03-30 23:00,12,6,23,G05,hidro,180.797
2026-03-30 23:00,12,6,23,G06,termo,97.901
2026-03-30 23:00,12,6,23,G07,termo,112.178
2026-03-30 23:00,12,6,23,G08,solar,0.0
2026-03-30 23:00,12,6,23,G09,solar,0.0
2026-03-30 23:00,12,6,23,G10,eolica,51.866
